*******************************************************************************
 Roman Space Telescope at the Sun-Earth L2 point, for VBMicrolensing (satellite 1)
 GENERATED by tools/make_roman_l2_ephemeris.py -- do not edit by hand.
   .roman/bin/python tools/make_roman_l2_ephemeris.py
 Position: GEOCENTRIC, in the anti-Sun direction (RA of the Sun + 180 deg, Dec of the Sun
 negated), at L2_KM / AU_KM = 0.01002673796791 AU (config/parameters.h). Halo orbit not modelled.
 Source of the Sun direction: external/VBMicrolensing/data/SunEphemeris.txt (JPL Horizons,
 DE441, geocentric Sun, ICRF), rows on the same integer-JD grid, so nothing is interpolated.
 Layout as Horizons writes it, which is what VBMicrolensing parses: JD, RA [deg], Dec [deg],
 delta [AU], deldot [km/s] (zero here), between the SOE and EOE markers.
*******************************************************************************
Date_________JDUT     R.A.___(ICRF)___DEC             delta      deldot
***********************************************************************
$$SOE
2461000.000000000   55.80628  19.72537  0.01002673796791   0.0000000
2461001.000000000   56.85353  19.94807  0.01002673796791   0.0000000
2461002.000000000   57.90410  20.16470  0.01002673796791   0.0000000
2461003.000000000   58.95794  20.37514  0.01002673796791   0.0000000
2461004.000000000   60.01499  20.57931  0.01002673796791   0.0000000
2461005.000000000   61.07517  20.77709  0.01002673796791   0.0000000
2461006.000000000   62.13841  20.96841  0.01002673796791   0.0000000
2461007.000000000   63.20465  21.15316  0.01002673796791   0.0000000
2461008.000000000   64.27380  21.33127  0.01002673796791   0.0000000
2461009.000000000   65.34579  21.50265  0.01002673796791   0.0000000
2461010.000000000   66.42053  21.66721  0.01002673796791   0.0000000
2461011.000000000   67.49795  21.82488  0.01002673796791   0.0000000
2461012.000000000   68.57797  21.97559  0.01002673796791   0.0000000
2461013.000000000   69.66051  22.11926  0.01002673796791   0.0000000
2461014.000000000   70.74551  22.25583  0.01002673796791   0.0000000
2461015.000000000   71.83287  22.38523  0.01002673796791   0.0000000
2461016.000000000   72.92254  22.50740  0.01002673796791   0.0000000
2461017.000000000   74.01441  22.62226  0.01002673796791   0.0000000
2461018.000000000   75.10841  22.72977  0.01002673796791   0.0000000
2461019.000000000   76.20443  22.82986  0.01002673796791   0.0000000
2461020.000000000   77.30236  22.92247  0.01002673796791   0.0000000
2461021.000000000   78.40208  23.00756  0.01002673796791   0.0000000
2461022.000000000   79.50348  23.08506  0.01002673796791   0.0000000
2461023.000000000   80.60641  23.15494  0.01002673796791   0.0000000
2461024.000000000   81.71075  23.21715  0.01002673796791   0.0000000
2461025.000000000   82.81636  23.27164  0.01002673796791   0.0000000
2461026.000000000   83.92308  23.31840  0.01002673796791   0.0000000
2461027.000000000   85.03077  23.35738  0.01002673796791   0.0000000
2461028.000000000   86.13928  23.38855  0.01002673796791   0.0000000
2461029.000000000   87.24846  23.41191  0.01002673796791   0.0000000
2461030.000000000   88.35814  23.42743  0.01002673796791   0.0000000
2461031.000000000   89.46818  23.43510  0.01002673796791   0.0000000
2461032.000000000   90.57841  23.43492  0.01002673796791   0.0000000
2461033.000000000   91.68867  23.42688  0.01002673796791   0.0000000
2461034.000000000   92.79881  23.41099  0.01002673796791   0.0000000
2461035.000000000   93.90867  23.38725  0.01002673796791   0.0000000
2461036.000000000   95.01809  23.35569  0.01002673796791   0.0000000
2461037.000000000   96.12693  23.31631  0.01002673796791   0.0000000
2461038.000000000   97.23504  23.26913  0.01002673796791   0.0000000
2461039.000000000   98.34227  23.21420  0.01002673796791   0.0000000
2461040.000000000   99.44850  23.15152  0.01002673796791   0.0000000
2461041.000000000  100.55361  23.08115  0.01002673796791   0.0000000
2461042.000000000  101.65746  23.00311  0.01002673796791   0.0000000
2461043.000000000  102.75996  22.91743  0.01002673796791   0.0000000
2461044.000000000  103.86100  22.82417  0.01002673796791   0.0000000
2461045.000000000  104.96047  22.72336  0.01002673796791   0.0000000
2461046.000000000  106.05828  22.61505  0.01002673796791   0.0000000
2461047.000000000  107.15433  22.49929  0.01002673796791   0.0000000
2461048.000000000  108.24853  22.37613  0.01002673796791   0.0000000
2461049.000000000  109.34076  22.24562  0.01002673796791   0.0000000
2461050.000000000  110.43092  22.10782  0.01002673796791   0.0000000
2461051.000000000  111.51892  21.96280  0.01002673796791   0.0000000
2461052.000000000  112.60465  21.81062  0.01002673796791   0.0000000
2461053.000000000  113.68801  21.65136  0.01002673796791   0.0000000
2461054.000000000  114.76890  21.48508  0.01002673796791   0.0000000
2461055.000000000  115.84724  21.31187  0.01002673796791   0.0000000
2461056.000000000  116.92292  21.13181  0.01002673796791   0.0000000
2461057.000000000  117.99585  20.94498  0.01002673796791   0.0000000
2461058.000000000  119.06596  20.75147  0.01002673796791   0.0000000
2461059.000000000  120.13316  20.55138  0.01002673796791   0.0000000
2461060.000000000  121.19736  20.34479  0.01002673796791   0.0000000
2461061.000000000  122.25850  20.13182  0.01002673796791   0.0000000
2461062.000000000  123.31649  19.91254  0.01002673796791   0.0000000
2461063.000000000  124.37128  19.68708  0.01002673796791   0.0000000
2461064.000000000  125.42281  19.45554  0.01002673796791   0.0000000
2461065.000000000  126.47101  19.21802  0.01002673796791   0.0000000
2461066.000000000  127.51586  18.97464  0.01002673796791   0.0000000
2461067.000000000  128.55731  18.72550  0.01002673796791   0.0000000
2461068.000000000  129.59533  18.47071  0.01002673796791   0.0000000
2461069.000000000  130.62990  18.21037  0.01002673796791   0.0000000
2461070.000000000  131.66102  17.94461  0.01002673796791   0.0000000
2461071.000000000  132.68869  17.67352  0.01002673796791   0.0000000
2461072.000000000  133.71292  17.39721  0.01002673796791   0.0000000
2461073.000000000  134.73372  17.11579  0.01002673796791   0.0000000
2461074.000000000  135.75111  16.82935  0.01002673796791   0.0000000
2461075.000000000  136.76512  16.53801  0.01002673796791   0.0000000
2461076.000000000  137.77577  16.24187  0.01002673796791   0.0000000
2461077.000000000  138.78309  15.94104  0.01002673796791   0.0000000
2461078.000000000  139.78710  15.63562  0.01002673796791   0.0000000
2461079.000000000  140.78783  15.32573  0.01002673796791   0.0000000
2461080.000000000  141.78532  15.01147  0.01002673796791   0.0000000
2461081.000000000  142.77958  14.69297  0.01002673796791   0.0000000
2461082.000000000  143.77064  14.37032  0.01002673796791   0.0000000
2461083.000000000  144.75855  14.04366  0.01002673796791   0.0000000
2461084.000000000  145.74332  13.71309  0.01002673796791   0.0000000
2461085.000000000  146.72500  13.37873  0.01002673796791   0.0000000
2461086.000000000  147.70362  13.04070  0.01002673796791   0.0000000
2461087.000000000  148.67921  12.69912  0.01002673796791   0.0000000
2461088.000000000  149.65181  12.35411  0.01002673796791   0.0000000
2461089.000000000  150.62145  12.00580  0.01002673796791   0.0000000
2461090.000000000  151.58818  11.65429  0.01002673796791   0.0000000
2461091.000000000  152.55204  11.29973  0.01002673796791   0.0000000
2461092.000000000  153.51306  10.94223  0.01002673796791   0.0000000
2461093.000000000  154.47128  10.58191  0.01002673796791   0.0000000
2461094.000000000  155.42677  10.21889  0.01002673796791   0.0000000
2461095.000000000  156.37958   9.85330  0.01002673796791   0.0000000
2461096.000000000  157.32975   9.48525  0.01002673796791   0.0000000
2461097.000000000  158.27737   9.11486  0.01002673796791   0.0000000
2461098.000000000  159.22250   8.74224  0.01002673796791   0.0000000
2461099.000000000  160.16522   8.36750  0.01002673796791   0.0000000
2461100.000000000  161.10561   7.99074  0.01002673796791   0.0000000
2461101.000000000  162.04377   7.61207  0.01002673796791   0.0000000
2461102.000000000  162.97977   7.23158  0.01002673796791   0.0000000
2461103.000000000  163.91371   6.84939  0.01002673796791   0.0000000
2461104.000000000  164.84570   6.46559  0.01002673796791   0.0000000
2461105.000000000  165.77581   6.08029  0.01002673796791   0.0000000
2461106.000000000  166.70414   5.69357  0.01002673796791   0.0000000
2461107.000000000  167.63079   5.30555  0.01002673796791   0.0000000
2461108.000000000  168.55584   4.91633  0.01002673796791   0.0000000
2461109.000000000  169.47939   4.52600  0.01002673796791   0.0000000
2461110.000000000  170.40151   4.13468  0.01002673796791   0.0000000
2461111.000000000  171.32229   3.74246  0.01002673796791   0.0000000
2461112.000000000  172.24183   3.34945  0.01002673796791   0.0000000
2461113.000000000  173.16019   2.95576  0.01002673796791   0.0000000
2461114.000000000  174.07747   2.56150  0.01002673796791   0.0000000
2461115.000000000  174.99375   2.16676  0.01002673796791   0.0000000
2461116.000000000  175.90909   1.77166  0.01002673796791   0.0000000
2461117.000000000  176.82358   1.37630  0.01002673796791   0.0000000
2461118.000000000  177.73728   0.98081  0.01002673796791   0.0000000
2461119.000000000  178.65028   0.58528  0.01002673796791   0.0000000
2461120.000000000  179.56263   0.18983  0.01002673796791   0.0000000
2461121.000000000  180.47440  -0.20543  0.01002673796791   0.0000000
2461122.000000000  181.38566  -0.60039  0.01002673796791   0.0000000
2461123.000000000  182.29649  -0.99494  0.01002673796791   0.0000000
2461124.000000000  183.20695  -1.38898  0.01002673796791   0.0000000
2461125.000000000  184.11713  -1.78240  0.01002673796791   0.0000000
2461126.000000000  185.02710  -2.17511  0.01002673796791   0.0000000
2461127.000000000  185.93695  -2.56700  0.01002673796791   0.0000000
2461128.000000000  186.84676  -2.95799  0.01002673796791   0.0000000
2461129.000000000  187.75663  -3.34798  0.01002673796791   0.0000000
2461130.000000000  188.66666  -3.73688  0.01002673796791   0.0000000
2461131.000000000  189.57693  -4.12460  0.01002673796791   0.0000000
2461132.000000000  190.48754  -4.51105  0.01002673796791   0.0000000
2461133.000000000  191.39859  -4.89614  0.01002673796791   0.0000000
2461134.000000000  192.31017  -5.27979  0.01002673796791   0.0000000
2461135.000000000  193.22236  -5.66191  0.01002673796791   0.0000000
2461136.000000000  194.13527  -6.04240  0.01002673796791   0.0000000
2461137.000000000  195.04897  -6.42117  0.01002673796791   0.0000000
2461138.000000000  195.96356  -6.79813  0.01002673796791   0.0000000
2461139.000000000  196.87911  -7.17319  0.01002673796791   0.0000000
2461140.000000000  197.79571  -7.54626  0.01002673796791   0.0000000
2461141.000000000  198.71343  -7.91724  0.01002673796791   0.0000000
2461142.000000000  199.63234  -8.28603  0.01002673796791   0.0000000
2461143.000000000  200.55252  -8.65254  0.01002673796791   0.0000000
2461144.000000000  201.47403  -9.01668  0.01002673796791   0.0000000
2461145.000000000  202.39694  -9.37833  0.01002673796791   0.0000000
2461146.000000000  203.32130  -9.73741  0.01002673796791   0.0000000
2461147.000000000  204.24717 -10.09382  0.01002673796791   0.0000000
2461148.000000000  205.17459 -10.44744  0.01002673796791   0.0000000
2461149.000000000  206.10359 -10.79818  0.01002673796791   0.0000000
2461150.000000000  207.03424 -11.14593  0.01002673796791   0.0000000
2461151.000000000  207.96655 -11.49060  0.01002673796791   0.0000000
2461152.000000000  208.90057 -11.83208  0.01002673796791   0.0000000
2461153.000000000  209.83633 -12.17028  0.01002673796791   0.0000000
2461154.000000000  210.77389 -12.50511  0.01002673796791   0.0000000
2461155.000000000  211.71328 -12.83648  0.01002673796791   0.0000000
2461156.000000000  212.65456 -13.16430  0.01002673796791   0.0000000
2461157.000000000  213.59778 -13.48848  0.01002673796791   0.0000000
2461158.000000000  214.54297 -13.80894  0.01002673796791   0.0000000
2461159.000000000  215.49021 -14.12559  0.01002673796791   0.0000000
2461160.000000000  216.43953 -14.43836  0.01002673796791   0.0000000
2461161.000000000  217.39098 -14.74715  0.01002673796791   0.0000000
2461162.000000000  218.34462 -15.05189  0.01002673796791   0.0000000
2461163.000000000  219.30048 -15.35250  0.01002673796791   0.0000000
2461164.000000000  220.25862 -15.64888  0.01002673796791   0.0000000
2461165.000000000  221.21906 -15.94096  0.01002673796791   0.0000000
2461166.000000000  222.18184 -16.22866  0.01002673796791   0.0000000
2461167.000000000  223.14700 -16.51188  0.01002673796791   0.0000000
2461168.000000000  224.11457 -16.79055  0.01002673796791   0.0000000
2461169.000000000  225.08455 -17.06459  0.01002673796791   0.0000000
2461170.000000000  226.05698 -17.33391  0.01002673796791   0.0000000
2461171.000000000  227.03187 -17.59842  0.01002673796791   0.0000000
2461172.000000000  228.00923 -17.85804  0.01002673796791   0.0000000
2461173.000000000  228.98905 -18.11268  0.01002673796791   0.0000000
2461174.000000000  229.97133 -18.36227  0.01002673796791   0.0000000
2461175.000000000  230.95607 -18.60671  0.01002673796791   0.0000000
2461176.000000000  231.94323 -18.84593  0.01002673796791   0.0000000
2461177.000000000  232.93278 -19.07983  0.01002673796791   0.0000000
2461178.000000000  233.92470 -19.30833  0.01002673796791   0.0000000
2461179.000000000  234.91894 -19.53136  0.01002673796791   0.0000000
2461180.000000000  235.91545 -19.74883  0.01002673796791   0.0000000
2461181.000000000  236.91419 -19.96067  0.01002673796791   0.0000000
2461182.000000000  237.91512 -20.16681  0.01002673796791   0.0000000
2461183.000000000  238.91818 -20.36718  0.01002673796791   0.0000000
2461184.000000000  239.92336 -20.56172  0.01002673796791   0.0000000
2461185.000000000  240.93059 -20.75036  0.01002673796791   0.0000000
2461186.000000000  241.93986 -20.93303  0.01002673796791   0.0000000
2461187.000000000  242.95111 -21.10969  0.01002673796791   0.0000000
2461188.000000000  243.96431 -21.28028  0.01002673796791   0.0000000
2461189.000000000  244.97942 -21.44473  0.01002673796791   0.0000000
2461190.000000000  245.99640 -21.60300  0.01002673796791   0.0000000
2461191.000000000  247.01520 -21.75503  0.01002673796791   0.0000000
2461192.000000000  248.03578 -21.90077  0.01002673796791   0.0000000
2461193.000000000  249.05809 -22.04017  0.01002673796791   0.0000000
2461194.000000000  250.08207 -22.17319  0.01002673796791   0.0000000
2461195.000000000  251.10767 -22.29977  0.01002673796791   0.0000000
2461196.000000000  252.13484 -22.41987  0.01002673796791   0.0000000
2461197.000000000  253.16350 -22.53345  0.01002673796791   0.0000000
2461198.000000000  254.19360 -22.64046  0.01002673796791   0.0000000
2461199.000000000  255.22506 -22.74086  0.01002673796791   0.0000000
2461200.000000000  256.25780 -22.83462  0.01002673796791   0.0000000
2461201.000000000  257.29176 -22.92170  0.01002673796791   0.0000000
2461202.000000000  258.32684 -23.00206  0.01002673796791   0.0000000
2461203.000000000  259.36295 -23.07567  0.01002673796791   0.0000000
2461204.000000000  260.39999 -23.14250  0.01002673796791   0.0000000
2461205.000000000  261.43786 -23.20252  0.01002673796791   0.0000000
2461206.000000000  262.47643 -23.25572  0.01002673796791   0.0000000
2461207.000000000  263.51560 -23.30206  0.01002673796791   0.0000000
2461208.000000000  264.55525 -23.34153  0.01002673796791   0.0000000
2461209.000000000  265.59524 -23.37413  0.01002673796791   0.0000000
2461210.000000000  266.63546 -23.39983  0.01002673796791   0.0000000
2461211.000000000  267.67580 -23.41865  0.01002673796791   0.0000000
2461212.000000000  268.71614 -23.43057  0.01002673796791   0.0000000
2461213.000000000  269.75639 -23.43560  0.01002673796791   0.0000000
2461214.000000000  270.79645 -23.43374  0.01002673796791   0.0000000
2461215.000000000  271.83621 -23.42501  0.01002673796791   0.0000000
2461216.000000000  272.87559 -23.40940  0.01002673796791   0.0000000
2461217.000000000  273.91450 -23.38692  0.01002673796791   0.0000000
2461218.000000000  274.95284 -23.35760  0.01002673796791   0.0000000
2461219.000000000  275.99054 -23.32145  0.01002673796791   0.0000000
2461220.000000000  277.02751 -23.27848  0.01002673796791   0.0000000
2461221.000000000  278.06367 -23.22871  0.01002673796791   0.0000000
2461222.000000000  279.09894 -23.17217  0.01002673796791   0.0000000
2461223.000000000  280.13325 -23.10887  0.01002673796791   0.0000000
2461224.000000000  281.16651 -23.03885  0.01002673796791   0.0000000
2461225.000000000  282.19866 -22.96213  0.01002673796791   0.0000000
2461226.000000000  283.22962 -22.87873  0.01002673796791   0.0000000
2461227.000000000  284.25932 -22.78869  0.01002673796791   0.0000000
2461228.000000000  285.28769 -22.69204  0.01002673796791   0.0000000
2461229.000000000  286.31465 -22.58882  0.01002673796791   0.0000000
2461230.000000000  287.34014 -22.47906  0.01002673796791   0.0000000
2461231.000000000  288.36407 -22.36281  0.01002673796791   0.0000000
2461232.000000000  289.38637 -22.24011  0.01002673796791   0.0000000
2461233.000000000  290.40696 -22.11100  0.01002673796791   0.0000000
2461234.000000000  291.42576 -21.97554  0.01002673796791   0.0000000
2461235.000000000  292.44268 -21.83378  0.01002673796791   0.0000000
2461236.000000000  293.45765 -21.68578  0.01002673796791   0.0000000
2461237.000000000  294.47057 -21.53160  0.01002673796791   0.0000000
2461238.000000000  295.48137 -21.37131  0.01002673796791   0.0000000
2461239.000000000  296.48997 -21.20496  0.01002673796791   0.0000000
2461240.000000000  297.49632 -21.03264  0.01002673796791   0.0000000
2461241.000000000  298.50036 -20.85440  0.01002673796791   0.0000000
2461242.000000000  299.50203 -20.67031  0.01002673796791   0.0000000
2461243.000000000  300.50130 -20.48046  0.01002673796791   0.0000000
2461244.000000000  301.49814 -20.28489  0.01002673796791   0.0000000
2461245.000000000  302.49251 -20.08369  0.01002673796791   0.0000000
2461246.000000000  303.48440 -19.87693  0.01002673796791   0.0000000
2461247.000000000  304.47378 -19.66467  0.01002673796791   0.0000000
2461248.000000000  305.46065 -19.44700  0.01002673796791   0.0000000
2461249.000000000  306.44499 -19.22397  0.01002673796791   0.0000000
2461250.000000000  307.42680 -18.99566  0.01002673796791   0.0000000
2461251.000000000  308.40608 -18.76215  0.01002673796791   0.0000000
2461252.000000000  309.38284 -18.52351  0.01002673796791   0.0000000
2461253.000000000  310.35709 -18.27981  0.01002673796791   0.0000000
2461254.000000000  311.32883 -18.03112  0.01002673796791   0.0000000
2461255.000000000  312.29809 -17.77752  0.01002673796791   0.0000000
2461256.000000000  313.26487 -17.51908  0.01002673796791   0.0000000
2461257.000000000  314.22920 -17.25587  0.01002673796791   0.0000000
2461258.000000000  315.19110 -16.98798  0.01002673796791   0.0000000
2461259.000000000  316.15057 -16.71548  0.01002673796791   0.0000000
2461260.000000000  317.10765 -16.43846  0.01002673796791   0.0000000
2461261.000000000  318.06234 -16.15699  0.01002673796791   0.0000000
2461262.000000000  319.01466 -15.87116  0.01002673796791   0.0000000
2461263.000000000  319.96462 -15.58106  0.01002673796791   0.0000000
2461264.000000000  320.91223 -15.28678  0.01002673796791   0.0000000
2461265.000000000  321.85749 -14.98842  0.01002673796791   0.0000000
2461266.000000000  322.80043 -14.68607  0.01002673796791   0.0000000
2461267.000000000  323.74105 -14.37982  0.01002673796791   0.0000000
2461268.000000000  324.67938 -14.06977  0.01002673796791   0.0000000
2461269.000000000  325.61543 -13.75602  0.01002673796791   0.0000000
2461270.000000000  326.54926 -13.43865  0.01002673796791   0.0000000
2461271.000000000  327.48088 -13.11775  0.01002673796791   0.0000000
2461272.000000000  328.41035 -12.79343  0.01002673796791   0.0000000
2461273.000000000  329.33771 -12.46577  0.01002673796791   0.0000000
2461274.000000000  330.26302 -12.13485  0.01002673796791   0.0000000
2461275.000000000  331.18632 -11.80076  0.01002673796791   0.0000000
2461276.000000000  332.10768 -11.46360  0.01002673796791   0.0000000
2461277.000000000  333.02717 -11.12344  0.01002673796791   0.0000000
2461278.000000000  333.94484 -10.78037  0.01002673796791   0.0000000
2461279.000000000  334.86077 -10.43448  0.01002673796791   0.0000000
2461280.000000000  335.77503 -10.08584  0.01002673796791   0.0000000
2461281.000000000  336.68770  -9.73454  0.01002673796791   0.0000000
2461282.000000000  337.59885  -9.38067  0.01002673796791   0.0000000
2461283.000000000  338.50856  -9.02430  0.01002673796791   0.0000000
2461284.000000000  339.41693  -8.66551  0.01002673796791   0.0000000
2461285.000000000  340.32402  -8.30438  0.01002673796791   0.0000000
2461286.000000000  341.22992  -7.94101  0.01002673796791   0.0000000
2461287.000000000  342.13472  -7.57547  0.01002673796791   0.0000000
2461288.000000000  343.03849  -7.20784  0.01002673796791   0.0000000
2461289.000000000  343.94130  -6.83822  0.01002673796791   0.0000000
2461290.000000000  344.84323  -6.46671  0.01002673796791   0.0000000
2461291.000000000  345.74435  -6.09338  0.01002673796791   0.0000000
2461292.000000000  346.64472  -5.71834  0.01002673796791   0.0000000
2461293.000000000  347.54441  -5.34169  0.01002673796791   0.0000000
2461294.000000000  348.44348  -4.96353  0.01002673796791   0.0000000
2461295.000000000  349.34198  -4.58395  0.01002673796791   0.0000000
2461296.000000000  350.23999  -4.20306  0.01002673796791   0.0000000
2461297.000000000  351.13757  -3.82096  0.01002673796791   0.0000000
2461298.000000000  352.03478  -3.43775  0.01002673796791   0.0000000
2461299.000000000  352.93170  -3.05351  0.01002673796791   0.0000000
2461300.000000000  353.82841  -2.66836  0.01002673796791   0.0000000
2461301.000000000  354.72497  -2.28238  0.01002673796791   0.0000000
2461302.000000000  355.62147  -1.89568  0.01002673796791   0.0000000
2461303.000000000  356.51800  -1.50833  0.01002673796791   0.0000000
2461304.000000000  357.41463  -1.12044  0.01002673796791   0.0000000
2461305.000000000  358.31145  -0.73209  0.01002673796791   0.0000000
2461306.000000000  359.20856  -0.34338  0.01002673796791   0.0000000
2461307.000000000    0.10603   0.04561  0.01002673796791   0.0000000
2461308.000000000    1.00397   0.43478  0.01002673796791   0.0000000
2461309.000000000    1.90247   0.82404  0.01002673796791   0.0000000
2461310.000000000    2.80163   1.21332  0.01002673796791   0.0000000
2461311.000000000    3.70155   1.60252  0.01002673796791   0.0000000
2461312.000000000    4.60233   1.99155  0.01002673796791   0.0000000
2461313.000000000    5.50407   2.38033  0.01002673796791   0.0000000
2461314.000000000    6.40687   2.76877  0.01002673796791   0.0000000
2461315.000000000    7.31084   3.15678  0.01002673796791   0.0000000
2461316.000000000    8.21607   3.54426  0.01002673796791   0.0000000
2461317.000000000    9.12265   3.93113  0.01002673796791   0.0000000
2461318.000000000   10.03067   4.31727  0.01002673796791   0.0000000
2461319.000000000   10.94021   4.70258  0.01002673796791   0.0000000
2461320.000000000   11.85134   5.08697  0.01002673796791   0.0000000
2461321.000000000   12.76415   5.47033  0.01002673796791   0.0000000
2461322.000000000   13.67870   5.85254  0.01002673796791   0.0000000
2461323.000000000   14.59506   6.23350  0.01002673796791   0.0000000
2461324.000000000   15.51330   6.61309  0.01002673796791   0.0000000
2461325.000000000   16.43348   6.99121  0.01002673796791   0.0000000
2461326.000000000   17.35566   7.36775  0.01002673796791   0.0000000
2461327.000000000   18.27990   7.74258  0.01002673796791   0.0000000
2461328.000000000   19.20629   8.11562  0.01002673796791   0.0000000
2461329.000000000   20.13487   8.48674  0.01002673796791   0.0000000
2461330.000000000   21.06572   8.85584  0.01002673796791   0.0000000
2461331.000000000   21.99890   9.22281  0.01002673796791   0.0000000
2461332.000000000   22.93448   9.58754  0.01002673796791   0.0000000
2461333.000000000   23.87253   9.94993  0.01002673796791   0.0000000
2461334.000000000   24.81311  10.30988  0.01002673796791   0.0000000
2461335.000000000   25.75630  10.66727  0.01002673796791   0.0000000
2461336.000000000   26.70216  11.02201  0.01002673796791   0.0000000
2461337.000000000   27.65077  11.37398  0.01002673796791   0.0000000
2461338.000000000   28.60219  11.72308  0.01002673796791   0.0000000
2461339.000000000   29.55650  12.06922  0.01002673796791   0.0000000
2461340.000000000   30.51378  12.41229  0.01002673796791   0.0000000
2461341.000000000   31.47409  12.75219  0.01002673796791   0.0000000
2461342.000000000   32.43752  13.08881  0.01002673796791   0.0000000
2461343.000000000   33.40413  13.42205  0.01002673796791   0.0000000
2461344.000000000   34.37399  13.75180  0.01002673796791   0.0000000
2461345.000000000   35.34716  14.07796  0.01002673796791   0.0000000
2461346.000000000   36.32369  14.40040  0.01002673796791   0.0000000
2461347.000000000   37.30363  14.71902  0.01002673796791   0.0000000
2461348.000000000   38.28700  15.03370  0.01002673796791   0.0000000
2461349.000000000   39.27385  15.34432  0.01002673796791   0.0000000
2461350.000000000   40.26419  15.65076  0.01002673796791   0.0000000
2461351.000000000   41.25804  15.95291  0.01002673796791   0.0000000
2461352.000000000   42.25541  16.25064  0.01002673796791   0.0000000
2461353.000000000   43.25630  16.54384  0.01002673796791   0.0000000
2461354.000000000   44.26072  16.83238  0.01002673796791   0.0000000
2461355.000000000   45.26867  17.11616  0.01002673796791   0.0000000
2461356.000000000   46.28013  17.39506  0.01002673796791   0.0000000
2461357.000000000   47.29510  17.66895  0.01002673796791   0.0000000
2461358.000000000   48.31358  17.93774  0.01002673796791   0.0000000
2461359.000000000   49.33554  18.20131  0.01002673796791   0.0000000
2461360.000000000   50.36096  18.45955  0.01002673796791   0.0000000
2461361.000000000   51.38984  18.71236  0.01002673796791   0.0000000
2461362.000000000   52.42214  18.95962  0.01002673796791   0.0000000
2461363.000000000   53.45784  19.20123  0.01002673796791   0.0000000
2461364.000000000   54.49691  19.43710  0.01002673796791   0.0000000
2461365.000000000   55.53933  19.66712  0.01002673796791   0.0000000
2461366.000000000   56.58506  19.89119  0.01002673796791   0.0000000
2461367.000000000   57.63409  20.10922  0.01002673796791   0.0000000
2461368.000000000   58.68636  20.32111  0.01002673796791   0.0000000
2461369.000000000   59.74187  20.52678  0.01002673796791   0.0000000
2461370.000000000   60.80058  20.72613  0.01002673796791   0.0000000
2461371.000000000   61.86245  20.91907  0.01002673796791   0.0000000
2461372.000000000   62.92744  21.10551  0.01002673796791   0.0000000
2461373.000000000   63.99552  21.28537  0.01002673796791   0.0000000
2461374.000000000   65.06661  21.45855  0.01002673796791   0.0000000
2461375.000000000   66.14067  21.62497  0.01002673796791   0.0000000
2461376.000000000   67.21760  21.78454  0.01002673796791   0.0000000
2461377.000000000   68.29732  21.93718  0.01002673796791   0.0000000
2461378.000000000   69.37974  22.08280  0.01002673796791   0.0000000
2461379.000000000   70.46475  22.22133  0.01002673796791   0.0000000
2461380.000000000   71.55225  22.35270  0.01002673796791   0.0000000
2461381.000000000   72.64211  22.47682  0.01002673796791   0.0000000
2461382.000000000   73.73422  22.59364  0.01002673796791   0.0000000
2461383.000000000   74.82845  22.70308  0.01002673796791   0.0000000
2461384.000000000   75.92467  22.80510  0.01002673796791   0.0000000
2461385.000000000   77.02275  22.89962  0.01002673796791   0.0000000
2461386.000000000   78.12255  22.98660  0.01002673796791   0.0000000
2461387.000000000   79.22394  23.06600  0.01002673796791   0.0000000
2461388.000000000   80.32676  23.13776  0.01002673796791   0.0000000
2461389.000000000   81.43088  23.20186  0.01002673796791   0.0000000
2461390.000000000   82.53616  23.25825  0.01002673796791   0.0000000
2461391.000000000   83.64246  23.30690  0.01002673796791   0.0000000
2461392.000000000   84.74962  23.34780  0.01002673796791   0.0000000
2461393.000000000   85.85751  23.38092  0.01002673796791   0.0000000
2461394.000000000   86.96600  23.40624  0.01002673796791   0.0000000
2461395.000000000   88.07493  23.42374  0.01002673796791   0.0000000
2461396.000000000   89.18419  23.43343  0.01002673796791   0.0000000
2461397.000000000   90.29363  23.43529  0.01002673796791   0.0000000
2461398.000000000   91.40315  23.42931  0.01002673796791   0.0000000
2461399.000000000   92.51262  23.41551  0.01002673796791   0.0000000
2461400.000000000   93.62193  23.39388  0.01002673796791   0.0000000
2461401.000000000   94.73096  23.36442  0.01002673796791   0.0000000
2461402.000000000   95.83959  23.32715  0.01002673796791   0.0000000
2461403.000000000   96.94769  23.28208  0.01002673796791   0.0000000
2461404.000000000   98.05514  23.22922  0.01002673796791   0.0000000
2461405.000000000   99.16180  23.16860  0.01002673796791   0.0000000
2461406.000000000  100.26754  23.10023  0.01002673796791   0.0000000
2461407.000000000  101.37221  23.02416  0.01002673796791   0.0000000
2461408.000000000  102.47569  22.94041  0.01002673796791   0.0000000
2461409.000000000  103.57783  22.84903  0.01002673796791   0.0000000
2461410.000000000  104.67849  22.75006  0.01002673796791   0.0000000
2461411.000000000  105.77754  22.64355  0.01002673796791   0.0000000
2461412.000000000  106.87485  22.52955  0.01002673796791   0.0000000
2461413.000000000  107.97028  22.40812  0.01002673796791   0.0000000
2461414.000000000  109.06370  22.27933  0.01002673796791   0.0000000
2461415.000000000  110.15500  22.14323  0.01002673796791   0.0000000
2461416.000000000  111.24404  21.99990  0.01002673796791   0.0000000
2461417.000000000  112.33073  21.84940  0.01002673796791   0.0000000
2461418.000000000  113.41494  21.69183  0.01002673796791   0.0000000
2461419.000000000  114.49657  21.52725  0.01002673796791   0.0000000
2461420.000000000  115.57552  21.35575  0.01002673796791   0.0000000
2461421.000000000  116.65171  21.17742  0.01002673796791   0.0000000
2461422.000000000  117.72504  20.99234  0.01002673796791   0.0000000
2461423.000000000  118.79545  20.80060  0.01002673796791   0.0000000
2461424.000000000  119.86286  20.60229  0.01002673796791   0.0000000
2461425.000000000  120.92722  20.39751  0.01002673796791   0.0000000
2461426.000000000  121.98847  20.18634  0.01002673796791   0.0000000
2461427.000000000  123.04659  19.96888  0.01002673796791   0.0000000
2461428.000000000  124.10154  19.74521  0.01002673796791   0.0000000
2461429.000000000  125.15331  19.51543  0.01002673796791   0.0000000
2461430.000000000  126.20186  19.27963  0.01002673796791   0.0000000
2461431.000000000  127.24719  19.03790  0.01002673796791   0.0000000
2461432.000000000  128.28928  18.79035  0.01002673796791   0.0000000
2461433.000000000  129.32811  18.53707  0.01002673796791   0.0000000
2461434.000000000  130.36367  18.27816  0.01002673796791   0.0000000
2461435.000000000  131.39593  18.01374  0.01002673796791   0.0000000
2461436.000000000  132.42488  17.74390  0.01002673796791   0.0000000
2461437.000000000  133.45051  17.46876  0.01002673796791   0.0000000
2461438.000000000  134.47279  17.18843  0.01002673796791   0.0000000
2461439.000000000  135.49174  16.90302  0.01002673796791   0.0000000
2461440.000000000  136.50733  16.61265  0.01002673796791   0.0000000
2461441.000000000  137.51957  16.31744  0.01002673796791   0.0000000
2461442.000000000  138.52845  16.01750  0.01002673796791   0.0000000
2461443.000000000  139.53397  15.71295  0.01002673796791   0.0000000
2461444.000000000  140.53615  15.40392  0.01002673796791   0.0000000
2461445.000000000  141.53498  15.09052  0.01002673796791   0.0000000
2461446.000000000  142.53049  14.77288  0.01002673796791   0.0000000
2461447.000000000  143.52268  14.45111  0.01002673796791   0.0000000
2461448.000000000  144.51159  14.12535  0.01002673796791   0.0000000
2461449.000000000  145.49723  13.79571  0.01002673796791   0.0000000
2461450.000000000  146.47963  13.46231  0.01002673796791   0.0000000
2461451.000000000  147.45884  13.12528  0.01002673796791   0.0000000
2461452.000000000  148.43488  12.78472  0.01002673796791   0.0000000
2461453.000000000  149.40782  12.44077  0.01002673796791   0.0000000
2461454.000000000  150.37770  12.09352  0.01002673796791   0.0000000
2461455.000000000  151.34460  11.74309  0.01002673796791   0.0000000
2461456.000000000  152.30857  11.38960  0.01002673796791   0.0000000
2461457.000000000  153.26971  11.03313  0.01002673796791   0.0000000
2461458.000000000  154.22807  10.67381  0.01002673796791   0.0000000
2461459.000000000  155.18376  10.31173  0.01002673796791   0.0000000
2461460.000000000  156.13684   9.94699  0.01002673796791   0.0000000
2461461.000000000  157.08741   9.57970  0.01002673796791   0.0000000
2461462.000000000  158.03553   9.20998  0.01002673796791   0.0000000
2461463.000000000  158.98129   8.83792  0.01002673796791   0.0000000
2461464.000000000  159.92475   8.46363  0.01002673796791   0.0000000
2461465.000000000  160.86600   8.08724  0.01002673796791   0.0000000
2461466.000000000  161.80510   7.70884  0.01002673796791   0.0000000
2461467.000000000  162.74213   7.32855  0.01002673796791   0.0000000
2461468.000000000  163.67715   6.94648  0.01002673796791   0.0000000
2461469.000000000  164.61024   6.56275  0.01002673796791   0.0000000
2461470.000000000  165.54146   6.17747  0.01002673796791   0.0000000
2461471.000000000  166.47089   5.79076  0.01002673796791   0.0000000
2461472.000000000  167.39860   5.40272  0.01002673796791   0.0000000
2461473.000000000  168.32466   5.01348  0.01002673796791   0.0000000
2461474.000000000  169.24913   4.62314  0.01002673796791   0.0000000
2461475.000000000  170.17207   4.23182  0.01002673796791   0.0000000
2461476.000000000  171.09357   3.83964  0.01002673796791   0.0000000
2461477.000000000  172.01369   3.44670  0.01002673796791   0.0000000
2461478.000000000  172.93250   3.05312  0.01002673796791   0.0000000
2461479.000000000  173.85008   2.65902  0.01002673796791   0.0000000
2461480.000000000  174.76649   2.26448  0.01002673796791   0.0000000
2461481.000000000  175.68183   1.86963  0.01002673796791   0.0000000
2461482.000000000  176.59617   1.47456  0.01002673796791   0.0000000
2461483.000000000  177.50961   1.07937  0.01002673796791   0.0000000
2461484.000000000  178.42225   0.68415  0.01002673796791   0.0000000
2461485.000000000  179.33416   0.28901  0.01002673796791   0.0000000
2461486.000000000  180.24547  -0.10597  0.01002673796791   0.0000000
2461487.000000000  181.15627  -0.50070  0.01002673796791   0.0000000
2461488.000000000  182.06666  -0.89509  0.01002673796791   0.0000000
2461489.000000000  182.97674  -1.28904  0.01002673796791   0.0000000
2461490.000000000  183.88663  -1.68247  0.01002673796791   0.0000000
2461491.000000000  184.79640  -2.07527  0.01002673796791   0.0000000
2461492.000000000  185.70615  -2.46736  0.01002673796791   0.0000000
2461493.000000000  186.61598  -2.85864  0.01002673796791   0.0000000
2461494.000000000  187.52597  -3.24900  0.01002673796791   0.0000000
2461495.000000000  188.43621  -3.63836  0.01002673796791   0.0000000
2461496.000000000  189.34678  -4.02662  0.01002673796791   0.0000000
2461497.000000000  190.25775  -4.41366  0.01002673796791   0.0000000
2461498.000000000  191.16921  -4.79940  0.01002673796791   0.0000000
2461499.000000000  192.08122  -5.18374  0.01002673796791   0.0000000
2461500.000000000  192.99387  -5.56656  0.01002673796791   0.0000000
2461501.000000000  193.90722  -5.94777  0.01002673796791   0.0000000
2461502.000000000  194.82133  -6.32726  0.01002673796791   0.0000000
2461503.000000000  195.73626  -6.70493  0.01002673796791   0.0000000
2461504.000000000  196.65208  -7.08069  0.01002673796791   0.0000000
2461505.000000000  197.56885  -7.45442  0.01002673796791   0.0000000
2461506.000000000  198.48661  -7.82602  0.01002673796791   0.0000000
2461507.000000000  199.40543  -8.19539  0.01002673796791   0.0000000
2461508.000000000  200.32536  -8.56244  0.01002673796791   0.0000000
2461509.000000000  201.24646  -8.92707  0.01002673796791   0.0000000
2461510.000000000  202.16880  -9.28918  0.01002673796791   0.0000000
2461511.000000000  203.09244  -9.64868  0.01002673796791   0.0000000
2461512.000000000  204.01745 -10.00549  0.01002673796791   0.0000000
2461513.000000000  204.94389 -10.35952  0.01002673796791   0.0000000
2461514.000000000  205.87185 -10.71068  0.01002673796791   0.0000000
2461515.000000000  206.80140 -11.05889  0.01002673796791   0.0000000
2461516.000000000  207.73260 -11.40406  0.01002673796791   0.0000000
2461517.000000000  208.66554 -11.74610  0.01002673796791   0.0000000
2461518.000000000  209.60029 -12.08494  0.01002673796791   0.0000000
2461519.000000000  210.53691 -12.42048  0.01002673796791   0.0000000
2461520.000000000  211.47546 -12.75264  0.01002673796791   0.0000000
2461521.000000000  212.41601 -13.08134  0.01002673796791   0.0000000
2461522.000000000  213.35862 -13.40647  0.01002673796791   0.0000000
2461523.000000000  214.30332 -13.72795  0.01002673796791   0.0000000
2461524.000000000  215.25018 -14.04569  0.01002673796791   0.0000000
2461525.000000000  216.19923 -14.35960  0.01002673796791   0.0000000
2461526.000000000  217.15051 -14.66959  0.01002673796791   0.0000000
2461527.000000000  218.10406 -14.97556  0.01002673796791   0.0000000
2461528.000000000  219.05989 -15.27743  0.01002673796791   0.0000000
2461529.000000000  220.01805 -15.57510  0.01002673796791   0.0000000
2461530.000000000  220.97853 -15.86847  0.01002673796791   0.0000000
2461531.000000000  221.94136 -16.15746  0.01002673796791   0.0000000
2461532.000000000  222.90653 -16.44198  0.01002673796791   0.0000000
2461533.000000000  223.87405 -16.72192  0.01002673796791   0.0000000
2461534.000000000  224.84391 -16.99720  0.01002673796791   0.0000000
2461535.000000000  225.81611 -17.26774  0.01002673796791   0.0000000
2461536.000000000  226.79062 -17.53345  0.01002673796791   0.0000000
2461537.000000000  227.76745 -17.79423  0.01002673796791   0.0000000
2461538.000000000  228.74658 -18.05002  0.01002673796791   0.0000000
2461539.000000000  229.72801 -18.30073  0.01002673796791   0.0000000
2461540.000000000  230.71173 -18.54628  0.01002673796791   0.0000000
2461541.000000000  231.69774 -18.78661  0.01002673796791   0.0000000
2461542.000000000  232.68604 -19.02164  0.01002673796791   0.0000000
2461543.000000000  233.67662 -19.25129  0.01002673796791   0.0000000
2461544.000000000  234.66948 -19.47551  0.01002673796791   0.0000000
2461545.000000000  235.66462 -19.69421  0.01002673796791   0.0000000
2461546.000000000  236.66203 -19.90734  0.01002673796791   0.0000000
2461547.000000000  237.66170 -20.11482  0.01002673796791   0.0000000
2461548.000000000  238.66361 -20.31658  0.01002673796791   0.0000000
2461549.000000000  239.66775 -20.51257  0.01002673796791   0.0000000
2461550.000000000  240.67409 -20.70270  0.01002673796791   0.0000000
2461551.000000000  241.68260 -20.88692  0.01002673796791   0.0000000
2461552.000000000  242.69324 -21.06517  0.01002673796791   0.0000000
2461553.000000000  243.70599 -21.23737  0.01002673796791   0.0000000
2461554.000000000  244.72079 -21.40347  0.01002673796791   0.0000000
2461555.000000000  245.73759 -21.56341  0.01002673796791   0.0000000
2461556.000000000  246.75633 -21.71713  0.01002673796791   0.0000000
2461557.000000000  247.77696 -21.86456  0.01002673796791   0.0000000
2461558.000000000  248.79941 -22.00565  0.01002673796791   0.0000000
2461559.000000000  249.82360 -22.14036  0.01002673796791   0.0000000
2461560.000000000  250.84945 -22.26862  0.01002673796791   0.0000000
2461561.000000000  251.87687 -22.39039  0.01002673796791   0.0000000
2461562.000000000  252.90576 -22.50562  0.01002673796791   0.0000000
2461563.000000000  253.93602 -22.61427  0.01002673796791   0.0000000
2461564.000000000  254.96754 -22.71630  0.01002673796791   0.0000000
2461565.000000000  256.00024 -22.81167  0.01002673796791   0.0000000
2461566.000000000  257.03400 -22.90035  0.01002673796791   0.0000000
2461567.000000000  258.06872 -22.98232  0.01002673796791   0.0000000
2461568.000000000  259.10432 -23.05754  0.01002673796791   0.0000000
2461569.000000000  260.14071 -23.12599  0.01002673796791   0.0000000
2461570.000000000  261.17779 -23.18765  0.01002673796791   0.0000000
2461571.000000000  262.21549 -23.24251  0.01002673796791   0.0000000
2461572.000000000  263.25371 -23.29055  0.01002673796791   0.0000000
2461573.000000000  264.29239 -23.33174  0.01002673796791   0.0000000
2461574.000000000  265.33143 -23.36609  0.01002673796791   0.0000000
2461575.000000000  266.37076 -23.39357  0.01002673796791   0.0000000
2461576.000000000  267.41029 -23.41419  0.01002673796791   0.0000000
2461577.000000000  268.44994 -23.42793  0.01002673796791   0.0000000
2461578.000000000  269.48964 -23.43479  0.01002673796791   0.0000000
2461579.000000000  270.52928 -23.43477  0.01002673796791   0.0000000
2461580.000000000  271.56879 -23.42786  0.01002673796791   0.0000000
2461581.000000000  272.60808 -23.41407  0.01002673796791   0.0000000
2461582.000000000  273.64706 -23.39342  0.01002673796791   0.0000000
2461583.000000000  274.68564 -23.36589  0.01002673796791   0.0000000
2461584.000000000  275.72373 -23.33151  0.01002673796791   0.0000000
2461585.000000000  276.76124 -23.29028  0.01002673796791   0.0000000
2461586.000000000  277.79806 -23.24223  0.01002673796791   0.0000000
2461587.000000000  278.83410 -23.18737  0.01002673796791   0.0000000
2461588.000000000  279.86926 -23.12573  0.01002673796791   0.0000000
2461589.000000000  280.90343 -23.05733  0.01002673796791   0.0000000
2461590.000000000  281.93651 -22.98219  0.01002673796791   0.0000000
2461591.000000000  282.96839 -22.90037  0.01002673796791   0.0000000
2461592.000000000  283.99895 -22.81189  0.01002673796791   0.0000000
2461593.000000000  285.02809 -22.71680  0.01002673796791   0.0000000
2461594.000000000  286.05570 -22.61514  0.01002673796791   0.0000000
2461595.000000000  287.08169 -22.50695  0.01002673796791   0.0000000
2461596.000000000  288.10598 -22.39229  0.01002673796791   0.0000000
2461597.000000000  289.12848 -22.27120  0.01002673796791   0.0000000
2461598.000000000  290.14913 -22.14374  0.01002673796791   0.0000000
2461599.000000000  291.16786 -22.00996  0.01002673796791   0.0000000
2461600.000000000  292.18462 -21.86990  0.01002673796791   0.0000000
2461601.000000000  293.19934 -21.72362  0.01002673796791   0.0000000
2461602.000000000  294.21199 -21.57118  0.01002673796791   0.0000000
2461603.000000000  295.22252 -21.41264  0.01002673796791   0.0000000
2461604.000000000  296.23089 -21.24804  0.01002673796791   0.0000000
2461605.000000000  297.23707 -21.07745  0.01002673796791   0.0000000
2461606.000000000  298.24102 -20.90092  0.01002673796791   0.0000000
2461607.000000000  299.24271 -20.71852  0.01002673796791   0.0000000
2461608.000000000  300.24212 -20.53031  0.01002673796791   0.0000000
2461609.000000000  301.23922 -20.33634  0.01002673796791   0.0000000
2461610.000000000  302.23399 -20.13669  0.01002673796791   0.0000000
2461611.000000000  303.22641 -19.93142  0.01002673796791   0.0000000
2461612.000000000  304.21647 -19.72060  0.01002673796791   0.0000000
2461613.000000000  305.20414 -19.50429  0.01002673796791   0.0000000
2461614.000000000  306.18940 -19.28257  0.01002673796791   0.0000000
2461615.000000000  307.17226 -19.05551  0.01002673796791   0.0000000
2461616.000000000  308.15267 -18.82318  0.01002673796791   0.0000000
2461617.000000000  309.13064 -18.58566  0.01002673796791   0.0000000
2461618.000000000  310.10614 -18.34304  0.01002673796791   0.0000000
2461619.000000000  311.07914 -18.09540  0.01002673796791   0.0000000
2461620.000000000  312.04963 -17.84282  0.01002673796791   0.0000000
2461621.000000000  313.01759 -17.58539  0.01002673796791   0.0000000
2461622.000000000  313.98300 -17.32321  0.01002673796791   0.0000000
2461623.000000000  314.94585 -17.05636  0.01002673796791   0.0000000
2461624.000000000  315.90614 -16.78494  0.01002673796791   0.0000000
2461625.000000000  316.86387 -16.50903  0.01002673796791   0.0000000
2461626.000000000  317.81906 -16.22871  0.01002673796791   0.0000000
2461627.000000000  318.77172 -15.94408  0.01002673796791   0.0000000
2461628.000000000  319.72188 -15.65522  0.01002673796791   0.0000000
2461629.000000000  320.66958 -15.36221  0.01002673796791   0.0000000
2461630.000000000  321.61484 -15.06514  0.01002673796791   0.0000000
2461631.000000000  322.55772 -14.76409  0.01002673796791   0.0000000
2461632.000000000  323.49824 -14.45914  0.01002673796791   0.0000000
2461633.000000000  324.43647 -14.15037  0.01002673796791   0.0000000
2461634.000000000  325.37244 -13.83787  0.01002673796791   0.0000000
2461635.000000000  326.30622 -13.52171  0.01002673796791   0.0000000
2461636.000000000  327.23786 -13.20198  0.01002673796791   0.0000000
2461637.000000000  328.16741 -12.87876  0.01002673796791   0.0000000
2461638.000000000  329.09495 -12.55212  0.01002673796791   0.0000000
2461639.000000000  330.02052 -12.22216  0.01002673796791   0.0000000
2461640.000000000  330.94420 -11.88896  0.01002673796791   0.0000000
2461641.000000000  331.86604 -11.55259  0.01002673796791   0.0000000
2461642.000000000  332.78612 -11.21314  0.01002673796791   0.0000000
2461643.000000000  333.70448 -10.87070  0.01002673796791   0.0000000
2461644.000000000  334.62120 -10.52536  0.01002673796791   0.0000000
2461645.000000000  335.53633 -10.17719  0.01002673796791   0.0000000
2461646.000000000  336.44993  -9.82631  0.01002673796791   0.0000000
2461647.000000000  337.36205  -9.47279  0.01002673796791   0.0000000
2461648.000000000  338.27275  -9.11674  0.01002673796791   0.0000000
2461649.000000000  339.18207  -8.75826  0.01002673796791   0.0000000
2461650.000000000  340.09006  -8.39745  0.01002673796791   0.0000000
2461651.000000000  340.99677  -8.03440  0.01002673796791   0.0000000
2461652.000000000  341.90225  -7.66921  0.01002673796791   0.0000000
2461653.000000000  342.80657  -7.30199  0.01002673796791   0.0000000
2461654.000000000  343.70977  -6.93283  0.01002673796791   0.0000000
2461655.000000000  344.61193  -6.56181  0.01002673796791   0.0000000
2461656.000000000  345.51313  -6.18904  0.01002673796791   0.0000000
2461657.000000000  346.41343  -5.81460  0.01002673796791   0.0000000
2461658.000000000  347.31292  -5.43858  0.01002673796791   0.0000000
2461659.000000000  348.21169  -5.06107  0.01002673796791   0.0000000
2461660.000000000  349.10980  -4.68215  0.01002673796791   0.0000000
2461661.000000000  350.00736  -4.30191  0.01002673796791   0.0000000
2461662.000000000  350.90444  -3.92044  0.01002673796791   0.0000000
2461663.000000000  351.80115  -3.53783  0.01002673796791   0.0000000
2461664.000000000  352.69757  -3.15415  0.01002673796791   0.0000000
2461665.000000000  353.59379  -2.76950  0.01002673796791   0.0000000
2461666.000000000  354.48992  -2.38395  0.01002673796791   0.0000000
2461667.000000000  355.38605  -1.99760  0.01002673796791   0.0000000
2461668.000000000  356.28228  -1.61053  0.01002673796791   0.0000000
2461669.000000000  357.17869  -1.22282  0.01002673796791   0.0000000
2461670.000000000  358.07540  -0.83457  0.01002673796791   0.0000000
2461671.000000000  358.97249  -0.44586  0.01002673796791   0.0000000
2461672.000000000  359.87006  -0.05679  0.01002673796791   0.0000000
2461673.000000000    0.76820   0.33255  0.01002673796791   0.0000000
2461674.000000000    1.66698   0.72207  0.01002673796791   0.0000000
2461675.000000000    2.56650   1.11166  0.01002673796791   0.0000000
2461676.000000000    3.46682   1.50122  0.01002673796791   0.0000000
2461677.000000000    4.36803   1.89065  0.01002673796791   0.0000000
2461678.000000000    5.27018   2.27984  0.01002673796791   0.0000000
2461679.000000000    6.17335   2.66869  0.01002673796791   0.0000000
2461680.000000000    7.07760   3.05708  0.01002673796791   0.0000000
2461681.000000000    7.98300   3.44492  0.01002673796791   0.0000000
2461682.000000000    8.88962   3.83209  0.01002673796791   0.0000000
2461683.000000000    9.79753   4.21850  0.01002673796791   0.0000000
2461684.000000000   10.70681   4.60404  0.01002673796791   0.0000000
2461685.000000000   11.61753   4.98861  0.01002673796791   0.0000000
2461686.000000000   12.52977   5.37211  0.01002673796791   0.0000000
2461687.000000000   13.44362   5.75444  0.01002673796791   0.0000000
2461688.000000000   14.35915   6.13551  0.01002673796791   0.0000000
2461689.000000000   15.27646   6.51521  0.01002673796791   0.0000000
2461690.000000000   16.19562   6.89344  0.01002673796791   0.0000000
2461691.000000000   17.11672   7.27012  0.01002673796791   0.0000000
2461692.000000000   18.03986   7.64513  0.01002673796791   0.0000000
2461693.000000000   18.96510   8.01839  0.01002673796791   0.0000000
2461694.000000000   19.89256   8.38979  0.01002673796791   0.0000000
2461695.000000000   20.82231   8.75923  0.01002673796791   0.0000000
2461696.000000000   21.75444   9.12662  0.01002673796791   0.0000000
2461697.000000000   22.68905   9.49185  0.01002673796791   0.0000000
2461698.000000000   23.62622   9.85483  0.01002673796791   0.0000000
2461699.000000000   24.56603  10.21545  0.01002673796791   0.0000000
2461700.000000000   25.50856  10.57361  0.01002673796791   0.0000000
2461701.000000000   26.45390  10.92919  0.01002673796791   0.0000000
2461702.000000000   27.40211  11.28210  0.01002673796791   0.0000000
2461703.000000000   28.35325  11.63220  0.01002673796791   0.0000000
2461704.000000000   29.30738  11.97940  0.01002673796791   0.0000000
2461705.000000000   30.26455  12.32357  0.01002673796791   0.0000000
2461706.000000000   31.22480  12.66460  0.01002673796791   0.0000000
2461707.000000000   32.18818  13.00236  0.01002673796791   0.0000000
2461708.000000000   33.15471  13.33674  0.01002673796791   0.0000000
2461709.000000000   34.12443  13.66761  0.01002673796791   0.0000000
2461710.000000000   35.09736  13.99487  0.01002673796791   0.0000000
2461711.000000000   36.07353  14.31839  0.01002673796791   0.0000000
2461712.000000000   37.05297  14.63806  0.01002673796791   0.0000000
2461713.000000000   38.03571  14.95377  0.01002673796791   0.0000000
2461714.000000000   39.02177  15.26539  0.01002673796791   0.0000000
2461715.000000000   40.01117  15.57282  0.01002673796791   0.0000000
2461716.000000000   41.00394  15.87595  0.01002673796791   0.0000000
2461717.000000000   42.00011  16.17467  0.01002673796791   0.0000000
2461718.000000000   42.99969  16.46887  0.01002673796791   0.0000000
2461719.000000000   44.00271  16.75844  0.01002673796791   0.0000000
2461720.000000000   45.00918  17.04326  0.01002673796791   0.0000000
2461721.000000000   46.01913  17.32325  0.01002673796791   0.0000000
2461722.000000000   47.03256  17.59828  0.01002673796791   0.0000000
2461723.000000000   48.04950  17.86825  0.01002673796791   0.0000000
2461724.000000000   49.06996  18.13307  0.01002673796791   0.0000000
2461725.000000000   50.09395  18.39262  0.01002673796791   0.0000000
2461726.000000000   51.12148  18.64679  0.01002673796791   0.0000000
2461727.000000000   52.15256  18.89550  0.01002673796791   0.0000000
2461728.000000000   53.18718  19.13862  0.01002673796791   0.0000000
2461729.000000000   54.22534  19.37607  0.01002673796791   0.0000000
2461730.000000000   55.26702  19.60772  0.01002673796791   0.0000000
2461731.000000000   56.31219  19.83348  0.01002673796791   0.0000000
2461732.000000000   57.36082  20.05323  0.01002673796791   0.0000000
2461733.000000000   58.41285  20.26689  0.01002673796791   0.0000000
2461734.000000000   59.46823  20.47434  0.01002673796791   0.0000000
2461735.000000000   60.52690  20.67548  0.01002673796791   0.0000000
2461736.000000000   61.58879  20.87021  0.01002673796791   0.0000000
2461737.000000000   62.65380  21.05845  0.01002673796791   0.0000000
2461738.000000000   63.72187  21.24008  0.01002673796791   0.0000000
2461739.000000000   64.79289  21.41503  0.01002673796791   0.0000000
2461740.000000000   65.86678  21.58321  0.01002673796791   0.0000000
2461741.000000000   66.94345  21.74453  0.01002673796791   0.0000000
2461742.000000000   68.02278  21.89891  0.01002673796791   0.0000000
2461743.000000000   69.10469  22.04628  0.01002673796791   0.0000000
2461744.000000000   70.18907  22.18656  0.01002673796791   0.0000000
2461745.000000000   71.27581  22.31969  0.01002673796791   0.0000000
2461746.000000000   72.36481  22.44559  0.01002673796791   0.0000000
2461747.000000000   73.45597  22.56420  0.01002673796791   0.0000000
2461748.000000000   74.54916  22.67547  0.01002673796791   0.0000000
2461749.000000000   75.64429  22.77933  0.01002673796791   0.0000000
2461750.000000000   76.74124  22.87573  0.01002673796791   0.0000000
2461751.000000000   77.83990  22.96463  0.01002673796791   0.0000000
2461752.000000000   78.94016  23.04598  0.01002673796791   0.0000000
2461753.000000000   80.04192  23.11973  0.01002673796791   0.0000000
2461754.000000000   81.14506  23.18583  0.01002673796791   0.0000000
2461755.000000000   82.24948  23.24427  0.01002673796791   0.0000000
2461756.000000000   83.35507  23.29499  0.01002673796791   0.0000000
2461757.000000000   84.46171  23.33796  0.01002673796791   0.0000000
2461758.000000000   85.56928  23.37316  0.01002673796791   0.0000000
2461759.000000000   86.67766  23.40056  0.01002673796791   0.0000000
2461760.000000000   87.78671  23.42015  0.01002673796791   0.0000000
2461761.000000000   88.89628  23.43189  0.01002673796791   0.0000000
2461762.000000000   90.00623  23.43579  0.01002673796791   0.0000000
2461763.000000000   91.11640  23.43182  0.01002673796791   0.0000000
2461764.000000000   92.22665  23.42000  0.01002673796791   0.0000000
2461765.000000000   93.33681  23.40032  0.01002673796791   0.0000000
2461766.000000000   94.44673  23.37280  0.01002673796791   0.0000000
2461767.000000000   95.55624  23.33744  0.01002673796791   0.0000000
2461768.000000000   96.66519  23.29425  0.01002673796791   0.0000000
2461769.000000000   97.77342  23.24328  0.01002673796791   0.0000000
2461770.000000000   98.88079  23.18453  0.01002673796791   0.0000000
2461771.000000000   99.98713  23.11804  0.01002673796791   0.0000000
2461772.000000000  101.09230  23.04386  0.01002673796791   0.0000000
2461773.000000000  102.19617  22.96200  0.01002673796791   0.0000000
2461774.000000000  103.29859  22.87253  0.01002673796791   0.0000000
2461775.000000000  104.39943  22.77549  0.01002673796791   0.0000000
2461776.000000000  105.49856  22.67092  0.01002673796791   0.0000000
2461777.000000000  106.59587  22.55888  0.01002673796791   0.0000000
2461778.000000000  107.69122  22.43943  0.01002673796791   0.0000000
2461779.000000000  108.78452  22.31263  0.01002673796791   0.0000000
2461780.000000000  109.87567  22.17854  0.01002673796791   0.0000000
2461781.000000000  110.96456  22.03722  0.01002673796791   0.0000000
2461782.000000000  112.05112  21.88874  0.01002673796791   0.0000000
2461783.000000000  113.13526  21.73316  0.01002673796791   0.0000000
2461784.000000000  114.21693  21.57056  0.01002673796791   0.0000000
2461785.000000000  115.29605  21.40100  0.01002673796791   0.0000000
2461786.000000000  116.37256  21.22456  0.01002673796791   0.0000000
2461787.000000000  117.44639  21.04131  0.01002673796791   0.0000000
2461788.000000000  118.51749  20.85134  0.01002673796791   0.0000000
2461789.000000000  119.58577  20.65472  0.01002673796791   0.0000000
2461790.000000000  120.65119  20.45155  0.01002673796791   0.0000000
2461791.000000000  121.71366  20.24192  0.01002673796791   0.0000000
2461792.000000000  122.77313  20.02593  0.01002673796791   0.0000000
2461793.000000000  123.82953  19.80367  0.01002673796791   0.0000000
2461794.000000000  124.88280  19.57524  0.01002673796791   0.0000000
2461795.000000000  125.93289  19.34074  0.01002673796791   0.0000000
2461796.000000000  126.97974  19.10029  0.01002673796791   0.0000000
2461797.000000000  128.02331  18.85400  0.01002673796791   0.0000000
2461798.000000000  129.06356  18.60196  0.01002673796791   0.0000000
2461799.000000000  130.10044  18.34430  0.01002673796791   0.0000000
2461800.000000000  131.13392  18.08112  0.01002673796791   0.0000000
2461801.000000000  132.16398  17.81254  0.01002673796791   0.0000000
2461802.000000000  133.19060  17.53868  0.01002673796791   0.0000000
2461803.000000000  134.21375  17.25965  0.01002673796791   0.0000000
2461804.000000000  135.23344  16.97556  0.01002673796791   0.0000000
2461805.000000000  136.24965  16.68654  0.01002673796791   0.0000000
2461806.000000000  137.26239  16.39269  0.01002673796791   0.0000000
2461807.000000000  138.27166  16.09413  0.01002673796791   0.0000000
2461808.000000000  139.27749  15.79098  0.01002673796791   0.0000000
2461809.000000000  140.27990  15.48335  0.01002673796791   0.0000000
2461810.000000000  141.27891  15.17135  0.01002673796791   0.0000000
2461811.000000000  142.27458  14.85509  0.01002673796791   0.0000000
2461812.000000000  143.26694  14.53468  0.01002673796791   0.0000000
2461813.000000000  144.25605  14.21021  0.01002673796791   0.0000000
2461814.000000000  145.24197  13.88180  0.01002673796791   0.0000000
2461815.000000000  146.22476  13.54956  0.01002673796791   0.0000000
2461816.000000000  147.20447  13.21359  0.01002673796791   0.0000000
2461817.000000000  148.18116  12.87400  0.01002673796791   0.0000000
2461818.000000000  149.15489  12.53090  0.01002673796791   0.0000000
2461819.000000000  150.12569  12.18442  0.01002673796791   0.0000000
2461820.000000000  151.09363  11.83465  0.01002673796791   0.0000000
2461821.000000000  152.05876  11.48173  0.01002673796791   0.0000000
2461822.000000000  153.02112  11.12577  0.01002673796791   0.0000000
2461823.000000000  153.98076  10.76688  0.01002673796791   0.0000000
2461824.000000000  154.93774  10.40520  0.01002673796791   0.0000000
2461825.000000000  155.89210  10.04082  0.01002673796791   0.0000000
2461826.000000000  156.84391   9.67389  0.01002673796791   0.0000000
2461827.000000000  157.79321   9.30450  0.01002673796791   0.0000000
2461828.000000000  158.74007   8.93279  0.01002673796791   0.0000000
2461829.000000000  159.68453   8.55888  0.01002673796791   0.0000000
2461830.000000000  160.62667   8.18287  0.01002673796791   0.0000000
2461831.000000000  161.56654   7.80489  0.01002673796791   0.0000000
2461832.000000000  162.50420   7.42505  0.01002673796791   0.0000000
2461833.000000000  163.43972   7.04346  0.01002673796791   0.0000000
2461834.000000000  164.37318   6.66025  0.01002673796791   0.0000000
2461835.000000000  165.30463   6.27552  0.01002673796791   0.0000000
2461836.000000000  166.23416   5.88938  0.01002673796791   0.0000000
2461837.000000000  167.16185   5.50194  0.01002673796791   0.0000000
2461838.000000000  168.08778   5.11330  0.01002673796791   0.0000000
2461839.000000000  169.01203   4.72356  0.01002673796791   0.0000000
2461840.000000000  169.93471   4.33283  0.01002673796791   0.0000000
2461841.000000000  170.85591   3.94120  0.01002673796791   0.0000000
2461842.000000000  171.77574   3.54877  0.01002673796791   0.0000000
2461843.000000000  172.69430   3.15562  0.01002673796791   0.0000000
2461844.000000000  173.61170   2.76185  0.01002673796791   0.0000000
2461845.000000000  174.52804   2.36756  0.01002673796791   0.0000000
2461846.000000000  175.44340   1.97286  0.01002673796791   0.0000000
2461847.000000000  176.35790   1.57782  0.01002673796791   0.0000000
2461848.000000000  177.27161   1.18257  0.01002673796791   0.0000000
2461849.000000000  178.18462   0.78721  0.01002673796791   0.0000000
2461850.000000000  179.09702   0.39183  0.01002673796791   0.0000000
2461851.000000000  180.00889  -0.00346  0.01002673796791   0.0000000
2461852.000000000  180.92031  -0.39855  0.01002673796791   0.0000000
2461853.000000000  181.83135  -0.79334  0.01002673796791   0.0000000
2461854.000000000  182.74209  -1.18772  0.01002673796791   0.0000000
2461855.000000000  183.65261  -1.58159  0.01002673796791   0.0000000
2461856.000000000  184.56298  -1.97484  0.01002673796791   0.0000000
2461857.000000000  185.47327  -2.36736  0.01002673796791   0.0000000
2461858.000000000  186.38356  -2.75906  0.01002673796791   0.0000000
2461859.000000000  187.29390  -3.14982  0.01002673796791   0.0000000
2461860.000000000  188.20439  -3.53954  0.01002673796791   0.0000000
2461861.000000000  189.11507  -3.92812  0.01002673796791   0.0000000
2461862.000000000  190.02602  -4.31546  0.01002673796791   0.0000000
2461863.000000000  190.93731  -4.70146  0.01002673796791   0.0000000
2461864.000000000  191.84902  -5.08601  0.01002673796791   0.0000000
2461865.000000000  192.76121  -5.46903  0.01002673796791   0.0000000
2461866.000000000  193.67396  -5.85041  0.01002673796791   0.0000000
2461867.000000000  194.58735  -6.23007  0.01002673796791   0.0000000
2461868.000000000  195.50146  -6.60792  0.01002673796791   0.0000000
2461869.000000000  196.41638  -6.98386  0.01002673796791   0.0000000
2461870.000000000  197.33221  -7.35781  0.01002673796791   0.0000000
2461871.000000000  198.24903  -7.72968  0.01002673796791   0.0000000
2461872.000000000  199.16693  -8.09940  0.01002673796791   0.0000000
2461873.000000000  200.08602  -8.46687  0.01002673796791   0.0000000
2461874.000000000  201.00636  -8.83201  0.01002673796791   0.0000000
2461875.000000000  201.92806  -9.19472  0.01002673796791   0.0000000
2461876.000000000  202.85117  -9.55491  0.01002673796791   0.0000000
2461877.000000000  203.77578  -9.91249  0.01002673796791   0.0000000
2461878.000000000  204.70196 -10.26737  0.01002673796791   0.0000000
2461879.000000000  205.62976 -10.61945  0.01002673796791   0.0000000
2461880.000000000  206.55924 -10.96864  0.01002673796791   0.0000000
2461881.000000000  207.49047 -11.31483  0.01002673796791   0.0000000
2461882.000000000  208.42349 -11.65793  0.01002673796791   0.0000000
2461883.000000000  209.35835 -11.99785  0.01002673796791   0.0000000
2461884.000000000  210.29509 -12.33448  0.01002673796791   0.0000000
2461885.000000000  211.23377 -12.66774  0.01002673796791   0.0000000
2461886.000000000  212.17440 -12.99752  0.01002673796791   0.0000000
2461887.000000000  213.11703 -13.32373  0.01002673796791   0.0000000
2461888.000000000  214.06168 -13.64628  0.01002673796791   0.0000000
2461889.000000000  215.00838 -13.96506  0.01002673796791   0.0000000
2461890.000000000  215.95716 -14.27998  0.01002673796791   0.0000000
2461891.000000000  216.90803 -14.59096  0.01002673796791   0.0000000
2461892.000000000  217.86101 -14.89790  0.01002673796791   0.0000000
2461893.000000000  218.81614 -15.20071  0.01002673796791   0.0000000
2461894.000000000  219.77343 -15.49931  0.01002673796791   0.0000000
2461895.000000000  220.73290 -15.79360  0.01002673796791   0.0000000
2461896.000000000  221.69458 -16.08352  0.01002673796791   0.0000000
2461897.000000000  222.65851 -16.36897  0.01002673796791   0.0000000
2461898.000000000  223.62470 -16.64988  0.01002673796791   0.0000000
2461899.000000000  224.59319 -16.92616  0.01002673796791   0.0000000
2461900.000000000  225.56402 -17.19775  0.01002673796791   0.0000000
2461901.000000000  226.53722 -17.46456  0.01002673796791   0.0000000
2461902.000000000  227.51280 -17.72652  0.01002673796791   0.0000000
2461903.000000000  228.49080 -17.98354  0.01002673796791   0.0000000
2461904.000000000  229.47123 -18.23555  0.01002673796791   0.0000000
2461905.000000000  230.45409 -18.48247  0.01002673796791   0.0000000
2461906.000000000  231.43940 -18.72421  0.01002673796791   0.0000000
2461907.000000000  232.42714 -18.96071  0.01002673796791   0.0000000
2461908.000000000  233.41731 -19.19187  0.01002673796791   0.0000000
2461909.000000000  234.40989 -19.41763  0.01002673796791   0.0000000
2461910.000000000  235.40487 -19.63790  0.01002673796791   0.0000000
2461911.000000000  236.40221 -19.85262  0.01002673796791   0.0000000
2461912.000000000  237.40189 -20.06169  0.01002673796791   0.0000000
2461913.000000000  238.40387 -20.26506  0.01002673796791   0.0000000
2461914.000000000  239.40810 -20.46264  0.01002673796791   0.0000000
2461915.000000000  240.41453 -20.65438  0.01002673796791   0.0000000
2461916.000000000  241.42311 -20.84019  0.01002673796791   0.0000000
2461917.000000000  242.43378 -21.02001  0.01002673796791   0.0000000
2461918.000000000  243.44646 -21.19378  0.01002673796791   0.0000000
2461919.000000000  244.46110 -21.36144  0.01002673796791   0.0000000
2461920.000000000  245.47762 -21.52292  0.01002673796791   0.0000000
2461921.000000000  246.49595 -21.67818  0.01002673796791   0.0000000
2461922.000000000  247.51601 -21.82715  0.01002673796791   0.0000000
2461923.000000000  248.53774 -21.96979  0.01002673796791   0.0000000
2461924.000000000  249.56107 -22.10605  0.01002673796791   0.0000000
2461925.000000000  250.58593 -22.23589  0.01002673796791   0.0000000
2461926.000000000  251.61226 -22.35925  0.01002673796791   0.0000000
2461927.000000000  252.64001 -22.47611  0.01002673796791   0.0000000
2461928.000000000  253.66911 -22.58642  0.01002673796791   0.0000000
2461929.000000000  254.69950 -22.69014  0.01002673796791   0.0000000
2461930.000000000  255.73112 -22.78724  0.01002673796791   0.0000000
2461931.000000000  256.76391 -22.87768  0.01002673796791   0.0000000
2461932.000000000  257.79780 -22.96142  0.01002673796791   0.0000000
2461933.000000000  258.83271 -23.03845  0.01002673796791   0.0000000
2461934.000000000  259.86858 -23.10872  0.01002673796791   0.0000000
2461935.000000000  260.90532 -23.17221  0.01002673796791   0.0000000
2461936.000000000  261.94285 -23.22890  0.01002673796791   0.0000000
2461937.000000000  262.98108 -23.27877  0.01002673796791   0.0000000
2461938.000000000  264.01991 -23.32179  0.01002673796791   0.0000000
2461939.000000000  265.05926 -23.35795  0.01002673796791   0.0000000
2461940.000000000  266.09903 -23.38723  0.01002673796791   0.0000000
2461941.000000000  267.13910 -23.40962  0.01002673796791   0.0000000
2461942.000000000  268.17938 -23.42512  0.01002673796791   0.0000000
2461943.000000000  269.21976 -23.43372  0.01002673796791   0.0000000
2461944.000000000  270.26013 -23.43542  0.01002673796791   0.0000000
2461945.000000000  271.30037 -23.43023  0.01002673796791   0.0000000
2461946.000000000  272.34036 -23.41814  0.01002673796791   0.0000000
2461947.000000000  273.37997 -23.39917  0.01002673796791   0.0000000
2461948.000000000  274.41910 -23.37333  0.01002673796791   0.0000000
2461949.000000000  275.45763 -23.34064  0.01002673796791   0.0000000
2461950.000000000  276.49543 -23.30111  0.01002673796791   0.0000000
2461951.000000000  277.53241 -23.25478  0.01002673796791   0.0000000
2461952.000000000  278.56847 -23.20166  0.01002673796791   0.0000000
2461953.000000000  279.60350 -23.14178  0.01002673796791   0.0000000
2461954.000000000  280.63743 -23.07516  0.01002673796791   0.0000000
2461955.000000000  281.67017 -23.00185  0.01002673796791   0.0000000
2461956.000000000  282.70164 -22.92186  0.01002673796791   0.0000000
2461957.000000000  283.73179 -22.83523  0.01002673796791   0.0000000
2461958.000000000  284.76053 -22.74199  0.01002673796791   0.0000000
2461959.000000000  285.78781 -22.64218  0.01002673796791   0.0000000
2461960.000000000  286.81356 -22.53584  0.01002673796791   0.0000000
2461961.000000000  287.83772 -22.42300  0.01002673796791   0.0000000
2461962.000000000  288.86024 -22.30371  0.01002673796791   0.0000000
2461963.000000000  289.88105 -22.17800  0.01002673796791   0.0000000
2461964.000000000  290.90009 -22.04594  0.01002673796791   0.0000000
2461965.000000000  291.91732 -21.90755  0.01002673796791   0.0000000
2461966.000000000  292.93267 -21.76290  0.01002673796791   0.0000000
2461967.000000000  293.94608 -21.61204  0.01002673796791   0.0000000
2461968.000000000  294.95751 -21.45501  0.01002673796791   0.0000000
2461969.000000000  295.96690 -21.29189  0.01002673796791   0.0000000
2461970.000000000  296.97420 -21.12272  0.01002673796791   0.0000000
2461971.000000000  297.97936 -20.94757  0.01002673796791   0.0000000
2461972.000000000  298.98231 -20.76650  0.01002673796791   0.0000000
2461973.000000000  299.98302 -20.57959  0.01002673796791   0.0000000
2461974.000000000  300.98141 -20.38691  0.01002673796791   0.0000000
2461975.000000000  301.97745 -20.18852  0.01002673796791   0.0000000
2461976.000000000  302.97108 -19.98451  0.01002673796791   0.0000000
2461977.000000000  303.96224 -19.77495  0.01002673796791   0.0000000
2461978.000000000  304.95090 -19.55993  0.01002673796791   0.0000000
2461979.000000000  305.93702 -19.33952  0.01002673796791   0.0000000
2461980.000000000  306.92056 -19.11380  0.01002673796791   0.0000000
2461981.000000000  307.90152 -18.88285  0.01002673796791   0.0000000
2461982.000000000  308.87987 -18.64675  0.01002673796791   0.0000000
2461983.000000000  309.85561 -18.40558  0.01002673796791   0.0000000
2461984.000000000  310.82876 -18.15941  0.01002673796791   0.0000000
2461985.000000000  311.79931 -17.90832  0.01002673796791   0.0000000
2461986.000000000  312.76728 -17.65239  0.01002673796791   0.0000000
2461987.000000000  313.73268 -17.39169  0.01002673796791   0.0000000
2461988.000000000  314.69555 -17.12630  0.01002673796791   0.0000000
2461989.000000000  315.65591 -16.85629  0.01002673796791   0.0000000
2461990.000000000  316.61378 -16.58175  0.01002673796791   0.0000000
2461991.000000000  317.56920 -16.30275  0.01002673796791   0.0000000
2461992.000000000  318.52219 -16.01937  0.01002673796791   0.0000000
2461993.000000000  319.47279 -15.73169  0.01002673796791   0.0000000
2461994.000000000  320.42104 -15.43978  0.01002673796791   0.0000000
2461995.000000000  321.36697 -15.14374  0.01002673796791   0.0000000
2461996.000000000  322.31062 -14.84364  0.01002673796791   0.0000000
2461997.000000000  323.25203 -14.53957  0.01002673796791   0.0000000
2461998.000000000  324.19123 -14.23161  0.01002673796791   0.0000000
2461999.000000000  325.12827 -13.91985  0.01002673796791   0.0000000
2462000.000000000  326.06318 -13.60438  0.01002673796791   0.0000000
2462001.000000000  326.99601 -13.28528  0.01002673796791   0.0000000
2462002.000000000  327.92677 -12.96265  0.01002673796791   0.0000000
2462003.000000000  328.85551 -12.63658  0.01002673796791   0.0000000
2462004.000000000  329.78226 -12.30718  0.01002673796791   0.0000000
2462005.000000000  330.70705 -11.97453  0.01002673796791   0.0000000
2462006.000000000  331.62991 -11.63874  0.01002673796791   0.0000000
2462007.000000000  332.55087 -11.29990  0.01002673796791   0.0000000
2462008.000000000  333.46998 -10.95812  0.01002673796791   0.0000000
2462009.000000000  334.38728 -10.61347  0.01002673796791   0.0000000
2462010.000000000  335.30284 -10.26606  0.01002673796791   0.0000000
2462011.000000000  336.21670  -9.91597  0.01002673796791   0.0000000
2462012.000000000  337.12893  -9.56329  0.01002673796791   0.0000000
2462013.000000000  338.03961  -9.20811  0.01002673796791   0.0000000
2462014.000000000  338.94881  -8.85051  0.01002673796791   0.0000000
2462015.000000000  339.85660  -8.49057  0.01002673796791   0.0000000
2462016.000000000  340.76307  -8.12839  0.01002673796791   0.0000000
2462017.000000000  341.66829  -7.76404  0.01002673796791   0.0000000
2462018.000000000  342.57235  -7.39760  0.01002673796791   0.0000000
2462019.000000000  343.47534  -7.02917  0.01002673796791   0.0000000
2462020.000000000  344.37735  -6.65882  0.01002673796791   0.0000000
2462021.000000000  345.27844  -6.28664  0.01002673796791   0.0000000
2462022.000000000  346.17873  -5.91271  0.01002673796791   0.0000000
2462023.000000000  347.07829  -5.53712  0.01002673796791   0.0000000
2462024.000000000  347.97720  -5.15995  0.01002673796791   0.0000000
2462025.000000000  348.87557  -4.78130  0.01002673796791   0.0000000
2462026.000000000  349.77347  -4.40125  0.01002673796791   0.0000000
2462027.000000000  350.67100  -4.01988  0.01002673796791   0.0000000
2462028.000000000  351.56822  -3.63730  0.01002673796791   0.0000000
2462029.000000000  352.46524  -3.25359  0.01002673796791   0.0000000
2462030.000000000  353.36211  -2.86886  0.01002673796791   0.0000000
2462031.000000000  354.25893  -2.48319  0.01002673796791   0.0000000
2462032.000000000  355.15575  -2.09669  0.01002673796791   0.0000000
2462033.000000000  356.05265  -1.70946  0.01002673796791   0.0000000
2462034.000000000  356.94968  -1.32160  0.01002673796791   0.0000000
2462035.000000000  357.84691  -0.93323  0.01002673796791   0.0000000
2462036.000000000  358.74441  -0.54443  0.01002673796791   0.0000000
2462037.000000000  359.64225  -0.15532  0.01002673796791   0.0000000
2462038.000000000    0.54048   0.23402  0.01002673796791   0.0000000
2462039.000000000    1.43921   0.62348  0.01002673796791   0.0000000
2462040.000000000    2.33850   1.01297  0.01002673796791   0.0000000
2462041.000000000    3.23844   1.40239  0.01002673796791   0.0000000
2462042.000000000    4.13912   1.79166  0.01002673796791   0.0000000
2462043.000000000    5.04062   2.18068  0.01002673796791   0.0000000
2462044.000000000    5.94305   2.56935  0.01002673796791   0.0000000
2462045.000000000    6.84650   2.95760  0.01002673796791   0.0000000
2462046.000000000    7.75105   3.34532  0.01002673796791   0.0000000
2462047.000000000    8.65681   3.73242  0.01002673796791   0.0000000
2462048.000000000    9.56386   4.11881  0.01002673796791   0.0000000
2462049.000000000   10.47232   4.50440  0.01002673796791   0.0000000
2462050.000000000   11.38226   4.88909  0.01002673796791   0.0000000
2462051.000000000   12.29380   5.27279  0.01002673796791   0.0000000
2462052.000000000   13.20701   5.65540  0.01002673796791   0.0000000
2462053.000000000   14.12201   6.03682  0.01002673796791   0.0000000
2462054.000000000   15.03887   6.41697  0.01002673796791   0.0000000
2462055.000000000   15.95769   6.79572  0.01002673796791   0.0000000
2462056.000000000   16.87857   7.17300  0.01002673796791   0.0000000
2462057.000000000   17.80157   7.54868  0.01002673796791   0.0000000
2462058.000000000   18.72678   7.92266  0.01002673796791   0.0000000
2462059.000000000   19.65428   8.29484  0.01002673796791   0.0000000
2462060.000000000   20.58413   8.66511  0.01002673796791   0.0000000
2462061.000000000   21.51639   9.03334  0.01002673796791   0.0000000
2462062.000000000   22.45113   9.39943  0.01002673796791   0.0000000
2462063.000000000   23.38838   9.76325  0.01002673796791   0.0000000
2462064.000000000   24.32820  10.12470  0.01002673796791   0.0000000
2462065.000000000   25.27063  10.48366  0.01002673796791   0.0000000
2462066.000000000   26.21573  10.84002  0.01002673796791   0.0000000
2462067.000000000   27.16354  11.19365  0.01002673796791   0.0000000
2462068.000000000   28.11412  11.54446  0.01002673796791   0.0000000
2462069.000000000   29.06753  11.89233  0.01002673796791   0.0000000
2462070.000000000   30.02381  12.23716  0.01002673796791   0.0000000
2462071.000000000   30.98303  12.57883  0.01002673796791   0.0000000
2462072.000000000   31.94525  12.91725  0.01002673796791   0.0000000
2462073.000000000   32.91051  13.25229  0.01002673796791   0.0000000
2462074.000000000   33.87888  13.58386  0.01002673796791   0.0000000
2462075.000000000   34.85041  13.91184  0.01002673796791   0.0000000
2462076.000000000   35.82516  14.23614  0.01002673796791   0.0000000
2462077.000000000   36.80318  14.55663  0.01002673796791   0.0000000
2462078.000000000   37.78452  14.87322  0.01002673796791   0.0000000
2462079.000000000   38.76923  15.18579  0.01002673796791   0.0000000
2462080.000000000   39.75736  15.49424  0.01002673796791   0.0000000
2462081.000000000   40.74895  15.79846  0.01002673796791   0.0000000
2462082.000000000   41.74405  16.09833  0.01002673796791   0.0000000
2462083.000000000   42.74268  16.39375  0.01002673796791   0.0000000
2462084.000000000   43.74489  16.68460  0.01002673796791   0.0000000
2462085.000000000   44.75070  16.97077  0.01002673796791   0.0000000
2462086.000000000   45.76013  17.25216  0.01002673796791   0.0000000
2462087.000000000   46.77317  17.52864  0.01002673796791   0.0000000
2462088.000000000   47.78985  17.80010  0.01002673796791   0.0000000
2462089.000000000   48.81014  18.06643  0.01002673796791   0.0000000
2462090.000000000   49.83403  18.32751  0.01002673796791   0.0000000
2462091.000000000   50.86149  18.58322  0.01002673796791   0.0000000
2462092.000000000   51.89248  18.83346  0.01002673796791   0.0000000
2462093.000000000   52.92698  19.07811  0.01002673796791   0.0000000
2462094.000000000   53.96492  19.31707  0.01002673796791   0.0000000
2462095.000000000   55.00626  19.55023  0.01002673796791   0.0000000
2462096.000000000   56.05096  19.77748  0.01002673796791   0.0000000
2462097.000000000   57.09896  19.99872  0.01002673796791   0.0000000
2462098.000000000   58.15022  20.21386  0.01002673796791   0.0000000
2462099.000000000   59.20469  20.42280  0.01002673796791   0.0000000
2462100.000000000   60.26231  20.62544  0.01002673796791   0.0000000
2462101.000000000   61.32302  20.82170  0.01002673796791   0.0000000
2462102.000000000   62.38678  21.01147  0.01002673796791   0.0000000
2462103.000000000   63.45351  21.19468  0.01002673796791   0.0000000
2462104.000000000   64.52315  21.37124  0.01002673796791   0.0000000
2462105.000000000   65.59565  21.54107  0.01002673796791   0.0000000
2462106.000000000   66.67093  21.70407  0.01002673796791   0.0000000
2462107.000000000   67.74893  21.86018  0.01002673796791   0.0000000
2462108.000000000   68.82956  22.00932  0.01002673796791   0.0000000
2462109.000000000   69.91277  22.15141  0.01002673796791   0.0000000
2462110.000000000   70.99846  22.28637  0.01002673796791   0.0000000
2462111.000000000   72.08656  22.41415  0.01002673796791   0.0000000
2462112.000000000   73.17698  22.53467  0.01002673796791   0.0000000
2462113.000000000   74.26962  22.64786  0.01002673796791   0.0000000
2462114.000000000   75.36439  22.75367  0.01002673796791   0.0000000
2462115.000000000   76.46117  22.85203  0.01002673796791   0.0000000
2462116.000000000   77.55985  22.94289  0.01002673796791   0.0000000
2462117.000000000   78.66031  23.02619  0.01002673796791   0.0000000
2462118.000000000   79.76240  23.10189  0.01002673796791   0.0000000
2462119.000000000   80.86598  23.16993  0.01002673796791   0.0000000
2462120.000000000   81.97091  23.23029  0.01002673796791   0.0000000
2462121.000000000   83.07703  23.28292  0.01002673796791   0.0000000
2462122.000000000   84.18419  23.32780  0.01002673796791   0.0000000
2462123.000000000   85.29222  23.36490  0.01002673796791   0.0000000
2462124.000000000   86.40097  23.39419  0.01002673796791   0.0000000
2462125.000000000   87.51029  23.41567  0.01002673796791   0.0000000
2462126.000000000   88.62001  23.42932  0.01002673796791   0.0000000
2462127.000000000   89.72998  23.43513  0.01002673796791   0.0000000
2462128.000000000   90.84006  23.43310  0.01002673796791   0.0000000
2462129.000000000   91.95010  23.42322  0.01002673796791   0.0000000
2462130.000000000   93.05995  23.40552  0.01002673796791   0.0000000
2462131.000000000   94.16947  23.37998  0.01002673796791   0.0000000
2462132.000000000   95.27852  23.34663  0.01002673796791   0.0000000
2462133.000000000   96.38697  23.30548  0.01002673796791   0.0000000
2462134.000000000   97.49468  23.25655  0.01002673796791   0.0000000
2462135.000000000   98.60153  23.19987  0.01002673796791   0.0000000
2462136.000000000   99.70739  23.13545  0.01002673796791   0.0000000
2462137.000000000  100.81215  23.06333  0.01002673796791   0.0000000
2462138.000000000  101.91568  22.98354  0.01002673796791   0.0000000
2462139.000000000  103.01790  22.89611  0.01002673796791   0.0000000
2462140.000000000  104.11867  22.80109  0.01002673796791   0.0000000
2462141.000000000  105.21791  22.69851  0.01002673796791   0.0000000
2462142.000000000  106.31550  22.58842  0.01002673796791   0.0000000
2462143.000000000  107.41135  22.47087  0.01002673796791   0.0000000
2462144.000000000  108.50533  22.34592  0.01002673796791   0.0000000
2462145.000000000  109.59734  22.21362  0.01002673796791   0.0000000
2462146.000000000  110.68727  22.07403  0.01002673796791   0.0000000
2462147.000000000  111.77500  21.92723  0.01002673796791   0.0000000
2462148.000000000  112.86043  21.77329  0.01002673796791   0.0000000
2462149.000000000  113.94345  21.61228  0.01002673796791   0.0000000
2462150.000000000  115.02394  21.44428  0.01002673796791   0.0000000
2462151.000000000  116.10181  21.26938  0.01002673796791   0.0000000
2462152.000000000  117.17695  21.08766  0.01002673796791   0.0000000
2462153.000000000  118.24926  20.89921  0.01002673796791   0.0000000
2462154.000000000  119.31867  20.70413  0.01002673796791   0.0000000
2462155.000000000  120.38509  20.50251  0.01002673796791   0.0000000
2462156.000000000  121.44844  20.29445  0.01002673796791   0.0000000
2462157.000000000  122.50866  20.08004  0.01002673796791   0.0000000
2462158.000000000  123.56569  19.85938  0.01002673796791   0.0000000
2462159.000000000  124.61948  19.63258  0.01002673796791   0.0000000
2462160.000000000  125.66998  19.39973  0.01002673796791   0.0000000
2462161.000000000  126.71715  19.16094  0.01002673796791   0.0000000
2462162.000000000  127.76095  18.91631  0.01002673796791   0.0000000
2462163.000000000  128.80137  18.66594  0.01002673796791   0.0000000
2462164.000000000  129.83839  18.40994  0.01002673796791   0.0000000
2462165.000000000  130.87199  18.14841  0.01002673796791   0.0000000
2462166.000000000  131.90218  17.88146  0.01002673796791   0.0000000
2462167.000000000  132.92896  17.60918  0.01002673796791   0.0000000
2462168.000000000  133.95235  17.33169  0.01002673796791   0.0000000
2462169.000000000  134.97236  17.04907  0.01002673796791   0.0000000
2462170.000000000  135.98901  16.76145  0.01002673796791   0.0000000
2462171.000000000  137.00233  16.46891  0.01002673796791   0.0000000
2462172.000000000  138.01234  16.17158  0.01002673796791   0.0000000
2462173.000000000  139.01905  15.86957  0.01002673796791   0.0000000
2462174.000000000  140.02249  15.56298  0.01002673796791   0.0000000
2462175.000000000  141.02267  15.25193  0.01002673796791   0.0000000
2462176.000000000  142.01962  14.93654  0.01002673796791   0.0000000
2462177.000000000  143.01334  14.61693  0.01002673796791   0.0000000
2462178.000000000  144.00386  14.29322  0.01002673796791   0.0000000
2462179.000000000  144.99120  13.96554  0.01002673796791   0.0000000
2462180.000000000  145.97538  13.63399  0.01002673796791   0.0000000
2462181.000000000  146.95643  13.29872  0.01002673796791   0.0000000
2462182.000000000  147.93438  12.95982  0.01002673796791   0.0000000
2462183.000000000  148.90926  12.61744  0.01002673796791   0.0000000
2462184.000000000  149.88110  12.27169  0.01002673796791   0.0000000
2462185.000000000  150.84996  11.92269  0.01002673796791   0.0000000
2462186.000000000  151.81586  11.57056  0.01002673796791   0.0000000
2462187.000000000  152.77887  11.21541  0.01002673796791   0.0000000
2462188.000000000  153.73902  10.85737  0.01002673796791   0.0000000
2462189.000000000  154.69638  10.49655  0.01002673796791   0.0000000
2462190.000000000  155.65101  10.13307  0.01002673796791   0.0000000
2462191.000000000  156.60297   9.76704  0.01002673796791   0.0000000
2462192.000000000  157.55233   9.39856  0.01002673796791   0.0000000
2462193.000000000  158.49916   9.02776  0.01002673796791   0.0000000
2462194.000000000  159.44354   8.65473  0.01002673796791   0.0000000
2462195.000000000  160.38555   8.27958  0.01002673796791   0.0000000
2462196.000000000  161.32529   7.90242  0.01002673796791   0.0000000
2462197.000000000  162.26284   7.52334  0.01002673796791   0.0000000
2462198.000000000  163.19831   7.14244  0.01002673796791   0.0000000
2462199.000000000  164.13178   6.75983  0.01002673796791   0.0000000
2462200.000000000  165.06337   6.37560  0.01002673796791   0.0000000
2462201.000000000  165.99315   5.98987  0.01002673796791   0.0000000
2462202.000000000  166.92121   5.60273  0.01002673796791   0.0000000
2462203.000000000  167.84765   5.21430  0.01002673796791   0.0000000
2462204.000000000  168.77253   4.82467  0.01002673796791   0.0000000
2462205.000000000  169.69594   4.43397  0.01002673796791   0.0000000
2462206.000000000  170.61795   4.04231  0.01002673796791   0.0000000
2462207.000000000  171.53864   3.64979  0.01002673796791   0.0000000
2462208.000000000  172.45808   3.25652  0.01002673796791   0.0000000
2462209.000000000  173.37634   2.86262  0.01002673796791   0.0000000
2462210.000000000  174.29349   2.46820  0.01002673796791   0.0000000
2462211.000000000  175.20962   2.07336  0.01002673796791   0.0000000
2462212.000000000  176.12478   1.67822  0.01002673796791   0.0000000
2462213.000000000  177.03906   1.28289  0.01002673796791   0.0000000
2462214.000000000  177.95252   0.88746  0.01002673796791   0.0000000
2462215.000000000  178.86524   0.49206  0.01002673796791   0.0000000
2462216.000000000  179.77730   0.09678  0.01002673796791   0.0000000
2462217.000000000  180.68877  -0.29828  0.01002673796791   0.0000000
2462218.000000000  181.59973  -0.69301  0.01002673796791   0.0000000
2462219.000000000  182.51025  -1.08730  0.01002673796791   0.0000000
2462220.000000000  183.42042  -1.48107  0.01002673796791   0.0000000
2462221.000000000  184.33033  -1.87421  0.01002673796791   0.0000000
2462222.000000000  185.24005  -2.26662  0.01002673796791   0.0000000
2462223.000000000  186.14968  -2.65822  0.01002673796791   0.0000000
2462224.000000000  187.05932  -3.04891  0.01002673796791   0.0000000
2462225.000000000  187.96905  -3.43860  0.01002673796791   0.0000000
2462226.000000000  188.87899  -3.82721  0.01002673796791   0.0000000
2462227.000000000  189.78924  -4.21464  0.01002673796791   0.0000000
2462228.000000000  190.69989  -4.60081  0.01002673796791   0.0000000
2462229.000000000  191.61106  -4.98563  0.01002673796791   0.0000000
2462230.000000000  192.52283  -5.36901  0.01002673796791   0.0000000
2462231.000000000  193.43529  -5.75085  0.01002673796791   0.0000000
2462232.000000000  194.34852  -6.13105  0.01002673796791   0.0000000
2462233.000000000  195.26260  -6.50952  0.01002673796791   0.0000000
2462234.000000000  196.17761  -6.88615  0.01002673796791   0.0000000
2462235.000000000  197.09362  -7.26085  0.01002673796791   0.0000000
2462236.000000000  198.01068  -7.63353  0.01002673796791   0.0000000
2462237.000000000  198.92888  -8.00407  0.01002673796791   0.0000000
2462238.000000000  199.84826  -8.37238  0.01002673796791   0.0000000
2462239.000000000  200.76888  -8.73836  0.01002673796791   0.0000000
2462240.000000000  201.69081  -9.10190  0.01002673796791   0.0000000
2462241.000000000  202.61410  -9.46292  0.01002673796791   0.0000000
2462242.000000000  203.53880  -9.82131  0.01002673796791   0.0000000
2462243.000000000  204.46496 -10.17698  0.01002673796791   0.0000000
2462244.000000000  205.39263 -10.52982  0.01002673796791   0.0000000
2462245.000000000  206.32186 -10.87975  0.01002673796791   0.0000000
2462246.000000000  207.25269 -11.22666  0.01002673796791   0.0000000
2462247.000000000  208.18518 -11.57047  0.01002673796791   0.0000000
2462248.000000000  209.11937 -11.91107  0.01002673796791   0.0000000
2462249.000000000  210.05530 -12.24839  0.01002673796791   0.0000000
2462250.000000000  210.99303 -12.58232  0.01002673796791   0.0000000
2462251.000000000  211.93260 -12.91278  0.01002673796791   0.0000000
2462252.000000000  212.87407 -13.23969  0.01002673796791   0.0000000
2462253.000000000  213.81750 -13.56296  0.01002673796791   0.0000000
2462254.000000000  214.76295 -13.88251  0.01002673796791   0.0000000
2462255.000000000  215.71047 -14.19825  0.01002673796791   0.0000000
2462256.000000000  216.66012 -14.51010  0.01002673796791   0.0000000
2462257.000000000  217.61198 -14.81798  0.01002673796791   0.0000000
2462258.000000000  218.56608 -15.12180  0.01002673796791   0.0000000
2462259.000000000  219.52248 -15.42149  0.01002673796791   0.0000000
2462260.000000000  220.48121 -15.71694  0.01002673796791   0.0000000
2462261.000000000  221.44231 -16.00807  0.01002673796791   0.0000000
2462262.000000000  222.40581 -16.29480  0.01002673796791   0.0000000
2462263.000000000  223.37171 -16.57704  0.01002673796791   0.0000000
2462264.000000000  224.34004 -16.85469  0.01002673796791   0.0000000
2462265.000000000  225.31081 -17.12767  0.01002673796791   0.0000000
2462266.000000000  226.28401 -17.39590  0.01002673796791   0.0000000
2462267.000000000  227.25965 -17.65928  0.01002673796791   0.0000000
2462268.000000000  228.23771 -17.91773  0.01002673796791   0.0000000
2462269.000000000  229.21820 -18.17117  0.01002673796791   0.0000000
2462270.000000000  230.20108 -18.41951  0.01002673796791   0.0000000
2462271.000000000  231.18635 -18.66267  0.01002673796791   0.0000000
2462272.000000000  232.17398 -18.90057  0.01002673796791   0.0000000
2462273.000000000  233.16394 -19.13313  0.01002673796791   0.0000000
2462274.000000000  234.15620 -19.36028  0.01002673796791   0.0000000
2462275.000000000  235.15073 -19.58193  0.01002673796791   0.0000000
2462276.000000000  236.14750 -19.79802  0.01002673796791   0.0000000
2462277.000000000  237.14646 -20.00848  0.01002673796791   0.0000000
2462278.000000000  238.14757 -20.21323  0.01002673796791   0.0000000
2462279.000000000  239.15081 -20.41221  0.01002673796791   0.0000000
2462280.000000000  240.15615 -20.60535  0.01002673796791   0.0000000
2462281.000000000  241.16353 -20.79259  0.01002673796791   0.0000000
2462282.000000000  242.17295 -20.97388  0.01002673796791   0.0000000
2462283.000000000  243.18436 -21.14914  0.01002673796791   0.0000000
2462284.000000000  244.19774 -21.31833  0.01002673796791   0.0000000
2462285.000000000  245.21307 -21.48138  0.01002673796791   0.0000000
2462286.000000000  246.23031 -21.63824  0.01002673796791   0.0000000
2462287.000000000  247.24942 -21.78885  0.01002673796791   0.0000000
2462288.000000000  248.27036 -21.93317  0.01002673796791   0.0000000
2462289.000000000  249.29308 -22.07113  0.01002673796791   0.0000000
2462290.000000000  250.31752 -22.20269  0.01002673796791   0.0000000
2462291.000000000  251.34361 -22.32780  0.01002673796791   0.0000000
2462292.000000000  252.37128 -22.44641  0.01002673796791   0.0000000
2462293.000000000  253.40046 -22.55847  0.01002673796791   0.0000000
2462294.000000000  254.43106 -22.66395  0.01002673796791   0.0000000
2462295.000000000  255.46300 -22.76280  0.01002673796791   0.0000000
2462296.000000000  256.49619 -22.85498  0.01002673796791   0.0000000
2462297.000000000  257.53053 -22.94047  0.01002673796791   0.0000000
2462298.000000000  258.56592 -23.01922  0.01002673796791   0.0000000
2462299.000000000  259.60227 -23.09122  0.01002673796791   0.0000000
2462300.000000000  260.63946 -23.15642  0.01002673796791   0.0000000
2462301.000000000  261.67739 -23.21483  0.01002673796791   0.0000000
2462302.000000000  262.71594 -23.26640  0.01002673796791   0.0000000
2462303.000000000  263.75500 -23.31113  0.01002673796791   0.0000000
2462304.000000000  264.79447 -23.34901  0.01002673796791   0.0000000
2462305.000000000  265.83422 -23.38001  0.01002673796791   0.0000000
2462306.000000000  266.87416 -23.40415  0.01002673796791   0.0000000
2462307.000000000  267.91416 -23.42141  0.01002673796791   0.0000000
2462308.000000000  268.95414 -23.43179  0.01002673796791   0.0000000
2462309.000000000  269.99400 -23.43529  0.01002673796791   0.0000000
2462310.000000000  271.03364 -23.43191  0.01002673796791   0.0000000
2462311.000000000  272.07298 -23.42166  0.01002673796791   0.0000000
2462312.000000000  273.11193 -23.40454  0.01002673796791   0.0000000
2462313.000000000  274.15042 -23.38057  0.01002673796791   0.0000000
2462314.000000000  275.18838 -23.34975  0.01002673796791   0.0000000
2462315.000000000  276.22573 -23.31209  0.01002673796791   0.0000000
2462316.000000000  277.26239 -23.26761  0.01002673796791   0.0000000
2462317.000000000  278.29829 -23.21632  0.01002673796791   0.0000000
2462318.000000000  279.33334 -23.15825  0.01002673796791   0.0000000
2462319.000000000  280.36746 -23.09342  0.01002673796791   0.0000000
2462320.000000000  281.40057 -23.02184  0.01002673796791   0.0000000
2462321.000000000  282.43259 -22.94356  0.01002673796791   0.0000000
2462322.000000000  283.46342 -22.85860  0.01002673796791   0.0000000
2462323.000000000  284.49299 -22.76700  0.01002673796791   0.0000000
2462324.000000000  285.52121 -22.66879  0.01002673796791   0.0000000
2462325.000000000  286.54798 -22.56401  0.01002673796791   0.0000000
2462326.000000000  287.57323 -22.45271  0.01002673796791   0.0000000
2462327.000000000  288.59687 -22.33493  0.01002673796791   0.0000000
2462328.000000000  289.61882 -22.21072  0.01002673796791   0.0000000
2462329.000000000  290.63898 -22.08013  0.01002673796791   0.0000000
2462330.000000000  291.65728 -21.94322  0.01002673796791   0.0000000
2462331.000000000  292.67364 -21.80005  0.01002673796791   0.0000000
2462332.000000000  293.68796 -21.65067  0.01002673796791   0.0000000
2462333.000000000  294.70019 -21.49515  0.01002673796791   0.0000000
2462334.000000000  295.71024 -21.33354  0.01002673796791   0.0000000
2462335.000000000  296.71806 -21.16593  0.01002673796791   0.0000000
2462336.000000000  297.72359 -20.99236  0.01002673796791   0.0000000
2462337.000000000  298.72677 -20.81290  0.01002673796791   0.0000000
2462338.000000000  299.72758 -20.62763  0.01002673796791   0.0000000
2462339.000000000  300.72599 -20.43659  0.01002673796791   0.0000000
2462340.000000000  301.72196 -20.23987  0.01002673796791   0.0000000
2462341.000000000  302.71548 -20.03752  0.01002673796791   0.0000000
2462342.000000000  303.70655 -19.82962  0.01002673796791   0.0000000
2462343.000000000  304.69515 -19.61622  0.01002673796791   0.0000000
2462344.000000000  305.68127 -19.39739  0.01002673796791   0.0000000
2462345.000000000  306.66493 -19.17321  0.01002673796791   0.0000000
2462346.000000000  307.64612 -18.94375  0.01002673796791   0.0000000
2462347.000000000  308.62484 -18.70907  0.01002673796791   0.0000000
2462348.000000000  309.60108 -18.46924  0.01002673796791   0.0000000
2462349.000000000  310.57486 -18.22436  0.01002673796791   0.0000000
2462350.000000000  311.54618 -17.97448  0.01002673796791   0.0000000
2462351.000000000  312.51504 -17.71970  0.01002673796791   0.0000000
2462352.000000000  313.48144 -17.46009  0.01002673796791   0.0000000
2462353.000000000  314.44540 -17.19572  0.01002673796791   0.0000000
2462354.000000000  315.40692 -16.92670  0.01002673796791   0.0000000
2462355.000000000  316.36601 -16.65309  0.01002673796791   0.0000000
2462356.000000000  317.32267 -16.37499  0.01002673796791   0.0000000
2462357.000000000  318.27691 -16.09248  0.01002673796791   0.0000000
2462358.000000000  319.22875 -15.80566  0.01002673796791   0.0000000
2462359.000000000  320.17819 -15.51461  0.01002673796791   0.0000000
2462360.000000000  321.12524 -15.21944  0.01002673796791   0.0000000
2462361.000000000  322.06990 -14.92022  0.01002673796791   0.0000000
2462362.000000000  323.01220 -14.61707  0.01002673796791   0.0000000
2462363.000000000  323.95216 -14.31006  0.01002673796791   0.0000000
2462364.000000000  324.88979 -13.99929  0.01002673796791   0.0000000
2462365.000000000  325.82514 -13.68484  0.01002673796791   0.0000000
2462366.000000000  326.75823 -13.36682  0.01002673796791   0.0000000
2462367.000000000  327.68913 -13.04530  0.01002673796791   0.0000000
2462368.000000000  328.61787 -12.72036  0.01002673796791   0.0000000
2462369.000000000  329.54453 -12.39209  0.01002673796791   0.0000000
2462370.000000000  330.46916 -12.06058  0.01002673796791   0.0000000
2462371.000000000  331.39183 -11.72589  0.01002673796791   0.0000000
2462372.000000000  332.31261 -11.38813  0.01002673796791   0.0000000
2462373.000000000  333.23156 -11.04736  0.01002673796791   0.0000000
2462374.000000000  334.14877 -10.70366  0.01002673796791   0.0000000
2462375.000000000  335.06431 -10.35713  0.01002673796791   0.0000000
2462376.000000000  335.97824 -10.00785  0.01002673796791   0.0000000
2462377.000000000  336.89065  -9.65590  0.01002673796791   0.0000000
2462378.000000000  337.80161  -9.30136  0.01002673796791   0.0000000
2462379.000000000  338.71118  -8.94433  0.01002673796791   0.0000000
2462380.000000000  339.61945  -8.58488  0.01002673796791   0.0000000
2462381.000000000  340.52649  -8.22311  0.01002673796791   0.0000000
2462382.000000000  341.43236  -7.85912  0.01002673796791   0.0000000
2462383.000000000  342.33715  -7.49298  0.01002673796791   0.0000000
2462384.000000000  343.24091  -7.12479  0.01002673796791   0.0000000
2462385.000000000  344.14372  -6.75464  0.01002673796791   0.0000000
2462386.000000000  345.04565  -6.38264  0.01002673796791   0.0000000
2462387.000000000  345.94674  -6.00888  0.01002673796791   0.0000000
2462388.000000000  346.84708  -5.63345  0.01002673796791   0.0000000
2462389.000000000  347.74671  -5.25646  0.01002673796791   0.0000000
2462390.000000000  348.64569  -4.87800  0.01002673796791   0.0000000
2462391.000000000  349.54408  -4.49818  0.01002673796791   0.0000000
2462392.000000000  350.44195  -4.11709  0.01002673796791   0.0000000
2462393.000000000  351.33936  -3.73483  0.01002673796791   0.0000000
2462394.000000000  352.23639  -3.35150  0.01002673796791   0.0000000
2462395.000000000  353.13311  -2.96717  0.01002673796791   0.0000000
2462396.000000000  354.02961  -2.58195  0.01002673796791   0.0000000
2462397.000000000  354.92598  -2.19591  0.01002673796791   0.0000000
2462398.000000000  355.82231  -1.80916  0.01002673796791   0.0000000
2462399.000000000  356.71869  -1.42177  0.01002673796791   0.0000000
2462400.000000000  357.61521  -1.03383  0.01002673796791   0.0000000
2462401.000000000  358.51198  -0.64543  0.01002673796791   0.0000000
2462402.000000000  359.40909  -0.25666  0.01002673796791   0.0000000
2462403.000000000    0.30665   0.13240  0.01002673796791   0.0000000
2462404.000000000    1.20474   0.52165  0.01002673796791   0.0000000
2462405.000000000    2.10346   0.91102  0.01002673796791   0.0000000
2462406.000000000    3.00292   1.30039  0.01002673796791   0.0000000
2462407.000000000    3.90320   1.68969  0.01002673796791   0.0000000
2462408.000000000    4.80441   2.07882  0.01002673796791   0.0000000
2462409.000000000    5.70664   2.46769  0.01002673796791   0.0000000
2462410.000000000    6.60997   2.85619  0.01002673796791   0.0000000
2462411.000000000    7.51451   3.24424  0.01002673796791   0.0000000
2462412.000000000    8.42033   3.63173  0.01002673796791   0.0000000
2462413.000000000    9.32752   4.01856  0.01002673796791   0.0000000
2462414.000000000   10.23616   4.40463  0.01002673796791   0.0000000
2462415.000000000   11.14632   4.78983  0.01002673796791   0.0000000
2462416.000000000   12.05808   5.17406  0.01002673796791   0.0000000
2462417.000000000   12.97151   5.55721  0.01002673796791   0.0000000
2462418.000000000   13.88666   5.93917  0.01002673796791   0.0000000
2462419.000000000   14.80359   6.31982  0.01002673796791   0.0000000
2462420.000000000   15.72236   6.69907  0.01002673796791   0.0000000
2462421.000000000   16.64304   7.07679  0.01002673796791   0.0000000
2462422.000000000   17.56568   7.45288  0.01002673796791   0.0000000
2462423.000000000   18.49037   7.82725  0.01002673796791   0.0000000
2462424.000000000   19.41716   8.19978  0.01002673796791   0.0000000
2462425.000000000   20.34613   8.57037  0.01002673796791   0.0000000
2462426.000000000   21.27737   8.93893  0.01002673796791   0.0000000
2462427.000000000   22.21095   9.30534  0.01002673796791   0.0000000
2462428.000000000   23.14695   9.66951  0.01002673796791   0.0000000
2462429.000000000   24.08545  10.03133  0.01002673796791   0.0000000
2462430.000000000   25.02653  10.39071  0.01002673796791   0.0000000
2462431.000000000   25.97027  10.74753  0.01002673796791   0.0000000
2462432.000000000   26.91675  11.10170  0.01002673796791   0.0000000
2462433.000000000   27.86605  11.45310  0.01002673796791   0.0000000
2462434.000000000   28.81823  11.80164  0.01002673796791   0.0000000
2462435.000000000   29.77338  12.14721  0.01002673796791   0.0000000
2462436.000000000   30.73157  12.48970  0.01002673796791   0.0000000
2462437.000000000   31.69285  12.82899  0.01002673796791   0.0000000
2462438.000000000   32.65730  13.16499  0.01002673796791   0.0000000
2462439.000000000   33.62497  13.49757  0.01002673796791   0.0000000
2462440.000000000   34.59592  13.82663  0.01002673796791   0.0000000
2462441.000000000   35.57020  14.15205  0.01002673796791   0.0000000
2462442.000000000   36.54785  14.47372  0.01002673796791   0.0000000
2462443.000000000   37.52891  14.79152  0.01002673796791   0.0000000
2462444.000000000   38.51341  15.10534  0.01002673796791   0.0000000
2462445.000000000   39.50138  15.41505  0.01002673796791   0.0000000
2462446.000000000   40.49281  15.72055  0.01002673796791   0.0000000
2462447.000000000   41.48772  16.02170  0.01002673796791   0.0000000
2462448.000000000   42.48611  16.31839  0.01002673796791   0.0000000
2462449.000000000   43.48796  16.61051  0.01002673796791   0.0000000
2462450.000000000   44.49328  16.89794  0.01002673796791   0.0000000
2462451.000000000   45.50207  17.18057  0.01002673796791   0.0000000
2462452.000000000   46.51431  17.45828  0.01002673796791   0.0000000
2462453.000000000   47.53001  17.73096  0.01002673796791   0.0000000
2462454.000000000   48.54916  17.99852  0.01002673796791   0.0000000
2462455.000000000   49.57176  18.26084  0.01002673796791   0.0000000
2462456.000000000   50.59782  18.51781  0.01002673796791   0.0000000
2462457.000000000   51.62731  18.76934  0.01002673796791   0.0000000
2462458.000000000   52.66024  19.01531  0.01002673796791   0.0000000
2462459.000000000   53.69659  19.25563  0.01002673796791   0.0000000
2462460.000000000   54.73635  19.49020  0.01002673796791   0.0000000
2462461.000000000   55.77949  19.71890  0.01002673796791   0.0000000
2462462.000000000   56.82601  19.94165  0.01002673796791   0.0000000
2462463.000000000   57.87586  20.15834  0.01002673796791   0.0000000
2462464.000000000   58.92903  20.36888  0.01002673796791   0.0000000
2462465.000000000   59.98548  20.57318  0.01002673796791   0.0000000
2462466.000000000   61.04517  20.77112  0.01002673796791   0.0000000
2462467.000000000   62.10804  20.96263  0.01002673796791   0.0000000
2462468.000000000   63.17406  21.14761  0.01002673796791   0.0000000
2462469.000000000   64.24316  21.32596  0.01002673796791   0.0000000
2462470.000000000   65.31527  21.49761  0.01002673796791   0.0000000
2462471.000000000   66.39033  21.66246  0.01002673796791   0.0000000
2462472.000000000   67.46824  21.82043  0.01002673796791   0.0000000
2462473.000000000   68.54891  21.97143  0.01002673796791   0.0000000
2462474.000000000   69.63224  22.11540  0.01002673796791   0.0000000
2462475.000000000   70.71811  22.25224  0.01002673796791   0.0000000
2462476.000000000   71.80641  22.38190  0.01002673796791   0.0000000
2462477.000000000   72.89699  22.50429  0.01002673796791   0.0000000
2462478.000000000   73.98973  22.61936  0.01002673796791   0.0000000
2462479.000000000   75.08449  22.72705  0.01002673796791   0.0000000
2462480.000000000   76.18115  22.82730  0.01002673796791   0.0000000
2462481.000000000   77.27956  22.92005  0.01002673796791   0.0000000
2462482.000000000   78.37960  23.00526  0.01002673796791   0.0000000
2462483.000000000   79.48115  23.08289  0.01002673796791   0.0000000
2462484.000000000   80.58406  23.15288  0.01002673796791   0.0000000
2462485.000000000   81.68822  23.21521  0.01002673796791   0.0000000
2462486.000000000   82.79350  23.26984  0.01002673796791   0.0000000
2462487.000000000   83.89976  23.31673  0.01002673796791   0.0000000
2462488.000000000   85.00689  23.35587  0.01002673796791   0.0000000
2462489.000000000   86.11474  23.38723  0.01002673796791   0.0000000
2462490.000000000   87.22320  23.41078  0.01002673796791   0.0000000
2462491.000000000   88.33214  23.42652  0.01002673796791   0.0000000
2462492.000000000   89.44144  23.43443  0.01002673796791   0.0000000
2462493.000000000   90.55095  23.43450  0.01002673796791   0.0000000
2462494.000000000   91.66057  23.42672  0.01002673796791   0.0000000
2462495.000000000   92.77016  23.41110  0.01002673796791   0.0000000
2462496.000000000   93.87959  23.38763  0.01002673796791   0.0000000
2462497.000000000   94.98874  23.35633  0.01002673796791   0.0000000
2462498.000000000   96.09748  23.31720  0.01002673796791   0.0000000
2462499.000000000   97.20568  23.27026  0.01002673796791   0.0000000
2462500.000000000   98.31320  23.21552  0.01002673796791   0.0000000
2462501.000000000   99.41989  23.15303  0.01002673796791   0.0000000
2462502.000000000  100.52563  23.08279  0.01002673796791   0.0000000
2462503.000000000  101.63026  23.00485  0.01002673796791   0.0000000
2462504.000000000  102.73363  22.91926  0.01002673796791   0.0000000
2462505.000000000  103.83560  22.82604  0.01002673796791   0.0000000
2462506.000000000  104.93601  22.72526  0.01002673796791   0.0000000
2462507.000000000  106.03473  22.61696  0.01002673796791   0.0000000
2462508.000000000  107.13161  22.50121  0.01002673796791   0.0000000
2462509.000000000  108.22651  22.37807  0.01002673796791   0.0000000
2462510.000000000  109.31932  22.24759  0.01002673796791   0.0000000
2462511.000000000  110.40992  22.10984  0.01002673796791   0.0000000
2462512.000000000  111.49819  21.96490  0.01002673796791   0.0000000
2462513.000000000  112.58404  21.81284  0.01002673796791   0.0000000
2462514.000000000  113.66736  21.65372  0.01002673796791   0.0000000
2462515.000000000  114.74807  21.48763  0.01002673796791   0.0000000
2462516.000000000  115.82608  21.31464  0.01002673796791   0.0000000
2462517.000000000  116.90132  21.13483  0.01002673796791   0.0000000
2462518.000000000  117.97372  20.94829  0.01002673796791   0.0000000
2462519.000000000  119.04321  20.75510  0.01002673796791   0.0000000
2462520.000000000  120.10974  20.55535  0.01002673796791   0.0000000
2462521.000000000  121.17326  20.34913  0.01002673796791   0.0000000
2462522.000000000  122.23372  20.13651  0.01002673796791   0.0000000
2462523.000000000  123.29109  19.91760  0.01002673796791   0.0000000
2462524.000000000  124.34534  19.69248  0.01002673796791   0.0000000
2462525.000000000  125.39643  19.46125  0.01002673796791   0.0000000
2462526.000000000  126.44434  19.22400  0.01002673796791   0.0000000
2462527.000000000  127.48905  18.98084  0.01002673796791   0.0000000
2462528.000000000  128.53053  18.73186  0.01002673796791   0.0000000
2462529.000000000  129.56877  18.47718  0.01002673796791   0.0000000
2462530.000000000  130.60373  18.21689  0.01002673796791   0.0000000
2462531.000000000  131.63539  17.95110  0.01002673796791   0.0000000
2462532.000000000  132.66374  17.67994  0.01002673796791   0.0000000
2462533.000000000  133.68874  17.40351  0.01002673796791   0.0000000
2462534.000000000  134.71038  17.12193  0.01002673796791   0.0000000
2462535.000000000  135.72864  16.83532  0.01002673796791   0.0000000
2462536.000000000  136.74350  16.54381  0.01002673796791   0.0000000
2462537.000000000  137.75495  16.24750  0.01002673796791   0.0000000
2462538.000000000  138.76300  15.94653  0.01002673796791   0.0000000
2462539.000000000  139.76763  15.64100  0.01002673796791   0.0000000
2462540.000000000  140.76887  15.33104  0.01002673796791   0.0000000
2462541.000000000  141.76672  15.01677  0.01002673796791   0.0000000
2462542.000000000  142.76122  14.69830  0.01002673796791   0.0000000
2462543.000000000  143.75238  14.37575  0.01002673796791   0.0000000
2462544.000000000  144.74024  14.04923  0.01002673796791   0.0000000
2462545.000000000  145.72484  13.71886  0.01002673796791   0.0000000
2462546.000000000  146.70621  13.38476  0.01002673796791   0.0000000
2462547.000000000  147.68442  13.04703  0.01002673796791   0.0000000
2462548.000000000  148.65950  12.70579  0.01002673796791   0.0000000
2462549.000000000  149.63152  12.36115  0.01002673796791   0.0000000
2462550.000000000  150.60055  12.01322  0.01002673796791   0.0000000
2462551.000000000  151.56664  11.66211  0.01002673796791   0.0000000
2462552.000000000  152.52988  11.30792  0.01002673796791   0.0000000
2462553.000000000  153.49034  10.95076  0.01002673796791   0.0000000
2462554.000000000  154.44810  10.59074  0.01002673796791   0.0000000
2462555.000000000  155.40323  10.22797  0.01002673796791   0.0000000
2462556.000000000  156.35582   9.86254  0.01002673796791   0.0000000
2462557.000000000  157.30594   9.49459  0.01002673796791   0.0000000
2462558.000000000  158.25366   9.12421  0.01002673796791   0.0000000
2462559.000000000  159.19905   8.75152  0.01002673796791   0.0000000
2462560.000000000  160.14217   8.37664  0.01002673796791   0.0000000
2462561.000000000  161.08310   7.99968  0.01002673796791   0.0000000
2462562.000000000  162.02188   7.62075  0.01002673796791   0.0000000
2462563.000000000  162.95859   7.23999  0.01002673796791   0.0000000
2462564.000000000  163.89329   6.85750  0.01002673796791   0.0000000
2462565.000000000  164.82603   6.47340  0.01002673796791   0.0000000
2462566.000000000  165.75688   6.08780  0.01002673796791   0.0000000
2462567.000000000  166.68591   5.70082  0.01002673796791   0.0000000
2462568.000000000  167.61318   5.31257  0.01002673796791   0.0000000
2462569.000000000  168.53876   4.92317  0.01002673796791   0.0000000
2462570.000000000  169.46273   4.53272  0.01002673796791   0.0000000
2462571.000000000  170.38515   4.14134  0.01002673796791   0.0000000
2462572.000000000  171.30612   3.74912  0.01002673796791   0.0000000
2462573.000000000  172.22569   3.35618  0.01002673796791   0.0000000
2462574.000000000  173.14397   2.96262  0.01002673796791   0.0000000
2462575.000000000  174.06103   2.56853  0.01002673796791   0.0000000
2462576.000000000  174.97695   2.17404  0.01002673796791   0.0000000
2462577.000000000  175.89184   1.77922  0.01002673796791   0.0000000
2462578.000000000  176.80577   1.38419  0.01002673796791   0.0000000
2462579.000000000  177.71886   0.98903  0.01002673796791   0.0000000
2462580.000000000  178.63119   0.59384  0.01002673796791   0.0000000
2462581.000000000  179.54287   0.19871  0.01002673796791   0.0000000
2462582.000000000  180.45402  -0.19625  0.01002673796791   0.0000000
2462583.000000000  181.36472  -0.59097  0.01002673796791   0.0000000
2462584.000000000  182.27509  -0.98535  0.01002673796791   0.0000000
2462585.000000000  183.18522  -1.37928  0.01002673796791   0.0000000
2462586.000000000  184.09522  -1.77268  0.01002673796791   0.0000000
2462587.000000000  185.00516  -2.16544  0.01002673796791   0.0000000
2462588.000000000  185.91514  -2.55746  0.01002673796791   0.0000000
2462589.000000000  186.82522  -2.94865  0.01002673796791   0.0000000
2462590.000000000  187.73550  -3.33889  0.01002673796791   0.0000000
2462591.000000000  188.64604  -3.72808  0.01002673796791   0.0000000
2462592.000000000  189.55691  -4.11613  0.01002673796791   0.0000000
2462593.000000000  190.46819  -4.50293  0.01002673796791   0.0000000
2462594.000000000  191.37993  -4.88836  0.01002673796791   0.0000000
2462595.000000000  192.29220  -5.27234  0.01002673796791   0.0000000
2462596.000000000  193.20506  -5.65477  0.01002673796791   0.0000000
2462597.000000000  194.11860  -6.03553  0.01002673796791   0.0000000
2462598.000000000  195.03285  -6.41453  0.01002673796791   0.0000000
2462599.000000000  195.94790  -6.79168  0.01002673796791   0.0000000
2462600.000000000  196.86381  -7.16687  0.01002673796791   0.0000000
2462601.000000000  197.78064  -7.54001  0.01002673796791   0.0000000
2462602.000000000  198.69845  -7.91100  0.01002673796791   0.0000000
2462603.000000000  199.61733  -8.27975  0.01002673796791   0.0000000
2462604.000000000  200.53732  -8.64616  0.01002673796791   0.0000000
2462605.000000000  201.45850  -9.01015  0.01002673796791   0.0000000
2462606.000000000  202.38094  -9.37162  0.01002673796791   0.0000000
2462607.000000000  203.30472  -9.73048  0.01002673796791   0.0000000
2462608.000000000  204.22990 -10.08664  0.01002673796791   0.0000000
2462609.000000000  205.15657 -10.44003  0.01002673796791   0.0000000
2462610.000000000  206.08481 -10.79054  0.01002673796791   0.0000000
2462611.000000000  207.01470 -11.13810  0.01002673796791   0.0000000
2462612.000000000  207.94632 -11.48262  0.01002673796791   0.0000000
2462613.000000000  208.87975 -11.82402  0.01002673796791   0.0000000
2462614.000000000  209.81505 -12.16219  0.01002673796791   0.0000000
2462615.000000000  210.75230 -12.49706  0.01002673796791   0.0000000
2462616.000000000  211.69154 -12.82853  0.01002673796791   0.0000000
2462617.000000000  212.63282 -13.15650  0.01002673796791   0.0000000
2462618.000000000  213.57620 -13.48089  0.01002673796791   0.0000000
2462619.000000000  214.52170 -13.80160  0.01002673796791   0.0000000
2462620.000000000  215.46936 -14.11852  0.01002673796791   0.0000000
2462621.000000000  216.41921 -14.43158  0.01002673796791   0.0000000
2462622.000000000  217.37128 -14.74068  0.01002673796791   0.0000000
2462623.000000000  218.32557 -15.04572  0.01002673796791   0.0000000
2462624.000000000  219.28212 -15.34662  0.01002673796791   0.0000000
2462625.000000000  220.24093 -15.64327  0.01002673796791   0.0000000
2462626.000000000  221.20202 -15.93560  0.01002673796791   0.0000000
2462627.000000000  222.16539 -16.22351  0.01002673796791   0.0000000
2462628.000000000  223.13106 -16.50691  0.01002673796791   0.0000000
2462629.000000000  224.09902 -16.78573  0.01002673796791   0.0000000
2462630.000000000  225.06929 -17.05986  0.01002673796791   0.0000000
2462631.000000000  226.04186 -17.32924  0.01002673796791   0.0000000
2462632.000000000  227.01673 -17.59377  0.01002673796791   0.0000000
2462633.000000000  227.99390 -17.85337  0.01002673796791   0.0000000
2462634.000000000  228.97338 -18.10797  0.01002673796791   0.0000000
2462635.000000000  229.95516 -18.35749  0.01002673796791   0.0000000
2462636.000000000  230.93924 -18.60185  0.01002673796791   0.0000000
2462637.000000000  231.92564 -18.84098  0.01002673796791   0.0000000
2462638.000000000  232.91434 -19.07480  0.01002673796791   0.0000000
2462639.000000000  233.90536 -19.30324  0.01002673796791   0.0000000
2462640.000000000  234.89871 -19.52623  0.01002673796791   0.0000000
2462641.000000000  235.89440 -19.74370  0.01002673796791   0.0000000
2462642.000000000  236.89240 -19.95558  0.01002673796791   0.0000000
2462643.000000000  237.89273 -20.16180  0.01002673796791   0.0000000
2462644.000000000  238.89536 -20.36228  0.01002673796791   0.0000000
2462645.000000000  239.90026 -20.55696  0.01002673796791   0.0000000
2462646.000000000  240.90739 -20.74576  0.01002673796791   0.0000000
2462647.000000000  241.91672 -20.92864  0.01002673796791   0.0000000
2462648.000000000  242.92819 -21.10550  0.01002673796791   0.0000000
2462649.000000000  243.94175 -21.27630  0.01002673796791   0.0000000
2462650.000000000  244.95733 -21.44097  0.01002673796791   0.0000000
2462651.000000000  245.97488 -21.59945  0.01002673796791   0.0000000
2462652.000000000  246.99432 -21.75169  0.01002673796791   0.0000000
2462653.000000000  248.01558 -21.89762  0.01002673796791   0.0000000
2462654.000000000  249.03857 -22.03720  0.01002673796791   0.0000000
2462655.000000000  250.06322 -22.17038  0.01002673796791   0.0000000
2462656.000000000  251.08945 -22.29710  0.01002673796791   0.0000000
2462657.000000000  252.11717 -22.41732  0.01002673796791   0.0000000
2462658.000000000  253.14628 -22.53100  0.01002673796791   0.0000000
2462659.000000000  254.17670 -22.63810  0.01002673796791   0.0000000
2462660.000000000  255.20833 -22.73858  0.01002673796791   0.0000000
2462661.000000000  256.24109 -22.83241  0.01002673796791   0.0000000
2462662.000000000  257.27489 -22.91955  0.01002673796791   0.0000000
2462663.000000000  258.30962 -22.99998  0.01002673796791   0.0000000
2462664.000000000  259.34521 -23.07367  0.01002673796791   0.0000000
2462665.000000000  260.38157 -23.14058  0.01002673796791   0.0000000
2462666.000000000  261.41863 -23.20071  0.01002673796791   0.0000000
2462667.000000000  262.45630 -23.25403  0.01002673796791   0.0000000
2462668.000000000  263.49451 -23.30052  0.01002673796791   0.0000000
2462669.000000000  264.53320 -23.34016  0.01002673796791   0.0000000
2462670.000000000  265.57228 -23.37294  0.01002673796791   0.0000000
2462671.000000000  266.61170 -23.39884  0.01002673796791   0.0000000
2462672.000000000  267.65136 -23.41786  0.01002673796791   0.0000000
2462673.000000000  268.69119 -23.43000  0.01002673796791   0.0000000
2462674.000000000  269.73108 -23.43523  0.01002673796791   0.0000000
2462675.000000000  270.77095 -23.43357  0.01002673796791   0.0000000
2462676.000000000  271.81070 -23.42502  0.01002673796791   0.0000000
2462677.000000000  272.85022 -23.40958  0.01002673796791   0.0000000
2462678.000000000  273.88942 -23.38726  0.01002673796791   0.0000000
2462679.000000000  274.92818 -23.35808  0.01002673796791   0.0000000
2462680.000000000  275.96640 -23.32203  0.01002673796791   0.0000000
2462681.000000000  277.00397 -23.27915  0.01002673796791   0.0000000
2462682.000000000  278.04079 -23.22946  0.01002673796791   0.0000000
2462683.000000000  279.07674 -23.17297  0.01002673796791   0.0000000
2462684.000000000  280.11173 -23.10972  0.01002673796791   0.0000000
2462685.000000000  281.14564 -23.03974  0.01002673796791   0.0000000
2462686.000000000  282.17838 -22.96305  0.01002673796791   0.0000000
2462687.000000000  283.20983 -22.87969  0.01002673796791   0.0000000
2462688.000000000  284.23991 -22.78971  0.01002673796791   0.0000000
2462689.000000000  285.26851 -22.69313  0.01002673796791   0.0000000
2462690.000000000  286.29554 -22.59001  0.01002673796791   0.0000000
2462691.000000000  287.32092 -22.48039  0.01002673796791   0.0000000
2462692.000000000  288.34457 -22.36430  0.01002673796791   0.0000000
2462693.000000000  289.36641 -22.24181  0.01002673796791   0.0000000
2462694.000000000  290.38639 -22.11295  0.01002673796791   0.0000000
2462695.000000000  291.40444 -21.97777  0.01002673796791   0.0000000
2462696.000000000  292.42053 -21.83633  0.01002673796791   0.0000000
2462697.000000000  293.43459 -21.68868  0.01002673796791   0.0000000
2462698.000000000  294.44661 -21.53485  0.01002673796791   0.0000000
2462699.000000000  295.45655 -21.37492  0.01002673796791   0.0000000
2462700.000000000  296.46437 -21.20892  0.01002673796791   0.0000000
2462701.000000000  297.47005 -21.03692  0.01002673796791   0.0000000
2462702.000000000  298.47355 -20.85898  0.01002673796791   0.0000000
2462703.000000000  299.47484 -20.67517  0.01002673796791   0.0000000
2462704.000000000  300.47389 -20.48553  0.01002673796791   0.0000000
2462705.000000000  301.47065 -20.29015  0.01002673796791   0.0000000
2462706.000000000  302.46510 -20.08909  0.01002673796791   0.0000000
2462707.000000000  303.45720 -19.88243  0.01002673796791   0.0000000
2462708.000000000  304.44692 -19.67023  0.01002673796791   0.0000000
2462709.000000000  305.43424 -19.45256  0.01002673796791   0.0000000
2462710.000000000  306.41912 -19.22952  0.01002673796791   0.0000000
2462711.000000000  307.40155 -19.00117  0.01002673796791   0.0000000
2462712.000000000  308.38148 -18.76759  0.01002673796791   0.0000000
2462713.000000000  309.35891 -18.52888  0.01002673796791   0.0000000
2462714.000000000  310.33381 -18.28510  0.01002673796791   0.0000000
2462715.000000000  311.30616 -18.03634  0.01002673796791   0.0000000
2462716.000000000  312.27594 -17.78270  0.01002673796791   0.0000000
2462717.000000000  313.24315 -17.52425  0.01002673796791   0.0000000
2462718.000000000  314.20778 -17.26108  0.01002673796791   0.0000000
2462719.000000000  315.16982 -16.99327  0.01002673796791   0.0000000
2462720.000000000  316.12929 -16.72092  0.01002673796791   0.0000000
2462721.000000000  317.08618 -16.44410  0.01002673796791   0.0000000
2462722.000000000  318.04053 -16.16290  0.01002673796791   0.0000000
2462723.000000000  318.99235 -15.87740  0.01002673796791   0.0000000
2462724.000000000  319.94169 -15.58768  0.01002673796791   0.0000000
2462725.000000000  320.88858 -15.29382  0.01002673796791   0.0000000
2462726.000000000  321.83307 -14.99590  0.01002673796791   0.0000000
2462727.000000000  322.77521 -14.69399  0.01002673796791   0.0000000
2462728.000000000  323.71505 -14.38818  0.01002673796791   0.0000000
2462729.000000000  324.65266 -14.07854  0.01002673796791   0.0000000
2462730.000000000  325.58808 -13.76517  0.01002673796791   0.0000000
2462731.000000000  326.52137 -13.44813  0.01002673796791   0.0000000
2462732.000000000  327.45258 -13.12751  0.01002673796791   0.0000000
2462733.000000000  328.38177 -12.80341  0.01002673796791   0.0000000
2462734.000000000  329.30899 -12.47590  0.01002673796791   0.0000000
2462735.000000000  330.23428 -12.14508  0.01002673796791   0.0000000
2462736.000000000  331.15771 -11.81102  0.01002673796791   0.0000000
2462737.000000000  332.07932 -11.47383  0.01002673796791   0.0000000
2462738.000000000  332.99917 -11.13360  0.01002673796791   0.0000000
2462739.000000000  333.91731 -10.79041  0.01002673796791   0.0000000
2462740.000000000  334.83379 -10.44436  0.01002673796791   0.0000000
2462741.000000000  335.74865 -10.09554  0.01002673796791   0.0000000
2462742.000000000  336.66196  -9.74405  0.01002673796791   0.0000000
2462743.000000000  337.57376  -9.38997  0.01002673796791   0.0000000
2462744.000000000  338.48409  -9.03342  0.01002673796791   0.0000000
2462745.000000000  339.39301  -8.67448  0.01002673796791   0.0000000
2462746.000000000  340.30058  -8.31326  0.01002673796791   0.0000000
2462747.000000000  341.20684  -7.94983  0.01002673796791   0.0000000
2462748.000000000  342.11185  -7.58431  0.01002673796791   0.0000000
2462749.000000000  343.01568  -7.21677  0.01002673796791   0.0000000
2462750.000000000  343.91840  -6.84732  0.01002673796791   0.0000000
2462751.000000000  344.82008  -6.47603  0.01002673796791   0.0000000
2462752.000000000  345.72080  -6.10300  0.01002673796791   0.0000000
2462753.000000000  346.62065  -5.72831  0.01002673796791   0.0000000
2462754.000000000  347.51971  -5.35204  0.01002673796791   0.0000000
2462755.000000000  348.41808  -4.97428  0.01002673796791   0.0000000
2462756.000000000  349.31586  -4.59511  0.01002673796791   0.0000000
2462757.000000000  350.21313  -4.21462  0.01002673796791   0.0000000
2462758.000000000  351.11001  -3.83289  0.01002673796791   0.0000000
2462759.000000000  352.00657  -3.45000  0.01002673796791   0.0000000
2462760.000000000  352.90292  -3.06604  0.01002673796791   0.0000000
2462761.000000000  353.79916  -2.68111  0.01002673796791   0.0000000
2462762.000000000  354.69536  -2.29529  0.01002673796791   0.0000000
2462763.000000000  355.59163  -1.90866  0.01002673796791   0.0000000
2462764.000000000  356.48805  -1.52134  0.01002673796791   0.0000000
2462765.000000000  357.38470  -1.13340  0.01002673796791   0.0000000
2462766.000000000  358.28168  -0.74494  0.01002673796791   0.0000000
2462767.000000000  359.17906  -0.35607  0.01002673796791   0.0000000
2462768.000000000    0.07693   0.03314  0.01002673796791   0.0000000
2462769.000000000    0.97537   0.42257  0.01002673796791   0.0000000
2462770.000000000    1.87444   0.81212  0.01002673796791   0.0000000
2462771.000000000    2.77424   1.20170  0.01002673796791   0.0000000
2462772.000000000    3.67481   1.59121  0.01002673796791   0.0000000
2462773.000000000    4.57624   1.98053  0.01002673796791   0.0000000
2462774.000000000    5.47859   2.36957  0.01002673796791   0.0000000
2462775.000000000    6.38193   2.75822  0.01002673796791   0.0000000
2462776.000000000    7.28632   3.14639  0.01002673796791   0.0000000
2462777.000000000    8.19183   3.53396  0.01002673796791   0.0000000
2462778.000000000    9.09854   3.92084  0.01002673796791   0.0000000
2462779.000000000   10.00653   4.30693  0.01002673796791   0.0000000
2462780.000000000   10.91588   4.69213  0.01002673796791   0.0000000
2462781.000000000   11.82668   5.07635  0.01002673796791   0.0000000
2462782.000000000   12.73902   5.45949  0.01002673796791   0.0000000
2462783.000000000   13.65299   5.84146  0.01002673796791   0.0000000
2462784.000000000   14.56868   6.22216  0.01002673796791   0.0000000
2462785.000000000   15.48620   6.60149  0.01002673796791   0.0000000
2462786.000000000   16.40563   6.97937  0.01002673796791   0.0000000
2462787.000000000   17.32708   7.35568  0.01002673796791   0.0000000
2462788.000000000   18.25063   7.73032  0.01002673796791   0.0000000
2462789.000000000   19.17637   8.10321  0.01002673796791   0.0000000
2462790.000000000   20.10439   8.47424  0.01002673796791   0.0000000
2462791.000000000   21.03478   8.84330  0.01002673796791   0.0000000
2462792.000000000   21.96762   9.21029  0.01002673796791   0.0000000
2462793.000000000   22.90299   9.57511  0.01002673796791   0.0000000
2462794.000000000   23.84096   9.93764  0.01002673796791   0.0000000
2462795.000000000   24.78162  10.29778  0.01002673796791   0.0000000
2462796.000000000   25.72502  10.65541  0.01002673796791   0.0000000
2462797.000000000   26.67123  11.01044  0.01002673796791   0.0000000
2462798.000000000   27.62031  11.36273  0.01002673796791   0.0000000
2462799.000000000   28.57232  11.71219  0.01002673796791   0.0000000
2462800.000000000   29.52730  12.05870  0.01002673796791   0.0000000
2462801.000000000   30.48530  12.40213  0.01002673796791   0.0000000
2462802.000000000   31.44635  12.74238  0.01002673796791   0.0000000
2462803.000000000   32.41048  13.07933  0.01002673796791   0.0000000
2462804.000000000   33.37772  13.41285  0.01002673796791   0.0000000
2462805.000000000   34.34810  13.74284  0.01002673796791   0.0000000
2462806.000000000   35.32165  14.06917  0.01002673796791   0.0000000
2462807.000000000   36.29840  14.39174  0.01002673796791   0.0000000
2462808.000000000   37.27838  14.71044  0.01002673796791   0.0000000
2462809.000000000   38.26163  15.02515  0.01002673796791   0.0000000
2462810.000000000   39.24819  15.33576  0.01002673796791   0.0000000
2462811.000000000   40.23810  15.64217  0.01002673796791   0.0000000
2462812.000000000   41.23140  15.94427  0.01002673796791   0.0000000
2462813.000000000   42.22811  16.24194  0.01002673796791   0.0000000
2462814.000000000   43.22827  16.53509  0.01002673796791   0.0000000
2462815.000000000   44.23192  16.82359  0.01002673796791   0.0000000
2462816.000000000   45.23908  17.10735  0.01002673796791   0.0000000
2462817.000000000   46.24978  17.38624  0.01002673796791   0.0000000
2462818.000000000   47.26403  17.66018  0.01002673796791   0.0000000
2462819.000000000   48.28186  17.92904  0.01002673796791   0.0000000
2462820.000000000   49.30326  18.19271  0.01002673796791   0.0000000
2462821.000000000   50.32825  18.45109  0.01002673796791   0.0000000
2462822.000000000   51.35682  18.70408  0.01002673796791   0.0000000
2462823.000000000   52.38896  18.95156  0.01002673796791   0.0000000
2462824.000000000   53.42467  19.19342  0.01002673796791   0.0000000
2462825.000000000   54.46391  19.42957  0.01002673796791   0.0000000
2462826.000000000   55.50667  19.65988  0.01002673796791   0.0000000
2462827.000000000   56.55290  19.88427  0.01002673796791   0.0000000
2462828.000000000   57.60255  20.10263  0.01002673796791   0.0000000
2462829.000000000   58.65558  20.31485  0.01002673796791   0.0000000
2462830.000000000   59.71191  20.52083  0.01002673796791   0.0000000
2462831.000000000   60.77148  20.72048  0.01002673796791   0.0000000
2462832.000000000   61.83419  20.91370  0.01002673796791   0.0000000
2462833.000000000   62.89995  21.10040  0.01002673796791   0.0000000
2462834.000000000   63.96869  21.28048  0.01002673796791   0.0000000
2462835.000000000   65.04030  21.45386  0.01002673796791   0.0000000
2462836.000000000   66.11470  21.62045  0.01002673796791   0.0000000
2462837.000000000   67.19180  21.78017  0.01002673796791   0.0000000
2462838.000000000   68.27151  21.93295  0.01002673796791   0.0000000
2462839.000000000   69.35375  22.07870  0.01002673796791   0.0000000
2462840.000000000   70.43842  22.21736  0.01002673796791   0.0000000
2462841.000000000   71.52544  22.34886  0.01002673796791   0.0000000
2462842.000000000   72.61472  22.47312  0.01002673796791   0.0000000
2462843.000000000   73.70615  22.59009  0.01002673796791   0.0000000
2462844.000000000   74.79964  22.69969  0.01002673796791   0.0000000
2462845.000000000   75.89510  22.80189  0.01002673796791   0.0000000
2462846.000000000   76.99241  22.89661  0.01002673796791   0.0000000
2462847.000000000   78.09147  22.98381  0.01002673796791   0.0000000
2462848.000000000   79.19218  23.06343  0.01002673796791   0.0000000
2462849.000000000   80.29442  23.13544  0.01002673796791   0.0000000
2462850.000000000   81.39807  23.19979  0.01002673796791   0.0000000
2462851.000000000   82.50301  23.25644  0.01002673796791   0.0000000
2462852.000000000   83.60912  23.30536  0.01002673796791   0.0000000
2462853.000000000   84.71626  23.34652  0.01002673796791   0.0000000
2462854.000000000   85.82432  23.37988  0.01002673796791   0.0000000
2462855.000000000   86.93315  23.40544  0.01002673796791   0.0000000
2462856.000000000   88.04261  23.42316  0.01002673796791   0.0000000
2462857.000000000   89.15255  23.43305  0.01002673796791   0.0000000
2462858.000000000   90.26281  23.43508  0.01002673796791   0.0000000
2462859.000000000   91.37324  23.42926  0.01002673796791   0.0000000
2462860.000000000   92.48367  23.41559  0.01002673796791   0.0000000
2462861.000000000   93.59394  23.39407  0.01002673796791   0.0000000
2462862.000000000   94.70386  23.36472  0.01002673796791   0.0000000
2462863.000000000   95.81329  23.32755  0.01002673796791   0.0000000
2462864.000000000   96.92205  23.28258  0.01002673796791   0.0000000
2462865.000000000   98.03000  23.22984  0.01002673796791   0.0000000
2462866.000000000   99.13699  23.16935  0.01002673796791   0.0000000
2462867.000000000  100.24288  23.10114  0.01002673796791   0.0000000
2462868.000000000  101.34754  23.02525  0.01002673796791   0.0000000
2462869.000000000  102.45084  22.94171  0.01002673796791   0.0000000
2462870.000000000  103.55266  22.85056  0.01002673796791   0.0000000
2462871.000000000  104.65289  22.75185  0.01002673796791   0.0000000
2462872.000000000  105.75140  22.64562  0.01002673796791   0.0000000
2462873.000000000  106.84809  22.53193  0.01002673796791   0.0000000
2462874.000000000  107.94285  22.41082  0.01002673796791   0.0000000
2462875.000000000  109.03560  22.28236  0.01002673796791   0.0000000
2462876.000000000  110.12622  22.14660  0.01002673796791   0.0000000
2462877.000000000  111.21464  22.00361  0.01002673796791   0.0000000
2462878.000000000  112.30075  21.85345  0.01002673796791   0.0000000
2462879.000000000  113.38449  21.69619  0.01002673796791   0.0000000
2462880.000000000  114.46577  21.53191  0.01002673796791   0.0000000
2462881.000000000  115.54452  21.36067  0.01002673796791   0.0000000
2462882.000000000  116.62065  21.18256  0.01002673796791   0.0000000
2462883.000000000  117.69411  20.99766  0.01002673796791   0.0000000
2462884.000000000  118.76481  20.80605  0.01002673796791   0.0000000
2462885.000000000  119.83268  20.60781  0.01002673796791   0.0000000
2462886.000000000  120.89767  20.40306  0.01002673796791   0.0000000
2462887.000000000  121.95968  20.19187  0.01002673796791   0.0000000
2462888.000000000  123.01866  19.97434  0.01002673796791   0.0000000
2462889.000000000  124.07454  19.75059  0.01002673796791   0.0000000
2462890.000000000  125.12723  19.52072  0.01002673796791   0.0000000
2462891.000000000  126.17669  19.28483  0.01002673796791   0.0000000
2462892.000000000  127.22284  19.04303  0.01002673796791   0.0000000
2462893.000000000  128.26564  18.79543  0.01002673796791   0.0000000
2462894.000000000  129.30504  18.54214  0.01002673796791   0.0000000
2462895.000000000  130.34102  18.28327  0.01002673796791   0.0000000
2462896.000000000  131.37355  18.01893  0.01002673796791   0.0000000
2462897.000000000  132.40261  17.74923  0.01002673796791   0.0000000
2462898.000000000  133.42820  17.47427  0.01002673796791   0.0000000
2462899.000000000  134.45031  17.19417  0.01002673796791   0.0000000
2462900.000000000  135.46895  16.90904  0.01002673796791   0.0000000
2462901.000000000  136.48413  16.61899  0.01002673796791   0.0000000
2462902.000000000  137.49587  16.32412  0.01002673796791   0.0000000
2462903.000000000  138.50418  16.02455  0.01002673796791   0.0000000
2462904.000000000  139.50909  15.72039  0.01002673796791   0.0000000
2462905.000000000  140.51064  15.41174  0.01002673796791   0.0000000
2462906.000000000  141.50886  15.09873  0.01002673796791   0.0000000
2462907.000000000  142.50380  14.78144  0.01002673796791   0.0000000
2462908.000000000  143.49548  14.46001  0.01002673796791   0.0000000
2462909.000000000  144.48398  14.13453  0.01002673796791   0.0000000
2462910.000000000  145.46932  13.80512  0.01002673796791   0.0000000
2462911.000000000  146.45157  13.47190  0.01002673796791   0.0000000
2462912.000000000  147.43077  13.13496  0.01002673796791   0.0000000
2462913.000000000  148.40697  12.79444  0.01002673796791   0.0000000
2462914.000000000  149.38023  12.45044  0.01002673796791   0.0000000
2462915.000000000  150.35059  12.10309  0.01002673796791   0.0000000
2462916.000000000  151.31809  11.75250  0.01002673796791   0.0000000
2462917.000000000  152.28277  11.39879  0.01002673796791   0.0000000
2462918.000000000  153.24469  11.04209  0.01002673796791   0.0000000
2462919.000000000  154.20387  10.68251  0.01002673796791   0.0000000
2462920.000000000  155.16035  10.32019  0.01002673796791   0.0000000
2462921.000000000  156.11419   9.95523  0.01002673796791   0.0000000
2462922.000000000  157.06543   9.58777  0.01002673796791   0.0000000
2462923.000000000  158.01413   9.21791  0.01002673796791   0.0000000
2462924.000000000  158.96034   8.84577  0.01002673796791   0.0000000
2462925.000000000  159.90412   8.47147  0.01002673796791   0.0000000
2462926.000000000  160.84555   8.09512  0.01002673796791   0.0000000
2462927.000000000  161.78469   7.71683  0.01002673796791   0.0000000
2462928.000000000  162.72162   7.33670  0.01002673796791   0.0000000
2462929.000000000  163.65642   6.95485  0.01002673796791   0.0000000
2462930.000000000  164.58917   6.57139  0.01002673796791   0.0000000
2462931.000000000  165.51995   6.18641  0.01002673796791   0.0000000
2462932.000000000  166.44886   5.80002  0.01002673796791   0.0000000
2462933.000000000  167.37597   5.41233  0.01002673796791   0.0000000
2462934.000000000  168.30139   5.02344  0.01002673796791   0.0000000
2462935.000000000  169.22521   4.63345  0.01002673796791   0.0000000
2462936.000000000  170.14752   4.24246  0.01002673796791   0.0000000
2462937.000000000  171.06843   3.85056  0.01002673796791   0.0000000
2462938.000000000  171.98803   3.45787  0.01002673796791   0.0000000
2462939.000000000  172.90643   3.06447  0.01002673796791   0.0000000
2462940.000000000  173.82372   2.67047  0.01002673796791   0.0000000
2462941.000000000  174.74000   2.27597  0.01002673796791   0.0000000
2462942.000000000  175.65535   1.88107  0.01002673796791   0.0000000
2462943.000000000  176.56987   1.48588  0.01002673796791   0.0000000
2462944.000000000  177.48364   1.09050  0.01002673796791   0.0000000
2462945.000000000  178.39674   0.69504  0.01002673796791   0.0000000
2462946.000000000  179.30923   0.29961  0.01002673796791   0.0000000
2462947.000000000  180.22120  -0.09569  0.01002673796791   0.0000000
2462948.000000000  181.13270  -0.49075  0.01002673796791   0.0000000
2462949.000000000  182.04382  -0.88546  0.01002673796791   0.0000000
2462950.000000000  182.95460  -1.27971  0.01002673796791   0.0000000
2462951.000000000  183.86514  -1.67340  0.01002673796791   0.0000000
2462952.000000000  184.77548  -2.06642  0.01002673796791   0.0000000
2462953.000000000  185.68571  -2.45868  0.01002673796791   0.0000000
2462954.000000000  186.59590  -2.85007  0.01002673796791   0.0000000
2462955.000000000  187.50612  -3.24049  0.01002673796791   0.0000000
2462956.000000000  188.41646  -3.62985  0.01002673796791   0.0000000
2462957.000000000  189.32699  -4.01805  0.01002673796791   0.0000000
2462958.000000000  190.23779  -4.40499  0.01002673796791   0.0000000
2462959.000000000  191.14895  -4.79058  0.01002673796791   0.0000000
2462960.000000000  192.06054  -5.17472  0.01002673796791   0.0000000
2462961.000000000  192.97266  -5.55732  0.01002673796791   0.0000000
2462962.000000000  193.88538  -5.93828  0.01002673796791   0.0000000
2462963.000000000  194.79881  -6.31753  0.01002673796791   0.0000000
2462964.000000000  195.71302  -6.69496  0.01002673796791   0.0000000
2462965.000000000  196.62811  -7.07049  0.01002673796791   0.0000000
2462966.000000000  197.54418  -7.44403  0.01002673796791   0.0000000
2462967.000000000  198.46131  -7.81549  0.01002673796791   0.0000000
2462968.000000000  199.37959  -8.18478  0.01002673796791   0.0000000
2462969.000000000  200.29912  -8.55180  0.01002673796791   0.0000000
2462970.000000000  201.21997  -8.91647  0.01002673796791   0.0000000
2462971.000000000  202.14222  -9.27869  0.01002673796791   0.0000000
2462972.000000000  203.06593  -9.63837  0.01002673796791   0.0000000
2462973.000000000  203.99117  -9.99541  0.01002673796791   0.0000000
2462974.000000000  204.91800 -10.34971  0.01002673796791   0.0000000
2462975.000000000  205.84646 -10.70118  0.01002673796791   0.0000000
2462976.000000000  206.77661 -11.04971  0.01002673796791   0.0000000
2462977.000000000  207.70848 -11.39521  0.01002673796791   0.0000000
2462978.000000000  208.64213 -11.73759  0.01002673796791   0.0000000
2462979.000000000  209.57757 -12.07674  0.01002673796791   0.0000000
2462980.000000000  210.51486 -12.41257  0.01002673796791   0.0000000
2462981.000000000  211.45403 -12.74499  0.01002673796791   0.0000000
2462982.000000000  212.39510 -13.07390  0.01002673796791   0.0000000
2462983.000000000  213.33813 -13.39920  0.01002673796791   0.0000000
2462984.000000000  214.28314 -13.72082  0.01002673796791   0.0000000
2462985.000000000  215.23017 -14.03865  0.01002673796791   0.0000000
2462986.000000000  216.17925 -14.35261  0.01002673796791   0.0000000
2462987.000000000  217.13041 -14.66261  0.01002673796791   0.0000000
2462988.000000000  218.08369 -14.96856  0.01002673796791   0.0000000
2462989.000000000  219.03912 -15.27037  0.01002673796791   0.0000000
2462990.000000000  219.99673 -15.56797  0.01002673796791   0.0000000
2462991.000000000  220.95656 -15.86126  0.01002673796791   0.0000000
2462992.000000000  221.91864 -16.15016  0.01002673796791   0.0000000
2462993.000000000  222.88301 -16.43459  0.01002673796791   0.0000000
2462994.000000000  223.84971 -16.71447  0.01002673796791   0.0000000
2462995.000000000  224.81876 -16.98971  0.01002673796791   0.0000000
2462996.000000000  225.79022 -17.26025  0.01002673796791   0.0000000
2462997.000000000  226.76410 -17.52599  0.01002673796791   0.0000000
2462998.000000000  227.74043 -17.78685  0.01002673796791   0.0000000
2462999.000000000  228.71922 -18.04276  0.01002673796791   0.0000000
2463000.000000000  229.70049 -18.29364  0.01002673796791   0.0000000
2463001.000000000  230.68423 -18.53939  0.01002673796791   0.0000000
2463002.000000000  231.67043 -18.77995  0.01002673796791   0.0000000
2463003.000000000  232.65908 -19.01523  0.01002673796791   0.0000000
2463004.000000000  233.65014 -19.24516  0.01002673796791   0.0000000
2463005.000000000  234.64360 -19.46965  0.01002673796791   0.0000000
2463006.000000000  235.63942 -19.68862  0.01002673796791   0.0000000
2463007.000000000  236.63756 -19.90201  0.01002673796791   0.0000000
2463008.000000000  237.63797 -20.10974  0.01002673796791   0.0000000
2463009.000000000  238.64061 -20.31174  0.01002673796791   0.0000000
2463010.000000000  239.64543 -20.50794  0.01002673796791   0.0000000
2463011.000000000  240.65238 -20.69827  0.01002673796791   0.0000000
2463012.000000000  241.66140 -20.88266  0.01002673796791   0.0000000
2463013.000000000  242.67245 -21.06105  0.01002673796791   0.0000000
2463014.000000000  243.68546 -21.23338  0.01002673796791   0.0000000
2463015.000000000  244.70038 -21.39959  0.01002673796791   0.0000000
2463016.000000000  245.71714 -21.55963  0.01002673796791   0.0000000
2463017.000000000  246.73568 -21.71343  0.01002673796791   0.0000000
2463018.000000000  247.75595 -21.86094  0.01002673796791   0.0000000
2463019.000000000  248.77789 -22.00212  0.01002673796791   0.0000000
2463020.000000000  249.80142 -22.13691  0.01002673796791   0.0000000
2463021.000000000  250.82651 -22.26526  0.01002673796791   0.0000000
2463022.000000000  251.85308 -22.38713  0.01002673796791   0.0000000
2463023.000000000  252.88110 -22.50248  0.01002673796791   0.0000000
2463024.000000000  253.91050 -22.61127  0.01002673796791   0.0000000
2463025.000000000  254.94123 -22.71345  0.01002673796791   0.0000000
2463026.000000000  255.97323 -22.80900  0.01002673796791   0.0000000
2463027.000000000  257.00644 -22.89786  0.01002673796791   0.0000000
2463028.000000000  258.04079 -22.98002  0.01002673796791   0.0000000
2463029.000000000  259.07620 -23.05544  0.01002673796791   0.0000000
2463030.000000000  260.11257 -23.12409  0.01002673796791   0.0000000
2463031.000000000  261.14982 -23.18595  0.01002673796791   0.0000000
2463032.000000000  262.18785 -23.24100  0.01002673796791   0.0000000
2463033.000000000  263.22655 -23.28921  0.01002673796791   0.0000000
2463034.000000000  264.26582 -23.33057  0.01002673796791   0.0000000
2463035.000000000  265.30555 -23.36507  0.01002673796791   0.0000000
2463036.000000000  266.34562 -23.39269  0.01002673796791   0.0000000
2463037.000000000  267.38593 -23.41342  0.01002673796791   0.0000000
2463038.000000000  268.42636 -23.42727  0.01002673796791   0.0000000
2463039.000000000  269.46679 -23.43423  0.01002673796791   0.0000000
2463040.000000000  270.50712 -23.43431  0.01002673796791   0.0000000
2463041.000000000  271.54723 -23.42749  0.01002673796791   0.0000000
2463042.000000000  272.58701 -23.41381  0.01002673796791   0.0000000
2463043.000000000  273.62635 -23.39325  0.01002673796791   0.0000000
2463044.000000000  274.66515 -23.36584  0.01002673796791   0.0000000
2463045.000000000  275.70329 -23.33159  0.01002673796791   0.0000000
2463046.000000000  276.74069 -23.29051  0.01002673796791   0.0000000
2463047.000000000  277.77723 -23.24263  0.01002673796791   0.0000000
2463048.000000000  278.81282 -23.18797  0.01002673796791   0.0000000
2463049.000000000  279.84739 -23.12656  0.01002673796791   0.0000000
2463050.000000000  280.88085 -23.05841  0.01002673796791   0.0000000
2463051.000000000  281.91313 -22.98355  0.01002673796791   0.0000000
2463052.000000000  282.94415 -22.90202  0.01002673796791   0.0000000
2463053.000000000  283.97387 -22.81384  0.01002673796791   0.0000000
2463054.000000000  285.00221 -22.71905  0.01002673796791   0.0000000
2463055.000000000  286.02914 -22.61767  0.01002673796791   0.0000000
2463056.000000000  287.05457 -22.50976  0.01002673796791   0.0000000
2463057.000000000  288.07846 -22.39534  0.01002673796791   0.0000000
2463058.000000000  289.10073 -22.27447  0.01002673796791   0.0000000
2463059.000000000  290.12132 -22.14718  0.01002673796791   0.0000000
2463060.000000000  291.14017 -22.01354  0.01002673796791   0.0000000
2463061.000000000  292.15719 -21.87359  0.01002673796791   0.0000000
2463062.000000000  293.17232 -21.72739  0.01002673796791   0.0000000
2463063.000000000  294.18549 -21.57499  0.01002673796791   0.0000000
2463064.000000000  295.19663 -21.41646  0.01002673796791   0.0000000
2463065.000000000  296.20569 -21.25186  0.01002673796791   0.0000000
2463066.000000000  297.21259 -21.08124  0.01002673796791   0.0000000
2463067.000000000  298.21727 -20.90468  0.01002673796791   0.0000000
2463068.000000000  299.21969 -20.72225  0.01002673796791   0.0000000
2463069.000000000  300.21978 -20.53401  0.01002673796791   0.0000000
2463070.000000000  301.21749 -20.34003  0.01002673796791   0.0000000
2463071.000000000  302.21279 -20.14039  0.01002673796791   0.0000000
2463072.000000000  303.20562 -19.93516  0.01002673796791   0.0000000
2463073.000000000  304.19594 -19.72442  0.01002673796791   0.0000000
2463074.000000000  305.18374 -19.50823  0.01002673796791   0.0000000
2463075.000000000  306.16897 -19.28667  0.01002673796791   0.0000000
2463076.000000000  307.15162 -19.05983  0.01002673796791   0.0000000
2463077.000000000  308.13167 -18.82777  0.01002673796791   0.0000000
2463078.000000000  309.10912 -18.59057  0.01002673796791   0.0000000
2463079.000000000  310.08397 -18.34831  0.01002673796791   0.0000000
2463080.000000000  311.05624 -18.10105  0.01002673796791   0.0000000
2463081.000000000  312.02594 -17.84888  0.01002673796791   0.0000000
2463082.000000000  312.99309 -17.59186  0.01002673796791   0.0000000
2463083.000000000  313.95774 -17.33007  0.01002673796791   0.0000000
2463084.000000000  314.91989 -17.06359  0.01002673796791   0.0000000
2463085.000000000  315.87960 -16.79249  0.01002673796791   0.0000000
2463086.000000000  316.83688 -16.51685  0.01002673796791   0.0000000
2463087.000000000  317.79176 -16.23675  0.01002673796791   0.0000000
2463088.000000000  318.74427 -15.95229  0.01002673796791   0.0000000
2463089.000000000  319.69443 -15.66353  0.01002673796791   0.0000000
2463090.000000000  320.64227 -15.37058  0.01002673796791   0.0000000
2463091.000000000  321.58781 -15.07350  0.01002673796791   0.0000000
2463092.000000000  322.53107 -14.77241  0.01002673796791   0.0000000
2463093.000000000  323.47208 -14.46737  0.01002673796791   0.0000000
2463094.000000000  324.41086 -14.15849  0.01002673796791   0.0000000
2463095.000000000  325.34746 -13.84586  0.01002673796791   0.0000000
2463096.000000000  326.28189 -13.52955  0.01002673796791   0.0000000
2463097.000000000  327.21418 -13.20968  0.01002673796791   0.0000000
2463098.000000000  328.14437 -12.88633  0.01002673796791   0.0000000
2463099.000000000  329.07250 -12.55958  0.01002673796791   0.0000000
2463100.000000000  329.99859 -12.22954  0.01002673796791   0.0000000
2463101.000000000  330.92268 -11.89630  0.01002673796791   0.0000000
2463102.000000000  331.84483 -11.55995  0.01002673796791   0.0000000
2463103.000000000  332.76506 -11.22058  0.01002673796791   0.0000000
2463104.000000000  333.68344 -10.87827  0.01002673796791   0.0000000
2463105.000000000  334.60002 -10.53313  0.01002673796791   0.0000000
2463106.000000000  335.51484 -10.18524  0.01002673796791   0.0000000
2463107.000000000  336.42799  -9.83468  0.01002673796791   0.0000000
2463108.000000000  337.33953  -9.48153  0.01002673796791   0.0000000
2463109.000000000  338.24954  -9.12589  0.01002673796791   0.0000000
2463110.000000000  339.15811  -8.76784  0.01002673796791   0.0000000
2463111.000000000  340.06532  -8.40745  0.01002673796791   0.0000000
2463112.000000000  340.97127  -8.04480  0.01002673796791   0.0000000
2463113.000000000  341.87604  -7.67998  0.01002673796791   0.0000000
2463114.000000000  342.77972  -7.31308  0.01002673796791   0.0000000
2463115.000000000  343.68240  -6.94418  0.01002673796791   0.0000000
2463116.000000000  344.58417  -6.57336  0.01002673796791   0.0000000
2463117.000000000  345.48510  -6.20072  0.01002673796791   0.0000000
2463118.000000000  346.38528  -5.82634  0.01002673796791   0.0000000
2463119.000000000  347.28478  -5.45032  0.01002673796791   0.0000000
2463120.000000000  348.18368  -5.07276  0.01002673796791   0.0000000
2463121.000000000  349.08205  -4.69373  0.01002673796791   0.0000000
2463122.000000000  349.97997  -4.31334  0.01002673796791   0.0000000
2463123.000000000  350.87752  -3.93168  0.01002673796791   0.0000000
2463124.000000000  351.77475  -3.54885  0.01002673796791   0.0000000
2463125.000000000  352.67176  -3.16494  0.01002673796791   0.0000000
2463126.000000000  353.56859  -2.78005  0.01002673796791   0.0000000
2463127.000000000  354.46534  -2.39427  0.01002673796791   0.0000000
2463128.000000000  355.36205  -2.00772  0.01002673796791   0.0000000
2463129.000000000  356.25880  -1.62047  0.01002673796791   0.0000000
2463130.000000000  357.15567  -1.23264  0.01002673796791   0.0000000
2463131.000000000  358.05271  -0.84431  0.01002673796791   0.0000000
2463132.000000000  358.95001  -0.45559  0.01002673796791   0.0000000
2463133.000000000  359.84763  -0.06657  0.01002673796791   0.0000000
2463134.000000000    0.74566   0.32265  0.01002673796791   0.0000000
2463135.000000000    1.64418   0.71199  0.01002673796791   0.0000000
2463136.000000000    2.54328   1.10134  0.01002673796791   0.0000000
2463137.000000000    3.44305   1.49062  0.01002673796791   0.0000000
2463138.000000000    4.34358   1.87973  0.01002673796791   0.0000000
2463139.000000000    5.24499   2.26859  0.01002673796791   0.0000000
2463140.000000000    6.14737   2.65711  0.01002673796791   0.0000000
2463141.000000000    7.05082   3.04520  0.01002673796791   0.0000000
2463142.000000000    7.95546   3.43276  0.01002673796791   0.0000000
2463143.000000000    8.86138   3.81971  0.01002673796791   0.0000000
2463144.000000000    9.76868   4.20594  0.01002673796791   0.0000000
2463145.000000000   10.67745   4.59137  0.01002673796791   0.0000000
2463146.000000000   11.58779   4.97588  0.01002673796791   0.0000000
2463147.000000000   12.49978   5.35939  0.01002673796791   0.0000000
2463148.000000000   13.41351   5.74179  0.01002673796791   0.0000000
2463149.000000000   14.32907   6.12298  0.01002673796791   0.0000000
2463150.000000000   15.24653   6.50285  0.01002673796791   0.0000000
2463151.000000000   16.16597   6.88131  0.01002673796791   0.0000000
2463152.000000000   17.08747   7.25824  0.01002673796791   0.0000000
2463153.000000000   18.01109   7.63353  0.01002673796791   0.0000000
2463154.000000000   18.93691   8.00709  0.01002673796791   0.0000000
2463155.000000000   19.86498   8.37880  0.01002673796791   0.0000000
2463156.000000000   20.79538   8.74855  0.01002673796791   0.0000000
2463157.000000000   21.72814   9.11622  0.01002673796791   0.0000000
2463158.000000000   22.66334   9.48172  0.01002673796791   0.0000000
2463159.000000000   23.60103   9.84492  0.01002673796791   0.0000000
2463160.000000000   24.54124  10.20572  0.01002673796791   0.0000000
2463161.000000000   25.48405  10.56399  0.01002673796791   0.0000000
2463162.000000000   26.42950  10.91965  0.01002673796791   0.0000000
2463163.000000000   27.37766  11.27256  0.01002673796791   0.0000000
2463164.000000000   28.32857  11.62264  0.01002673796791   0.0000000
2463165.000000000   29.28232  11.96976  0.01002673796791   0.0000000
2463166.000000000   30.23895  12.31382  0.01002673796791   0.0000000
2463167.000000000   31.19854  12.65472  0.01002673796791   0.0000000
2463168.000000000   32.16117  12.99234  0.01002673796791   0.0000000
2463169.000000000   33.12688  13.32659  0.01002673796791   0.0000000
2463170.000000000   34.09577  13.65735  0.01002673796791   0.0000000
2463171.000000000   35.06788  13.98452  0.01002673796791   0.0000000
2463172.000000000   36.04327  14.30799  0.01002673796791   0.0000000
2463173.000000000   37.02202  14.62764  0.01002673796791   0.0000000
2463174.000000000   38.00416  14.94337  0.01002673796791   0.0000000
2463175.000000000   38.98973  15.25507  0.01002673796791   0.0000000
2463176.000000000   39.97879  15.56261  0.01002673796791   0.0000000
2463177.000000000   40.97136  15.86590  0.01002673796791   0.0000000
2463178.000000000   41.96748  16.16482  0.01002673796791   0.0000000
2463179.000000000   42.96716  16.45925  0.01002673796791   0.0000000
2463180.000000000   43.97043  16.74908  0.01002673796791   0.0000000
2463181.000000000   44.97729  17.03420  0.01002673796791   0.0000000
2463182.000000000   45.98776  17.31450  0.01002673796791   0.0000000
2463183.000000000   47.00182  17.58985  0.01002673796791   0.0000000
2463184.000000000   48.01946  17.86015  0.01002673796791   0.0000000
2463185.000000000   49.04068  18.12528  0.01002673796791   0.0000000
2463186.000000000   50.06544  18.38514  0.01002673796791   0.0000000
2463187.000000000   51.09371  18.63960  0.01002673796791   0.0000000
2463188.000000000   52.12546  18.88857  0.01002673796791   0.0000000
2463189.000000000   53.16064  19.13193  0.01002673796791   0.0000000
2463190.000000000   54.19921  19.36957  0.01002673796791   0.0000000
2463191.000000000   55.24114  19.60139  0.01002673796791   0.0000000
2463192.000000000   56.28638  19.82729  0.01002673796791   0.0000000
2463193.000000000   57.33489  20.04717  0.01002673796791   0.0000000
2463194.000000000   58.38663  20.26092  0.01002673796791   0.0000000
2463195.000000000   59.44156  20.46846  0.01002673796791   0.0000000
2463196.000000000   60.49965  20.66969  0.01002673796791   0.0000000
2463197.000000000   61.56084  20.86452  0.01002673796791   0.0000000
2463198.000000000   62.62510  21.05285  0.01002673796791   0.0000000
2463199.000000000   63.69236  21.23460  0.01002673796791   0.0000000
2463200.000000000   64.76259  21.40967  0.01002673796791   0.0000000
2463201.000000000   65.83572  21.57800  0.01002673796791   0.0000000
2463202.000000000   66.91168  21.73949  0.01002673796791   0.0000000
2463203.000000000   67.99040  21.89405  0.01002673796791   0.0000000
2463204.000000000   69.07181  22.04163  0.01002673796791   0.0000000
2463205.000000000   70.15583  22.18213  0.01002673796791   0.0000000
2463206.000000000   71.24236  22.31549  0.01002673796791   0.0000000
2463207.000000000   72.33131  22.44163  0.01002673796791   0.0000000
2463208.000000000   73.42258  22.56050  0.01002673796791   0.0000000
2463209.000000000   74.51606  22.67201  0.01002673796791   0.0000000
2463210.000000000   75.61164  22.77612  0.01002673796791   0.0000000
2463211.000000000   76.70919  22.87277  0.01002673796791   0.0000000
2463212.000000000   77.80859  22.96190  0.01002673796791   0.0000000
2463213.000000000   78.90971  23.04347  0.01002673796791   0.0000000
2463214.000000000   80.01239  23.11743  0.01002673796791   0.0000000
2463215.000000000   81.11649  23.18373  0.01002673796791   0.0000000
2463216.000000000   82.22185  23.24234  0.01002673796791   0.0000000
2463217.000000000   83.32831  23.29323  0.01002673796791   0.0000000
2463218.000000000   84.43572  23.33637  0.01002673796791   0.0000000
2463219.000000000   85.54392  23.37174  0.01002673796791   0.0000000
2463220.000000000   86.65275  23.39930  0.01002673796791   0.0000000
2463221.000000000   87.76206  23.41905  0.01002673796791   0.0000000
2463222.000000000   88.87171  23.43098  0.01002673796791   0.0000000
2463223.000000000   89.98156  23.43507  0.01002673796791   0.0000000
2463224.000000000   91.09148  23.43132  0.01002673796791   0.0000000
2463225.000000000   92.20133  23.41972  0.01002673796791   0.0000000
2463226.000000000   93.31098  23.40029  0.01002673796791   0.0000000
2463227.000000000   94.42030  23.37302  0.01002673796791   0.0000000
2463228.000000000   95.52916  23.33793  0.01002673796791   0.0000000
2463229.000000000   96.63745  23.29503  0.01002673796791   0.0000000
2463230.000000000   97.74502  23.24434  0.01002673796791   0.0000000
2463231.000000000   98.85178  23.18588  0.01002673796791   0.0000000
2463232.000000000   99.95758  23.11968  0.01002673796791   0.0000000
2463233.000000000  101.06231  23.04577  0.01002673796791   0.0000000
2463234.000000000  102.16585  22.96418  0.01002673796791   0.0000000
2463235.000000000  103.26808  22.87495  0.01002673796791   0.0000000
2463236.000000000  104.36887  22.77812  0.01002673796791   0.0000000
2463237.000000000  105.46813  22.67374  0.01002673796791   0.0000000
2463238.000000000  106.56572  22.56185  0.01002673796791   0.0000000
2463239.000000000  107.66153  22.44252  0.01002673796791   0.0000000
2463240.000000000  108.75545  22.31580  0.01002673796791   0.0000000
2463241.000000000  109.84736  22.18176  0.01002673796791   0.0000000
2463242.000000000  110.93714  22.04045  0.01002673796791   0.0000000
2463243.000000000  112.02467  21.89196  0.01002673796791   0.0000000
2463244.000000000  113.10985  21.73635  0.01002673796791   0.0000000
2463245.000000000  114.19254  21.57371  0.01002673796791   0.0000000
2463246.000000000  115.27263  21.40412  0.01002673796791   0.0000000
2463247.000000000  116.35001  21.22766  0.01002673796791   0.0000000
2463248.000000000  117.42459  21.04442  0.01002673796791   0.0000000
2463249.000000000  118.49626  20.85450  0.01002673796791   0.0000000
2463250.000000000  119.56496  20.65797  0.01002673796791   0.0000000
2463251.000000000  120.63061  20.45492  0.01002673796791   0.0000000
2463252.000000000  121.69315  20.24546  0.01002673796791   0.0000000
2463253.000000000  122.75253  20.02968  0.01002673796791   0.0000000
2463254.000000000  123.80869  19.80766  0.01002673796791   0.0000000
2463255.000000000  124.86161  19.57951  0.01002673796791   0.0000000
2463256.000000000  125.91125  19.34532  0.01002673796791   0.0000000
2463257.000000000  126.95759  19.10519  0.01002673796791   0.0000000
2463258.000000000  128.00060  18.85923  0.01002673796791   0.0000000
2463259.000000000  129.04027  18.60752  0.01002673796791   0.0000000
2463260.000000000  130.07659  18.35019  0.01002673796791   0.0000000
2463261.000000000  131.10955  18.08732  0.01002673796791   0.0000000
2463262.000000000  132.13916  17.81903  0.01002673796791   0.0000000
2463263.000000000  133.16540  17.54542  0.01002673796791   0.0000000
2463264.000000000  134.18829  17.26661  0.01002673796791   0.0000000
2463265.000000000  135.20784  16.98268  0.01002673796791   0.0000000
2463266.000000000  136.22406  16.69377  0.01002673796791   0.0000000
2463267.000000000  137.23695  16.39998  0.01002673796791   0.0000000
2463268.000000000  138.24654  16.10142  0.01002673796791   0.0000000
2463269.000000000  139.25284  15.79821  0.01002673796791   0.0000000
2463270.000000000  140.25586  15.49047  0.01002673796791   0.0000000
2463271.000000000  141.25562  15.17830  0.01002673796791   0.0000000
2463272.000000000  142.25213  14.86184  0.01002673796791   0.0000000
2463273.000000000  143.24539  14.54120  0.01002673796791   0.0000000
2463274.000000000  144.23542  14.21652  0.01002673796791   0.0000000
2463275.000000000  145.22224  13.88790  0.01002673796791   0.0000000
2463276.000000000  146.20585  13.55547  0.01002673796791   0.0000000
2463277.000000000  147.18627  13.21937  0.01002673796791   0.0000000
2463278.000000000  148.16354  12.87969  0.01002673796791   0.0000000
2463279.000000000  149.13770  12.53657  0.01002673796791   0.0000000
2463280.000000000  150.10878  12.19012  0.01002673796791   0.0000000
2463281.000000000  151.07684  11.84046  0.01002673796791   0.0000000
2463282.000000000  152.04194  11.48769  0.01002673796791   0.0000000
2463283.000000000  153.00413  11.13193  0.01002673796791   0.0000000
2463284.000000000  153.96348  10.77329  0.01002673796791   0.0000000
2463285.000000000  154.92006  10.41188  0.01002673796791   0.0000000
2463286.000000000  155.87394  10.04782  0.01002673796791   0.0000000
2463287.000000000  156.82521   9.68120  0.01002673796791   0.0000000
2463288.000000000  157.77393   9.31215  0.01002673796791   0.0000000
2463289.000000000  158.72018   8.94076  0.01002673796791   0.0000000
2463290.000000000  159.66406   8.56715  0.01002673796791   0.0000000
2463291.000000000  160.60565   8.19143  0.01002673796791   0.0000000
2463292.000000000  161.54502   7.81369  0.01002673796791   0.0000000
2463293.000000000  162.48228   7.43404  0.01002673796791   0.0000000
2463294.000000000  163.41751   7.05260  0.01002673796791   0.0000000
2463295.000000000  164.35079   6.66947  0.01002673796791   0.0000000
2463296.000000000  165.28221   6.28475  0.01002673796791   0.0000000
2463297.000000000  166.21186   5.89855  0.01002673796791   0.0000000
2463298.000000000  167.13982   5.51099  0.01002673796791   0.0000000
2463299.000000000  168.06617   5.12217  0.01002673796791   0.0000000
2463300.000000000  168.99098   4.73219  0.01002673796791   0.0000000
2463301.000000000  169.91433   4.34119  0.01002673796791   0.0000000
2463302.000000000  170.83627   3.94926  0.01002673796791   0.0000000
2463303.000000000  171.75689   3.55651  0.01002673796791   0.0000000
2463304.000000000  172.67623   3.16307  0.01002673796791   0.0000000
2463305.000000000  173.59436   2.76905  0.01002673796791   0.0000000
2463306.000000000  174.51134   2.37455  0.01002673796791   0.0000000
2463307.000000000  175.42725   1.97968  0.01002673796791   0.0000000
2463308.000000000  176.34216   1.58454  0.01002673796791   0.0000000
2463309.000000000  177.25615   1.18925  0.01002673796791   0.0000000
2463310.000000000  178.16929   0.79391  0.01002673796791   0.0000000
2463311.000000000  179.08168   0.39861  0.01002673796791   0.0000000
2463312.000000000  179.99340   0.00345  0.01002673796791   0.0000000
2463313.000000000  180.90453  -0.39146  0.01002673796791   0.0000000
2463314.000000000  181.81518  -0.78604  0.01002673796791   0.0000000
2463315.000000000  182.72543  -1.18017  0.01002673796791   0.0000000
2463316.000000000  183.63537  -1.57378  0.01002673796791   0.0000000
2463317.000000000  184.54509  -1.96675  0.01002673796791   0.0000000
2463318.000000000  185.45471  -2.35900  0.01002673796791   0.0000000
2463319.000000000  186.36430  -2.75044  0.01002673796791   0.0000000
2463320.000000000  187.27398  -3.14096  0.01002673796791   0.0000000
2463321.000000000  188.18383  -3.53048  0.01002673796791   0.0000000
2463322.000000000  189.09395  -3.91890  0.01002673796791   0.0000000
2463323.000000000  190.00445  -4.30613  0.01002673796791   0.0000000
2463324.000000000  190.91540  -4.69208  0.01002673796791   0.0000000
2463325.000000000  191.82691  -5.07665  0.01002673796791   0.0000000
2463326.000000000  192.73906  -5.45975  0.01002673796791   0.0000000
2463327.000000000  193.65194  -5.84127  0.01002673796791   0.0000000
2463328.000000000  194.56561  -6.22113  0.01002673796791   0.0000000
2463329.000000000  195.48015  -6.59922  0.01002673796791   0.0000000
2463330.000000000  196.39562  -6.97544  0.01002673796791   0.0000000
2463331.000000000  197.31209  -7.34970  0.01002673796791   0.0000000
2463332.000000000  198.22962  -7.72188  0.01002673796791   0.0000000
2463333.000000000  199.14824  -8.09190  0.01002673796791   0.0000000
2463334.000000000  200.06801  -8.45965  0.01002673796791   0.0000000
2463335.000000000  200.98899  -8.82502  0.01002673796791   0.0000000
2463336.000000000  201.91122  -9.18793  0.01002673796791   0.0000000
2463337.000000000  202.83477  -9.54828  0.01002673796791   0.0000000
2463338.000000000  203.75968  -9.90596  0.01002673796791   0.0000000
2463339.000000000  204.68601 -10.26090  0.01002673796791   0.0000000
2463340.000000000  205.61383 -10.61299  0.01002673796791   0.0000000
2463341.000000000  206.54318 -10.96214  0.01002673796791   0.0000000
2463342.000000000  207.47414 -11.30826  0.01002673796791   0.0000000
2463343.000000000  208.40677 -11.65126  0.01002673796791   0.0000000
2463344.000000000  209.34111 -11.99105  0.01002673796791   0.0000000
2463345.000000000  210.27723 -12.32754  0.01002673796791   0.0000000
2463346.000000000  211.21520 -12.66065  0.01002673796791   0.0000000
2463347.000000000  212.15507 -12.99028  0.01002673796791   0.0000000
2463348.000000000  213.09690 -13.31634  0.01002673796791   0.0000000
2463349.000000000  214.04076 -13.63876  0.01002673796791   0.0000000
2463350.000000000  214.98670 -13.95744  0.01002673796791   0.0000000
2463351.000000000  215.93478 -14.27231  0.01002673796791   0.0000000
2463352.000000000  216.88506 -14.58326  0.01002673796791   0.0000000
2463353.000000000  217.83759 -14.89022  0.01002673796791   0.0000000
2463354.000000000  218.79240 -15.19310  0.01002673796791   0.0000000
2463355.000000000  219.74955 -15.49181  0.01002673796791   0.0000000
2463356.000000000  220.70906 -15.78627  0.01002673796791   0.0000000
2463357.000000000  221.67095 -16.07638  0.01002673796791   0.0000000
2463358.000000000  222.63525 -16.36206  0.01002673796791   0.0000000
2463359.000000000  223.60195 -16.64322  0.01002673796791   0.0000000
2463360.000000000  224.57107 -16.91977  0.01002673796791   0.0000000
2463361.000000000  225.54259 -17.19162  0.01002673796791   0.0000000
2463362.000000000  226.51650 -17.45869  0.01002673796791   0.0000000
2463363.000000000  227.49280 -17.72089  0.01002673796791   0.0000000
2463364.000000000  228.47147 -17.97813  0.01002673796791   0.0000000
2463365.000000000  229.45249 -18.23034  0.01002673796791   0.0000000
2463366.000000000  230.43585 -18.47743  0.01002673796791   0.0000000
2463367.000000000  231.42153 -18.71932  0.01002673796791   0.0000000
2463368.000000000  232.40951 -18.95593  0.01002673796791   0.0000000
2463369.000000000  233.39977 -19.18719  0.01002673796791   0.0000000
2463370.000000000  234.39230 -19.41301  0.01002673796791   0.0000000
2463371.000000000  235.38706 -19.63334  0.01002673796791   0.0000000
2463372.000000000  236.38405 -19.84809  0.01002673796791   0.0000000
2463373.000000000  237.38323 -20.05719  0.01002673796791   0.0000000
2463374.000000000  238.38459 -20.26058  0.01002673796791   0.0000000
2463375.000000000  239.38809 -20.45819  0.01002673796791   0.0000000
2463376.000000000  240.39372 -20.64994  0.01002673796791   0.0000000
2463377.000000000  241.40144 -20.83579  0.01002673796791   0.0000000
2463378.000000000  242.41124 -21.01566  0.01002673796791   0.0000000
2463379.000000000  243.42309 -21.18949  0.01002673796791   0.0000000
2463380.000000000  244.43695 -21.35723  0.01002673796791   0.0000000
2463381.000000000  245.45280 -21.51882  0.01002673796791   0.0000000
2463382.000000000  246.47060 -21.67420  0.01002673796791   0.0000000
2463383.000000000  247.49031 -21.82331  0.01002673796791   0.0000000
2463384.000000000  248.51187 -21.96611  0.01002673796791   0.0000000
2463385.000000000  249.53521 -22.10254  0.01002673796791   0.0000000
2463386.000000000  250.56028 -22.23255  0.01002673796791   0.0000000
2463387.000000000  251.58698 -22.35610  0.01002673796791   0.0000000
2463388.000000000  252.61525 -22.47314  0.01002673796791   0.0000000
2463389.000000000  253.64499 -22.58362  0.01002673796791   0.0000000
2463390.000000000  254.67610 -22.68751  0.01002673796791   0.0000000
2463391.000000000  255.70848 -22.78477  0.01002673796791   0.0000000
2463392.000000000  256.74204 -22.87536  0.01002673796791   0.0000000
2463393.000000000  257.77667 -22.95925  0.01002673796791   0.0000000
2463394.000000000  258.81227 -23.03641  0.01002673796791   0.0000000
2463395.000000000  259.84873 -23.10681  0.01002673796791   0.0000000
2463396.000000000  260.88595 -23.17043  0.01002673796791   0.0000000
2463397.000000000  261.92383 -23.22725  0.01002673796791   0.0000000
2463398.000000000  262.96227 -23.27723  0.01002673796791   0.0000000
2463399.000000000  264.00117 -23.32038  0.01002673796791   0.0000000
2463400.000000000  265.04042 -23.35668  0.01002673796791   0.0000000
2463401.000000000  266.07992 -23.38611  0.01002673796791   0.0000000
2463402.000000000  267.11959 -23.40866  0.01002673796791   0.0000000
2463403.000000000  268.15933 -23.42433  0.01002673796791   0.0000000
2463404.000000000  269.19904 -23.43312  0.01002673796791   0.0000000
2463405.000000000  270.23863 -23.43502  0.01002673796791   0.0000000
2463406.000000000  271.27803 -23.43004  0.01002673796791   0.0000000
2463407.000000000  272.31716 -23.41817  0.01002673796791   0.0000000
2463408.000000000  273.35594 -23.39943  0.01002673796791   0.0000000
2463409.000000000  274.39429 -23.37382  0.01002673796791   0.0000000
2463410.000000000  275.43214 -23.34135  0.01002673796791   0.0000000
2463411.000000000  276.46941 -23.30204  0.01002673796791   0.0000000
2463412.000000000  277.50602 -23.25590  0.01002673796791   0.0000000
2463413.000000000  278.54190 -23.20296  0.01002673796791   0.0000000
2463414.000000000  279.57694 -23.14323  0.01002673796791   0.0000000
2463415.000000000  280.61105 -23.07674  0.01002673796791   0.0000000
2463416.000000000  281.64414 -23.00353  0.01002673796791   0.0000000
2463417.000000000  282.67612 -22.92361  0.01002673796791   0.0000000
2463418.000000000  283.70688 -22.83704  0.01002673796791   0.0000000
2463419.000000000  284.73632 -22.74384  0.01002673796791   0.0000000
2463420.000000000  285.76435 -22.64406  0.01002673796791   0.0000000
2463421.000000000  286.79087 -22.53773  0.01002673796791   0.0000000
2463422.000000000  287.81579 -22.42491  0.01002673796791   0.0000000
2463423.000000000  288.83902 -22.30564  0.01002673796791   0.0000000
2463424.000000000  289.86048 -22.17997  0.01002673796791   0.0000000
2463425.000000000  290.88008 -22.04795  0.01002673796791   0.0000000
2463426.000000000  291.89774 -21.90964  0.01002673796791   0.0000000
2463427.000000000  292.91340 -21.76508  0.01002673796791   0.0000000
2463428.000000000  293.92698 -21.61434  0.01002673796791   0.0000000
2463429.000000000  294.93842 -21.45747  0.01002673796791   0.0000000
2463430.000000000  295.94767 -21.29454  0.01002673796791   0.0000000
2463431.000000000  296.95468 -21.12560  0.01002673796791   0.0000000
2463432.000000000  297.95938 -20.95071  0.01002673796791   0.0000000
2463433.000000000  298.96176 -20.76995  0.01002673796791   0.0000000
2463434.000000000  299.96177 -20.58336  0.01002673796791   0.0000000
2463435.000000000  300.95940 -20.39102  0.01002673796791   0.0000000
2463436.000000000  301.95462 -20.19299  0.01002673796791   0.0000000
2463437.000000000  302.94744 -19.98932  0.01002673796791   0.0000000
2463438.000000000  303.93784 -19.78010  0.01002673796791   0.0000000
2463439.000000000  304.92583 -19.56539  0.01002673796791   0.0000000
2463440.000000000  305.91140 -19.34525  0.01002673796791   0.0000000
2463441.000000000  306.89455 -19.11976  0.01002673796791   0.0000000
2463442.000000000  307.87527 -18.88899  0.01002673796791   0.0000000
2463443.000000000  308.85357 -18.65302  0.01002673796791   0.0000000
2463444.000000000  309.82942 -18.41192  0.01002673796791   0.0000000
2463445.000000000  310.80282 -18.16578  0.01002673796791   0.0000000
2463446.000000000  311.77376 -17.91468  0.01002673796791   0.0000000
2463447.000000000  312.74223 -17.65871  0.01002673796791   0.0000000
2463448.000000000  313.70823 -17.39794  0.01002673796791   0.0000000
2463449.000000000  314.67175 -17.13246  0.01002673796791   0.0000000
2463450.000000000  315.63279 -16.86235  0.01002673796791   0.0000000
2463451.000000000  316.59135 -16.58771  0.01002673796791   0.0000000
2463452.000000000  317.54743 -16.30863  0.01002673796791   0.0000000
2463453.000000000  318.50104 -16.02518  0.01002673796791   0.0000000
2463454.000000000  319.45219 -15.73745  0.01002673796791   0.0000000
2463455.000000000  320.40089 -15.44554  0.01002673796791   0.0000000
2463456.000000000  321.34716 -15.14953  0.01002673796791   0.0000000
2463457.000000000  322.29102 -14.84951  0.01002673796791   0.0000000
2463458.000000000  323.23251 -14.54557  0.01002673796791   0.0000000
2463459.000000000  324.17163 -14.23780  0.01002673796791   0.0000000
2463460.000000000  325.10844 -13.92628  0.01002673796791   0.0000000
2463461.000000000  326.04297 -13.61109  0.01002673796791   0.0000000
2463462.000000000  326.97527 -13.29233  0.01002673796791   0.0000000
2463463.000000000  327.90540 -12.97008  0.01002673796791   0.0000000
2463464.000000000  328.83340 -12.64442  0.01002673796791   0.0000000
2463465.000000000  329.75935 -12.31543  0.01002673796791   0.0000000
2463466.000000000  330.68332 -11.98319  0.01002673796791   0.0000000
2463467.000000000  331.60540 -11.64779  0.01002673796791   0.0000000
2463468.000000000  332.52564 -11.30930  0.01002673796791   0.0000000
2463469.000000000  333.44414 -10.96781  0.01002673796791   0.0000000
2463470.000000000  334.36096 -10.62341  0.01002673796791   0.0000000
2463471.000000000  335.27618 -10.27617  0.01002673796791   0.0000000
2463472.000000000  336.18986  -9.92620  0.01002673796791   0.0000000
2463473.000000000  337.10206  -9.57357  0.01002673796791   0.0000000
2463474.000000000  338.01284  -9.21838  0.01002673796791   0.0000000
2463475.000000000  338.92227  -8.86072  0.01002673796791   0.0000000
2463476.000000000  339.83041  -8.50069  0.01002673796791   0.0000000
2463477.000000000  340.73732  -8.13837  0.01002673796791   0.0000000
2463478.000000000  341.64305  -7.77387  0.01002673796791   0.0000000
2463479.000000000  342.54768  -7.40726  0.01002673796791   0.0000000
2463480.000000000  343.45125  -7.03866  0.01002673796791   0.0000000
2463481.000000000  344.35383  -6.66815  0.01002673796791   0.0000000
2463482.000000000  345.25548  -6.29582  0.01002673796791   0.0000000
2463483.000000000  346.15627  -5.92177  0.01002673796791   0.0000000
2463484.000000000  347.05626  -5.54610  0.01002673796791   0.0000000
2463485.000000000  347.95551  -5.16890  0.01002673796791   0.0000000
2463486.000000000  348.85410  -4.79026  0.01002673796791   0.0000000
2463487.000000000  349.75208  -4.41028  0.01002673796791   0.0000000
2463488.000000000  350.64955  -4.02904  0.01002673796791   0.0000000
2463489.000000000  351.54656  -3.64665  0.01002673796791   0.0000000
2463490.000000000  352.44321  -3.26319  0.01002673796791   0.0000000
2463491.000000000  353.33956  -2.87876  0.01002673796791   0.0000000
2463492.000000000  354.23573  -2.49343  0.01002673796791   0.0000000
2463493.000000000  355.13179  -2.10730  0.01002673796791   0.0000000
2463494.000000000  356.02785  -1.72046  0.01002673796791   0.0000000
2463495.000000000  356.92401  -1.33298  0.01002673796791   0.0000000
2463496.000000000  357.82039  -0.94496  0.01002673796791   0.0000000
2463497.000000000  358.71708  -0.55649  0.01002673796791   0.0000000
2463498.000000000  359.61419  -0.16764  0.01002673796791   0.0000000
2463499.000000000    0.51182   0.22149  0.01002673796791   0.0000000
2463500.000000000    1.41006   0.61080  0.01002673796791   0.0000000
2463501.000000000    2.30902   1.00021  0.01002673796791   0.0000000
2463502.000000000    3.20876   1.38962  0.01002673796791   0.0000000
2463503.000000000    4.10939   1.77893  0.01002673796791   0.0000000
2463504.000000000    5.01098   2.16804  0.01002673796791   0.0000000
2463505.000000000    5.91361   2.55685  0.01002673796791   0.0000000
2463506.000000000    6.81736   2.94527  0.01002673796791   0.0000000
2463507.000000000    7.72230   3.33319  0.01002673796791   0.0000000
2463508.000000000    8.62852   3.72051  0.01002673796791   0.0000000
2463509.000000000    9.53608   4.10713  0.01002673796791   0.0000000
2463510.000000000   10.44506   4.49295  0.01002673796791   0.0000000
2463511.000000000   11.35552   4.87785  0.01002673796791   0.0000000
2463512.000000000   12.26754   5.26175  0.01002673796791   0.0000000
2463513.000000000   13.18119   5.64452  0.01002673796791   0.0000000
2463514.000000000   14.09653   6.02608  0.01002673796791   0.0000000
2463515.000000000   15.01362   6.40630  0.01002673796791   0.0000000
2463516.000000000   15.93255   6.78509  0.01002673796791   0.0000000
2463517.000000000   16.85337   7.16235  0.01002673796791   0.0000000
2463518.000000000   17.77616   7.53796  0.01002673796791   0.0000000
2463519.000000000   18.70100   7.91183  0.01002673796791   0.0000000
2463520.000000000   19.62796   8.28384  0.01002673796791   0.0000000
2463521.000000000   20.55712   8.65391  0.01002673796791   0.0000000
2463522.000000000   21.48857   9.02191  0.01002673796791   0.0000000
2463523.000000000   22.42240   9.38777  0.01002673796791   0.0000000
2463524.000000000   23.35870   9.75137  0.01002673796791   0.0000000
2463525.000000000   24.29757  10.11261  0.01002673796791   0.0000000
2463526.000000000   25.23908  10.47139  0.01002673796791   0.0000000
2463527.000000000   26.18333  10.82761  0.01002673796791   0.0000000
2463528.000000000   27.13040  11.18116  0.01002673796791   0.0000000
2463529.000000000   28.08036  11.53194  0.01002673796791   0.0000000
2463530.000000000   29.03329  11.87983  0.01002673796791   0.0000000
2463531.000000000   29.98924  12.22473  0.01002673796791   0.0000000
2463532.000000000   30.94827  12.56652  0.01002673796791   0.0000000
2463533.000000000   31.91044  12.90509  0.01002673796791   0.0000000
2463534.000000000   32.87581  13.24033  0.01002673796791   0.0000000
2463535.000000000   33.84440  13.57213  0.01002673796791   0.0000000
2463536.000000000   34.81627  13.90038  0.01002673796791   0.0000000
2463537.000000000   35.79145  14.22495  0.01002673796791   0.0000000
2463538.000000000   36.76997  14.54573  0.01002673796791   0.0000000
2463539.000000000   37.75186  14.86260  0.01002673796791   0.0000000
2463540.000000000   38.73714  15.17546  0.01002673796791   0.0000000
2463541.000000000   39.72582  15.48419  0.01002673796791   0.0000000
2463542.000000000   40.71792  15.78866  0.01002673796791   0.0000000
2463543.000000000   41.71345  16.08876  0.01002673796791   0.0000000
2463544.000000000   42.71240  16.38438  0.01002673796791   0.0000000
2463545.000000000   43.71480  16.67541  0.01002673796791   0.0000000
2463546.000000000   44.72063  16.96172  0.01002673796791   0.0000000
2463547.000000000   45.72991  17.24322  0.01002673796791   0.0000000
2463548.000000000   46.74263  17.51978  0.01002673796791   0.0000000
2463549.000000000   47.75881  17.79129  0.01002673796791   0.0000000
2463550.000000000   48.77844  18.05766  0.01002673796791   0.0000000
2463551.000000000   49.80153  18.31876  0.01002673796791   0.0000000
2463552.000000000   50.82808  18.57451  0.01002673796791   0.0000000
2463553.000000000   51.85811  18.82478  0.01002673796791   0.0000000
2463554.000000000   52.89162  19.06948  0.01002673796791   0.0000000
2463555.000000000   53.92860  19.30851  0.01002673796791   0.0000000
2463556.000000000   54.96905  19.54176  0.01002673796791   0.0000000
2463557.000000000   56.01295  19.76913  0.01002673796791   0.0000000
2463558.000000000   57.06028  19.99053  0.01002673796791   0.0000000
2463559.000000000   58.11100  20.20585  0.01002673796791   0.0000000
2463560.000000000   59.16509  20.41499  0.01002673796791   0.0000000
2463561.000000000   60.22248  20.61786  0.01002673796791   0.0000000
2463562.000000000   61.28314  20.81436  0.01002673796791   0.0000000
2463563.000000000   62.34699  21.00441  0.01002673796791   0.0000000
2463564.000000000   63.41398  21.18790  0.01002673796791   0.0000000
2463565.000000000   64.48402  21.36474  0.01002673796791   0.0000000
2463566.000000000   65.55704  21.53486  0.01002673796791   0.0000000
2463567.000000000   66.63294  21.69816  0.01002673796791   0.0000000
2463568.000000000   67.71164  21.85457  0.01002673796791   0.0000000
2463569.000000000   68.79302  22.00400  0.01002673796791   0.0000000
2463570.000000000   69.87698  22.14637  0.01002673796791   0.0000000
2463571.000000000   70.96340  22.28161  0.01002673796791   0.0000000
2463572.000000000   72.05216  22.40966  0.01002673796791   0.0000000
2463573.000000000   73.14313  22.53043  0.01002673796791   0.0000000
2463574.000000000   74.23619  22.64388  0.01002673796791   0.0000000
2463575.000000000   75.33121  22.74993  0.01002673796791   0.0000000
2463576.000000000   76.42807  22.84853  0.01002673796791   0.0000000
2463577.000000000   77.52663  22.93963  0.01002673796791   0.0000000
2463578.000000000   78.62679  23.02318  0.01002673796791   0.0000000
2463579.000000000   79.72842  23.09913  0.01002673796791   0.0000000
2463580.000000000   80.83140  23.16743  0.01002673796791   0.0000000
2463581.000000000   81.93562  23.22806  0.01002673796791   0.0000000
2463582.000000000   83.04096  23.28097  0.01002673796791   0.0000000
2463583.000000000   84.14730  23.32614  0.01002673796791   0.0000000
2463584.000000000   85.25453  23.36353  0.01002673796791   0.0000000
2463585.000000000   86.36253  23.39313  0.01002673796791   0.0000000
2463586.000000000   87.47117  23.41491  0.01002673796791   0.0000000
2463587.000000000   88.58032  23.42886  0.01002673796791   0.0000000
2463588.000000000   89.68986  23.43497  0.01002673796791   0.0000000
2463589.000000000   90.79965  23.43323  0.01002673796791   0.0000000
2463590.000000000   91.90956  23.42363  0.01002673796791   0.0000000
2463591.000000000   93.01945  23.40619  0.01002673796791   0.0000000
2463592.000000000   94.12918  23.38091  0.01002673796791   0.0000000
2463593.000000000   95.23860  23.34779  0.01002673796791   0.0000000
2463594.000000000   96.34758  23.30685  0.01002673796791   0.0000000
2463595.000000000   97.45597  23.25810  0.01002673796791   0.0000000
2463596.000000000   98.56361  23.20159  0.01002673796791   0.0000000
2463597.000000000   99.67038  23.13732  0.01002673796791   0.0000000
2463598.000000000  100.77610  23.06534  0.01002673796791   0.0000000
2463599.000000000  101.88064  22.98567  0.01002673796791   0.0000000
2463600.000000000  102.98384  22.89837  0.01002673796791   0.0000000
2463601.000000000  104.08554  22.80347  0.01002673796791   0.0000000
2463602.000000000  105.18561  22.70104  0.01002673796791   0.0000000
2463603.000000000  106.28390  22.59110  0.01002673796791   0.0000000
2463604.000000000  107.38028  22.47374  0.01002673796791   0.0000000
2463605.000000000  108.47462  22.34899  0.01002673796791   0.0000000
2463606.000000000  109.56680  22.21692  0.01002673796791   0.0000000
2463607.000000000  110.65673  22.07761  0.01002673796791   0.0000000
2463608.000000000  111.74430  21.93110  0.01002673796791   0.0000000
2463609.000000000  112.82942  21.77748  0.01002673796791   0.0000000
2463610.000000000  113.91201  21.61681  0.01002673796791   0.0000000
2463611.000000000  114.99199  21.44917  0.01002673796791   0.0000000
2463612.000000000  116.06930  21.27463  0.01002673796791   0.0000000
2463613.000000000  117.14387  21.09328  0.01002673796791   0.0000000
2463614.000000000  118.21563  20.90519  0.01002673796791   0.0000000
2463615.000000000  119.28453  20.71046  0.01002673796791   0.0000000
2463616.000000000  120.35052  20.50916  0.01002673796791   0.0000000
2463617.000000000  121.41355  20.30139  0.01002673796791   0.0000000
2463618.000000000  122.47356  20.08723  0.01002673796791   0.0000000
2463619.000000000  123.53051  19.86680  0.01002673796791   0.0000000
2463620.000000000  124.58437  19.64017  0.01002673796791   0.0000000
2463621.000000000  125.63508  19.40745  0.01002673796791   0.0000000
2463622.000000000  126.68262  19.16874  0.01002673796791   0.0000000
2463623.000000000  127.72695  18.92415  0.01002673796791   0.0000000
2463624.000000000  128.76804  18.67377  0.01002673796791   0.0000000
2463625.000000000  129.80586  18.41772  0.01002673796791   0.0000000
2463626.000000000  130.84038  18.15611  0.01002673796791   0.0000000
2463627.000000000  131.87156  17.88905  0.01002673796791   0.0000000
2463628.000000000  132.89938  17.61665  0.01002673796791   0.0000000
2463629.000000000  133.92381  17.33903  0.01002673796791   0.0000000
2463630.000000000  134.94482  17.05631  0.01002673796791   0.0000000
2463631.000000000  135.96239  16.76860  0.01002673796791   0.0000000
2463632.000000000  136.97651  16.47602  0.01002673796791   0.0000000
2463633.000000000  137.98716  16.17869  0.01002673796791   0.0000000
2463634.000000000  138.99436  15.87673  0.01002673796791   0.0000000
2463635.000000000  139.99811  15.57024  0.01002673796791   0.0000000
2463636.000000000  140.99843  15.25935  0.01002673796791   0.0000000
2463637.000000000  141.99536  14.94417  0.01002673796791   0.0000000
2463638.000000000  142.98892  14.62481  0.01002673796791   0.0000000
2463639.000000000  143.97916  14.30137  0.01002673796791   0.0000000
2463640.000000000  144.96613  13.97399  0.01002673796791   0.0000000
2463641.000000000  145.94987  13.64276  0.01002673796791   0.0000000
2463642.000000000  146.93043  13.30780  0.01002673796791   0.0000000
2463643.000000000  147.90789  12.96922  0.01002673796791   0.0000000
2463644.000000000  148.88229  12.62713  0.01002673796791   0.0000000
2463645.000000000  149.85369  12.28165  0.01002673796791   0.0000000
2463646.000000000  150.82217  11.93288  0.01002673796791   0.0000000
2463647.000000000  151.78778  11.58094  0.01002673796791   0.0000000
2463648.000000000  152.75060  11.22594  0.01002673796791   0.0000000
2463649.000000000  153.71069  10.86799  0.01002673796791   0.0000000
2463650.000000000  154.66812  10.50720  0.01002673796791   0.0000000
2463651.000000000  155.62295  10.14369  0.01002673796791   0.0000000
2463652.000000000  156.57526   9.77757  0.01002673796791   0.0000000
2463653.000000000  157.52511   9.40896  0.01002673796791   0.0000000
2463654.000000000  158.47257   9.03796  0.01002673796791   0.0000000
2463655.000000000  159.41770   8.66469  0.01002673796791   0.0000000
2463656.000000000  160.36056   8.28927  0.01002673796791   0.0000000
2463657.000000000  161.30120   7.91182  0.01002673796791   0.0000000
2463658.000000000  162.23969   7.53245  0.01002673796791   0.0000000
2463659.000000000  163.17607   7.15128  0.01002673796791   0.0000000
2463660.000000000  164.11040   6.76843  0.01002673796791   0.0000000
2463661.000000000  165.04273   6.38401  0.01002673796791   0.0000000
2463662.000000000  165.97312   5.99814  0.01002673796791   0.0000000
2463663.000000000  166.90166   5.61092  0.01002673796791   0.0000000
2463664.000000000  167.82840   5.22247  0.01002673796791   0.0000000
2463665.000000000  168.75343   4.83289  0.01002673796791   0.0000000
2463666.000000000  169.67684   4.44229  0.01002673796791   0.0000000
2463667.000000000  170.59870   4.05077  0.01002673796791   0.0000000
2463668.000000000  171.51912   3.65844  0.01002673796791   0.0000000
2463669.000000000  172.43819   3.26539  0.01002673796791   0.0000000
2463670.000000000  173.35599   2.87173  0.01002673796791   0.0000000
2463671.000000000  174.27263   2.47755  0.01002673796791   0.0000000
2463672.000000000  175.18820   2.08297  0.01002673796791   0.0000000
2463673.000000000  176.10280   1.68806  0.01002673796791   0.0000000
2463674.000000000  177.01652   1.29294  0.01002673796791   0.0000000
2463675.000000000  177.92948   0.89771  0.01002673796791   0.0000000
2463676.000000000  178.84175   0.50245  0.01002673796791   0.0000000
2463677.000000000  179.75345   0.10727  0.01002673796791   0.0000000
2463678.000000000  180.66467  -0.28773  0.01002673796791   0.0000000
2463679.000000000  181.57549  -0.68246  0.01002673796791   0.0000000
2463680.000000000  182.48602  -1.07681  0.01002673796791   0.0000000
2463681.000000000  183.39635  -1.47070  0.01002673796791   0.0000000
2463682.000000000  184.30655  -1.86401  0.01002673796791   0.0000000
2463683.000000000  185.21673  -2.25665  0.01002673796791   0.0000000
2463684.000000000  186.12694  -2.64853  0.01002673796791   0.0000000
2463685.000000000  187.03728  -3.03952  0.01002673796791   0.0000000
2463686.000000000  187.94780  -3.42954  0.01002673796791   0.0000000
2463687.000000000  188.85856  -3.81848  0.01002673796791   0.0000000
2463688.000000000  189.76964  -4.20624  0.01002673796791   0.0000000
2463689.000000000  190.68107  -4.59270  0.01002673796791   0.0000000
2463690.000000000  191.59294  -4.97777  0.01002673796791   0.0000000
2463691.000000000  192.50529  -5.36135  0.01002673796791   0.0000000
2463692.000000000  193.41819  -5.74334  0.01002673796791   0.0000000
2463693.000000000  194.33172  -6.12363  0.01002673796791   0.0000000
2463694.000000000  195.24594  -6.50214  0.01002673796791   0.0000000
2463695.000000000  196.16094  -6.87877  0.01002673796791   0.0000000
2463696.000000000  197.07679  -7.25342  0.01002673796791   0.0000000
2463697.000000000  197.99357  -7.62600  0.01002673796791   0.0000000
2463698.000000000  198.91135  -7.99642  0.01002673796791   0.0000000
2463699.000000000  199.83023  -8.36459  0.01002673796791   0.0000000
2463700.000000000  200.75027  -8.73042  0.01002673796791   0.0000000
2463701.000000000  201.67157  -9.09381  0.01002673796791   0.0000000
2463702.000000000  202.59419  -9.45468  0.01002673796791   0.0000000
2463703.000000000  203.51822  -9.81293  0.01002673796791   0.0000000
2463704.000000000  204.44373 -10.16848  0.01002673796791   0.0000000
2463705.000000000  205.37080 -10.52123  0.01002673796791   0.0000000
2463706.000000000  206.29951 -10.87110  0.01002673796791   0.0000000
2463707.000000000  207.22993 -11.21800  0.01002673796791   0.0000000
2463708.000000000  208.16212 -11.56183  0.01002673796791   0.0000000
2463709.000000000  209.09616 -11.90252  0.01002673796791   0.0000000
2463710.000000000  210.03210 -12.23995  0.01002673796791   0.0000000
2463711.000000000  210.97001 -12.57405  0.01002673796791   0.0000000
2463712.000000000  211.90992 -12.90473  0.01002673796791   0.0000000
2463713.000000000  212.85189 -13.23189  0.01002673796791   0.0000000
2463714.000000000  213.79594 -13.55543  0.01002673796791   0.0000000
2463715.000000000  214.74212 -13.87527  0.01002673796791   0.0000000
2463716.000000000  215.69043 -14.19131  0.01002673796791   0.0000000
2463717.000000000  216.64089 -14.50345  0.01002673796791   0.0000000
2463718.000000000  217.59352 -14.81160  0.01002673796791   0.0000000
2463719.000000000  218.54833 -15.11567  0.01002673796791   0.0000000
2463720.000000000  219.50533 -15.41556  0.01002673796791   0.0000000
2463721.000000000  220.46454 -15.71119  0.01002673796791   0.0000000
2463722.000000000  221.42597 -16.00247  0.01002673796791   0.0000000
2463723.000000000  222.38964 -16.28930  0.01002673796791   0.0000000
2463724.000000000  223.35556 -16.57161  0.01002673796791   0.0000000
2463725.000000000  224.32376 -16.84931  0.01002673796791   0.0000000
2463726.000000000  225.29425 -17.12232  0.01002673796791   0.0000000
2463727.000000000  226.26704 -17.39055  0.01002673796791   0.0000000
2463728.000000000  227.24215 -17.65392  0.01002673796791   0.0000000
2463729.000000000  228.21959 -17.91235  0.01002673796791   0.0000000
2463730.000000000  229.19938 -18.16576  0.01002673796791   0.0000000
2463731.000000000  230.18153 -18.41408  0.01002673796791   0.0000000
2463732.000000000  231.16603 -18.65723  0.01002673796791   0.0000000
2463733.000000000  232.15291 -18.89513  0.01002673796791   0.0000000
2463734.000000000  233.14216 -19.12771  0.01002673796791   0.0000000
2463735.000000000  234.13378 -19.35489  0.01002673796791   0.0000000
2463736.000000000  235.12778 -19.57661  0.01002673796791   0.0000000
2463737.000000000  236.12414 -19.79278  0.01002673796791   0.0000000
2463738.000000000  237.12286 -20.00334  0.01002673796791   0.0000000
2463739.000000000  238.12391 -20.20822  0.01002673796791   0.0000000
2463740.000000000  239.12726 -20.40736  0.01002673796791   0.0000000
2463741.000000000  240.13289 -20.60067  0.01002673796791   0.0000000
2463742.000000000  241.14075 -20.78810  0.01002673796791   0.0000000
2463743.000000000  242.15078 -20.96958  0.01002673796791   0.0000000
2463744.000000000  243.16292 -21.14505  0.01002673796791   0.0000000
2463745.000000000  244.17712 -21.31444  0.01002673796791   0.0000000
2463746.000000000  245.19328 -21.47769  0.01002673796791   0.0000000
2463747.000000000  246.21135 -21.63474  0.01002673796791   0.0000000
2463748.000000000  247.23123 -21.78553  0.01002673796791   0.0000000
2463749.000000000  248.25284 -21.93001  0.01002673796791   0.0000000
2463750.000000000  249.27612 -22.06813  0.01002673796791   0.0000000
2463751.000000000  250.30098 -22.19984  0.01002673796791   0.0000000
2463752.000000000  251.32734 -22.32508  0.01002673796791   0.0000000
2463753.000000000  252.35513 -22.44381  0.01002673796791   0.0000000
2463754.000000000  253.38426 -22.55600  0.01002673796791   0.0000000
2463755.000000000  254.41467 -22.66159  0.01002673796791   0.0000000
2463756.000000000  255.44627 -22.76056  0.01002673796791   0.0000000
2463757.000000000  256.47898 -22.85287  0.01002673796791   0.0000000
2463758.000000000  257.51274 -22.93847  0.01002673796791   0.0000000
2463759.000000000  258.54745 -23.01736  0.01002673796791   0.0000000
2463760.000000000  259.58305 -23.08948  0.01002673796791   0.0000000
2463761.000000000  260.61946 -23.15483  0.01002673796791   0.0000000
2463762.000000000  261.65661 -23.21337  0.01002673796791   0.0000000
2463763.000000000  262.69441 -23.26509  0.01002673796791   0.0000000
2463764.000000000  263.73280 -23.30997  0.01002673796791   0.0000000
2463765.000000000  264.77169 -23.34800  0.01002673796791   0.0000000
2463766.000000000  265.81101 -23.37915  0.01002673796791   0.0000000
2463767.000000000  266.85068 -23.40343  0.01002673796791   0.0000000
2463768.000000000  267.89059 -23.42082  0.01002673796791   0.0000000
2463769.000000000  268.93068 -23.43132  0.01002673796791   0.0000000
2463770.000000000  269.97082 -23.43493  0.01002673796791   0.0000000
2463771.000000000  271.01093 -23.43165  0.01002673796791   0.0000000
2463772.000000000  272.05088 -23.42148  0.01002673796791   0.0000000
2463773.000000000  273.09058 -23.40444  0.01002673796791   0.0000000
2463774.000000000  274.12990 -23.38052  0.01002673796791   0.0000000
2463775.000000000  275.16872 -23.34976  0.01002673796791   0.0000000
2463776.000000000  276.20693 -23.31215  0.01002673796791   0.0000000
2463777.000000000  277.24441 -23.26772  0.01002673796791   0.0000000
2463778.000000000  278.28106 -23.21650  0.01002673796791   0.0000000
2463779.000000000  279.31676 -23.15849  0.01002673796791   0.0000000
2463780.000000000  280.35141 -23.09374  0.01002673796791   0.0000000
2463781.000000000  281.38491 -23.02227  0.01002673796791   0.0000000
2463782.000000000  282.41716 -22.94410  0.01002673796791   0.0000000
2463783.000000000  283.44809 -22.85928  0.01002673796791   0.0000000
2463784.000000000  284.47759 -22.76783  0.01002673796791   0.0000000
2463785.000000000  285.50559 -22.66980  0.01002673796791   0.0000000
2463786.000000000  286.53201 -22.56522  0.01002673796791   0.0000000
2463787.000000000  287.55678 -22.45414  0.01002673796791   0.0000000
2463788.000000000  288.57983 -22.33660  0.01002673796791   0.0000000
2463789.000000000  289.60110 -22.21264  0.01002673796791   0.0000000
2463790.000000000  290.62054 -22.08231  0.01002673796791   0.0000000
2463791.000000000  291.63809 -21.94566  0.01002673796791   0.0000000
2463792.000000000  292.65371 -21.80274  0.01002673796791   0.0000000
2463793.000000000  293.66737 -21.65360  0.01002673796791   0.0000000
2463794.000000000  294.67902 -21.49830  0.01002673796791   0.0000000
2463795.000000000  295.68863 -21.33689  0.01002673796791   0.0000000
2463796.000000000  296.69616 -21.16943  0.01002673796791   0.0000000
2463797.000000000  297.70157 -20.99597  0.01002673796791   0.0000000
2463798.000000000  298.70483 -20.81659  0.01002673796791   0.0000000
2463799.000000000  299.70589 -20.63135  0.01002673796791   0.0000000
2463800.000000000  300.70470 -20.44032  0.01002673796791   0.0000000
2463801.000000000  301.70123 -20.24356  0.01002673796791   0.0000000
2463802.000000000  302.69542 -20.04115  0.01002673796791   0.0000000
2463803.000000000  303.68724 -19.83317  0.01002673796791   0.0000000
2463804.000000000  304.67664 -19.61968  0.01002673796791   0.0000000
2463805.000000000  305.66358 -19.40076  0.01002673796791   0.0000000
2463806.000000000  306.64804 -19.17650  0.01002673796791   0.0000000
2463807.000000000  307.62996 -18.94696  0.01002673796791   0.0000000
2463808.000000000  308.60934 -18.71224  0.01002673796791   0.0000000
2463809.000000000  309.58615 -18.47240  0.01002673796791   0.0000000
2463810.000000000  310.56038 -18.22753  0.01002673796791   0.0000000
2463811.000000000  311.53201 -17.97771  0.01002673796791   0.0000000
2463812.000000000  312.50104 -17.72302  0.01002673796791   0.0000000
2463813.000000000  313.46747 -17.46355  0.01002673796791   0.0000000
2463814.000000000  314.43130 -17.19936  0.01002673796791   0.0000000
2463815.000000000  315.39256 -16.93055  0.01002673796791   0.0000000
2463816.000000000  316.35124 -16.65720  0.01002673796791   0.0000000
2463817.000000000  317.30738 -16.37939  0.01002673796791   0.0000000
2463818.000000000  318.26101 -16.09719  0.01002673796791   0.0000000
2463819.000000000  319.21215 -15.81070  0.01002673796791   0.0000000
2463820.000000000  320.16086 -15.51998  0.01002673796791   0.0000000
2463821.000000000  321.10717 -15.22513  0.01002673796791   0.0000000
2463822.000000000  322.05114 -14.92621  0.01002673796791   0.0000000
2463823.000000000  322.99283 -14.62332  0.01002673796791   0.0000000
2463824.000000000  323.93228 -14.31653  0.01002673796791   0.0000000
2463825.000000000  324.86956 -14.00593  0.01002673796791   0.0000000
2463826.000000000  325.80470 -13.69160  0.01002673796791   0.0000000
2463827.000000000  326.73776 -13.37362  0.01002673796791   0.0000000
2463828.000000000  327.66878 -13.05209  0.01002673796791   0.0000000
2463829.000000000  328.59781 -12.72710  0.01002673796791   0.0000000
2463830.000000000  329.52488 -12.39873  0.01002673796791   0.0000000
2463831.000000000  330.45003 -12.06708  0.01002673796791   0.0000000
2463832.000000000  331.37331 -11.73224  0.01002673796791   0.0000000
2463833.000000000  332.29475 -11.39429  0.01002673796791   0.0000000
2463834.000000000  333.21440 -11.05334  0.01002673796791   0.0000000
2463835.000000000  334.13229 -10.70948  0.01002673796791   0.0000000
2463836.000000000  335.04849 -10.36280  0.01002673796791   0.0000000
2463837.000000000  335.96303 -10.01339  0.01002673796791   0.0000000
2463838.000000000  336.87596  -9.66134  0.01002673796791   0.0000000
2463839.000000000  337.78735  -9.30675  0.01002673796791   0.0000000
2463840.000000000  338.69724  -8.94971  0.01002673796791   0.0000000
2463841.000000000  339.60569  -8.59030  0.01002673796791   0.0000000
2463842.000000000  340.51278  -8.22863  0.01002673796791   0.0000000
2463843.000000000  341.41856  -7.86477  0.01002673796791   0.0000000
2463844.000000000  342.32310  -7.49883  0.01002673796791   0.0000000
2463845.000000000  343.22648  -7.13089  0.01002673796791   0.0000000
2463846.000000000  344.12877  -6.76103  0.01002673796791   0.0000000
2463847.000000000  345.03006  -6.38935  0.01002673796791   0.0000000
2463848.000000000  345.93043  -6.01593  0.01002673796791   0.0000000
2463849.000000000  346.82998  -5.64086  0.01002673796791   0.0000000
2463850.000000000  347.72881  -5.26421  0.01002673796791   0.0000000
2463851.000000000  348.62700  -4.88608  0.01002673796791   0.0000000
2463852.000000000  349.52468  -4.50655  0.01002673796791   0.0000000
2463853.000000000  350.42193  -4.12570  0.01002673796791   0.0000000
2463854.000000000  351.31885  -3.74362  0.01002673796791   0.0000000
2463855.000000000  352.21553  -3.36040  0.01002673796791   0.0000000
2463856.000000000  353.11206  -2.97613  0.01002673796791   0.0000000
2463857.000000000  354.00853  -2.59090  0.01002673796791   0.0000000
2463858.000000000  354.90501  -2.20481  0.01002673796791   0.0000000
2463859.000000000  355.80158  -1.81795  0.01002673796791   0.0000000
2463860.000000000  356.69831  -1.43041  0.01002673796791   0.0000000
2463861.000000000  357.59528  -1.04230  0.01002673796791   0.0000000
2463862.000000000  358.49256  -0.65371  0.01002673796791   0.0000000
2463863.000000000  359.39023  -0.26473  0.01002673796791   0.0000000
2463864.000000000    0.28835   0.12453  0.01002673796791   0.0000000
2463865.000000000    1.18701   0.51397  0.01002673796791   0.0000000
2463866.000000000    2.08626   0.90350  0.01002673796791   0.0000000
2463867.000000000    2.98619   1.29301  0.01002673796791   0.0000000
2463868.000000000    3.88686   1.68242  0.01002673796791   0.0000000
2463869.000000000    4.78835   2.07161  0.01002673796791   0.0000000
2463870.000000000    5.69075   2.46049  0.01002673796791   0.0000000
2463871.000000000    6.59411   2.84896  0.01002673796791   0.0000000
2463872.000000000    7.49853   3.23693  0.01002673796791   0.0000000
2463873.000000000    8.40409   3.62428  0.01002673796791   0.0000000
2463874.000000000    9.31085   4.01093  0.01002673796791   0.0000000
2463875.000000000   10.21892   4.39677  0.01002673796791   0.0000000
2463876.000000000   11.12838   4.78172  0.01002673796791   0.0000000
2463877.000000000   12.03932   5.16566  0.01002673796791   0.0000000
2463878.000000000   12.95185   5.54851  0.01002673796791   0.0000000
2463879.000000000   13.86606   5.93017  0.01002673796791   0.0000000
2463880.000000000   14.78207   6.31054  0.01002673796791   0.0000000
2463881.000000000   15.69996   6.68954  0.01002673796791   0.0000000
2463882.000000000   16.61985   7.06706  0.01002673796791   0.0000000
2463883.000000000   17.54183   7.44300  0.01002673796791   0.0000000
2463884.000000000   18.46599   7.81727  0.01002673796791   0.0000000
2463885.000000000   19.39240   8.18976  0.01002673796791   0.0000000
2463886.000000000   20.32116   8.56037  0.01002673796791   0.0000000
2463887.000000000   21.25233   8.92899  0.01002673796791   0.0000000
2463888.000000000   22.18598   9.29551  0.01002673796791   0.0000000
2463889.000000000   23.12217   9.65982  0.01002673796791   0.0000000
2463890.000000000   24.06097  10.02181  0.01002673796791   0.0000000
2463891.000000000   25.00244  10.38138  0.01002673796791   0.0000000
2463892.000000000   25.94663  10.73841  0.01002673796791   0.0000000
2463893.000000000   26.89360  11.09279  0.01002673796791   0.0000000
2463894.000000000   27.84339  11.44441  0.01002673796791   0.0000000
2463895.000000000   28.79606  11.79315  0.01002673796791   0.0000000
2463896.000000000   29.75165  12.13890  0.01002673796791   0.0000000
2463897.000000000   30.71021  12.48155  0.01002673796791   0.0000000
2463898.000000000   31.67177  12.82098  0.01002673796791   0.0000000
2463899.000000000   32.63638  13.15708  0.01002673796791   0.0000000
2463900.000000000   33.60408  13.48973  0.01002673796791   0.0000000
2463901.000000000   34.57490  13.81882  0.01002673796791   0.0000000
2463902.000000000   35.54889  14.14424  0.01002673796791   0.0000000
2463903.000000000   36.52608  14.46587  0.01002673796791   0.0000000
2463904.000000000   37.50651  14.78360  0.01002673796791   0.0000000
2463905.000000000   38.49023  15.09732  0.01002673796791   0.0000000
2463906.000000000   39.47728  15.40692  0.01002673796791   0.0000000
2463907.000000000   40.46770  15.71230  0.01002673796791   0.0000000
2463908.000000000   41.46154  16.01333  0.01002673796791   0.0000000
2463909.000000000   42.45885  16.30992  0.01002673796791   0.0000000
2463910.000000000   43.45967  16.60196  0.01002673796791   0.0000000
2463911.000000000   44.46404  16.88933  0.01002673796791   0.0000000
2463912.000000000   45.47198  17.17194  0.01002673796791   0.0000000
2463913.000000000   46.48353  17.44967  0.01002673796791   0.0000000
2463914.000000000   47.49869  17.72242  0.01002673796791   0.0000000
2463915.000000000   48.51747  17.99007  0.01002673796791   0.0000000
2463916.000000000   49.53987  18.25251  0.01002673796791   0.0000000
2463917.000000000   50.56587  18.50964  0.01002673796791   0.0000000
2463918.000000000   51.59545  18.76135  0.01002673796791   0.0000000
2463919.000000000   52.62860  19.00753  0.01002673796791   0.0000000
2463920.000000000   53.66528  19.24807  0.01002673796791   0.0000000
2463921.000000000   54.70545  19.48286  0.01002673796791   0.0000000
2463922.000000000   55.74909  19.71181  0.01002673796791   0.0000000
2463923.000000000   56.79612  19.93480  0.01002673796791   0.0000000
2463924.000000000   57.84651  20.15173  0.01002673796791   0.0000000
2463925.000000000   58.90019  20.36251  0.01002673796791   0.0000000
2463926.000000000   59.95710  20.56703  0.01002673796791   0.0000000
2463927.000000000   61.01716  20.76519  0.01002673796791   0.0000000
2463928.000000000   62.08031  20.95691  0.01002673796791   0.0000000
2463929.000000000   63.14646  21.14208  0.01002673796791   0.0000000
2463930.000000000   64.21553  21.32062  0.01002673796791   0.0000000
2463931.000000000   65.28745  21.49244  0.01002673796791   0.0000000
2463932.000000000   66.36213  21.65746  0.01002673796791   0.0000000
2463933.000000000   67.43948  21.81558  0.01002673796791   0.0000000
2463934.000000000   68.51942  21.96674  0.01002673796791   0.0000000
2463935.000000000   69.60188  22.11086  0.01002673796791   0.0000000
2463936.000000000   70.68677  22.24786  0.01002673796791   0.0000000
2463937.000000000   71.77401  22.37768  0.01002673796791   0.0000000
2463938.000000000   72.86353  22.50024  0.01002673796791   0.0000000
2463939.000000000   73.95523  22.61549  0.01002673796791   0.0000000
2463940.000000000   75.04903  22.72337  0.01002673796791   0.0000000
2463941.000000000   76.14483  22.82382  0.01002673796791   0.0000000
2463942.000000000   77.24254  22.91678  0.01002673796791   0.0000000
2463943.000000000   78.34203  23.00221  0.01002673796791   0.0000000
2463944.000000000   79.44319  23.08005  0.01002673796791   0.0000000
2463945.000000000   80.54589  23.15027  0.01002673796791   0.0000000
2463946.000000000   81.65001  23.21283  0.01002673796791   0.0000000
2463947.000000000   82.75541  23.26769  0.01002673796791   0.0000000
2463948.000000000   83.86196  23.31481  0.01002673796791   0.0000000
2463949.000000000   84.96949  23.35417  0.01002673796791   0.0000000
2463950.000000000   86.07788  23.38575  0.01002673796791   0.0000000
2463951.000000000   87.18697  23.40952  0.01002673796791   0.0000000
2463952.000000000   88.29660  23.42547  0.01002673796791   0.0000000
2463953.000000000   89.40662  23.43358  0.01002673796791   0.0000000
2463954.000000000   90.51687  23.43386  0.01002673796791   0.0000000
2463955.000000000   91.62719  23.42629  0.01002673796791   0.0000000
2463956.000000000   92.73742  23.41089  0.01002673796791   0.0000000
2463957.000000000   93.84739  23.38764  0.01002673796791   0.0000000
2463958.000000000   94.95695  23.35657  0.01002673796791   0.0000000
2463959.000000000   96.06595  23.31769  0.01002673796791   0.0000000
2463960.000000000   97.17423  23.27102  0.01002673796791   0.0000000
2463961.000000000   98.28164  23.21657  0.01002673796791   0.0000000
2463962.000000000   99.38806  23.15437  0.01002673796791   0.0000000
2463963.000000000  100.49335  23.08446  0.01002673796791   0.0000000
2463964.000000000  101.59738  23.00686  0.01002673796791   0.0000000
2463965.000000000  102.70004  22.92162  0.01002673796791   0.0000000
2463966.000000000  103.80121  22.82876  0.01002673796791   0.0000000
2463967.000000000  104.90080  22.72835  0.01002673796791   0.0000000
2463968.000000000  105.99871  22.62042  0.01002673796791   0.0000000
2463969.000000000  107.09483  22.50502  0.01002673796791   0.0000000
2463970.000000000  108.18906  22.38221  0.01002673796791   0.0000000
2463971.000000000  109.28132  22.25205  0.01002673796791   0.0000000
2463972.000000000  110.37150  22.11460  0.01002673796791   0.0000000
2463973.000000000  111.45950  21.96993  0.01002673796791   0.0000000
2463974.000000000  112.54524  21.81810  0.01002673796791   0.0000000
2463975.000000000  113.62862  21.65920  0.01002673796791   0.0000000
2463976.000000000  114.70955  21.49328  0.01002673796791   0.0000000
2463977.000000000  115.78793  21.32044  0.01002673796791   0.0000000
2463978.000000000  116.86369  21.14075  0.01002673796791   0.0000000
2463979.000000000  117.93673  20.95430  0.01002673796791   0.0000000
2463980.000000000  119.00698  20.76118  0.01002673796791   0.0000000
2463981.000000000  120.07435  20.56147  0.01002673796791   0.0000000
2463982.000000000  121.13876  20.35528  0.01002673796791   0.0000000
2463983.000000000  122.20015  20.14269  0.01002673796791   0.0000000
2463984.000000000  123.25842  19.92381  0.01002673796791   0.0000000
2463985.000000000  124.31353  19.69874  0.01002673796791   0.0000000
2463986.000000000  125.36539  19.46758  0.01002673796791   0.0000000
2463987.000000000  126.41395  19.23043  0.01002673796791   0.0000000
2463988.000000000  127.45916  18.98740  0.01002673796791   0.0000000
2463989.000000000  128.50098  18.73860  0.01002673796791   0.0000000
2463990.000000000  129.53937  18.48412  0.01002673796791   0.0000000
2463991.000000000  130.57432  18.22409  0.01002673796791   0.0000000
2463992.000000000  131.60580  17.95860  0.01002673796791   0.0000000
2463993.000000000  132.63381  17.68776  0.01002673796791   0.0000000
2463994.000000000  133.65836  17.41169  0.01002673796791   0.0000000
2463995.000000000  134.67946  17.13048  0.01002673796791   0.0000000
2463996.000000000  135.69712  16.84425  0.01002673796791   0.0000000
2463997.000000000  136.71137  16.55310  0.01002673796791   0.0000000
2463998.000000000  137.72223  16.25715  0.01002673796791   0.0000000
2463999.000000000  138.72973  15.95651  0.01002673796791   0.0000000
2464000.000000000  139.73390  15.65128  0.01002673796791   0.0000000
2464001.000000000  140.73477  15.34158  0.01002673796791   0.0000000
2464002.000000000  141.73238  15.02752  0.01002673796791   0.0000000
2464003.000000000  142.72677  14.70921  0.01002673796791   0.0000000
2464004.000000000  143.71795  14.38678  0.01002673796791   0.0000000
2464005.000000000  144.70598  14.06032  0.01002673796791   0.0000000
2464006.000000000  145.69089  13.72997  0.01002673796791   0.0000000
2464007.000000000  146.67272  13.39584  0.01002673796791   0.0000000
2464008.000000000  147.65150  13.05803  0.01002673796791   0.0000000
2464009.000000000  148.62729  12.71668  0.01002673796791   0.0000000
2464010.000000000  149.60011  12.37189  0.01002673796791   0.0000000
2464011.000000000  150.57000  12.02379  0.01002673796791   0.0000000
2464012.000000000  151.53701  11.67250  0.01002673796791   0.0000000
2464013.000000000  152.50117  11.31813  0.01002673796791   0.0000000
2464014.000000000  153.46252  10.96081  0.01002673796791   0.0000000
2464015.000000000  154.42109  10.60065  0.01002673796791   0.0000000
2464016.000000000  155.37693  10.23778  0.01002673796791   0.0000000
2464017.000000000  156.33009   9.87231  0.01002673796791   0.0000000
2464018.000000000  157.28063   9.50437  0.01002673796791   0.0000000
2464019.000000000  158.22859   9.13405  0.01002673796791   0.0000000
2464020.000000000  159.17406   8.76148  0.01002673796791   0.0000000
2464021.000000000  160.11710   8.38677  0.01002673796791   0.0000000
2464022.000000000  161.05779   8.01002  0.01002673796791   0.0000000
2464023.000000000  161.99622   7.63135  0.01002673796791   0.0000000
2464024.000000000  162.93248   7.25085  0.01002673796791   0.0000000
2464025.000000000  163.86665   6.86864  0.01002673796791   0.0000000
2464026.000000000  164.79883   6.48483  0.01002673796791   0.0000000
2464027.000000000  165.72912   6.09950  0.01002673796791   0.0000000
2464028.000000000  166.65759   5.71278  0.01002673796791   0.0000000
2464029.000000000  167.58436   5.32476  0.01002673796791   0.0000000
2464030.000000000  168.50951   4.93555  0.01002673796791   0.0000000
2464031.000000000  169.43313   4.54524  0.01002673796791   0.0000000
2464032.000000000  170.35532   4.15395  0.01002673796791   0.0000000
2464033.000000000  171.27617   3.76178  0.01002673796791   0.0000000
2464034.000000000  172.19576   3.36883  0.01002673796791   0.0000000
2464035.000000000  173.11419   2.97520  0.01002673796791   0.0000000
2464036.000000000  174.03154   2.58100  0.01002673796791   0.0000000
2464037.000000000  174.94790   2.18633  0.01002673796791   0.0000000
2464038.000000000  175.86334   1.79130  0.01002673796791   0.0000000
2464039.000000000  176.77795   1.39601  0.01002673796791   0.0000000
2464040.000000000  177.69180   1.00057  0.01002673796791   0.0000000
2464041.000000000  178.60496   0.60508  0.01002673796791   0.0000000
2464042.000000000  179.51749   0.20965  0.01002673796791   0.0000000
2464043.000000000  180.42947  -0.18560  0.01002673796791   0.0000000
2464044.000000000  181.34096  -0.58059  0.01002673796791   0.0000000
2464045.000000000  182.25201  -0.97518  0.01002673796791   0.0000000
2464046.000000000  183.16270  -1.36929  0.01002673796791   0.0000000
2464047.000000000  184.07310  -1.76281  0.01002673796791   0.0000000
2464048.000000000  184.98329  -2.15563  0.01002673796791   0.0000000
2464049.000000000  185.89335  -2.54766  0.01002673796791   0.0000000
2464050.000000000  186.80335  -2.93880  0.01002673796791   0.0000000
2464051.000000000  187.71340  -3.32896  0.01002673796791   0.0000000
2464052.000000000  188.62359  -3.71803  0.01002673796791   0.0000000
2464053.000000000  189.53399  -4.10593  0.01002673796791   0.0000000
2464054.000000000  190.44472  -4.49255  0.01002673796791   0.0000000
2464055.000000000  191.35585  -4.87781  0.01002673796791   0.0000000
2464056.000000000  192.26749  -5.26162  0.01002673796791   0.0000000
2464057.000000000  193.17972  -5.64388  0.01002673796791   0.0000000
2464058.000000000  194.09264  -6.02450  0.01002673796791   0.0000000
2464059.000000000  195.00634  -6.40339  0.01002673796791   0.0000000
2464060.000000000  195.92090  -6.78045  0.01002673796791   0.0000000
2464061.000000000  196.83641  -7.15559  0.01002673796791   0.0000000
2464062.000000000  197.75296  -7.52873  0.01002673796791   0.0000000
2464063.000000000  198.67062  -7.89977  0.01002673796791   0.0000000
2464064.000000000  199.58947  -8.26861  0.01002673796791   0.0000000
2464065.000000000  200.50959  -8.63516  0.01002673796791   0.0000000
2464066.000000000  201.43105  -8.99933  0.01002673796791   0.0000000
2464067.000000000  202.35392  -9.36103  0.01002673796791   0.0000000
2464068.000000000  203.27826  -9.72016  0.01002673796791   0.0000000
2464069.000000000  204.20412 -10.07662  0.01002673796791   0.0000000
2464070.000000000  205.13154 -10.43032  0.01002673796791   0.0000000
2464071.000000000  206.06059 -10.78116  0.01002673796791   0.0000000
2464072.000000000  206.99128 -11.12903  0.01002673796791   0.0000000
2464073.000000000  207.92366 -11.47385  0.01002673796791   0.0000000
2464074.000000000  208.85776 -11.81551  0.01002673796791   0.0000000
2464075.000000000  209.79361 -12.15392  0.01002673796791   0.0000000
2464076.000000000  210.73126 -12.48897  0.01002673796791   0.0000000
2464077.000000000  211.67074 -12.82059  0.01002673796791   0.0000000
2464078.000000000  212.61210 -13.14866  0.01002673796791   0.0000000
2464079.000000000  213.55539 -13.47311  0.01002673796791   0.0000000
2464080.000000000  214.50065 -13.79385  0.01002673796791   0.0000000
2464081.000000000  215.44793 -14.11078  0.01002673796791   0.0000000
2464082.000000000  216.39728 -14.42382  0.01002673796791   0.0000000
2464083.000000000  217.34875 -14.73288  0.01002673796791   0.0000000
2464084.000000000  218.30237 -15.03787  0.01002673796791   0.0000000
2464085.000000000  219.25820 -15.33872  0.01002673796791   0.0000000
2464086.000000000  220.21628 -15.63533  0.01002673796791   0.0000000
2464087.000000000  221.17664 -15.92762  0.01002673796791   0.0000000
2464088.000000000  222.13932 -16.21551  0.01002673796791   0.0000000
2464089.000000000  223.10435 -16.49892  0.01002673796791   0.0000000
2464090.000000000  224.07177 -16.77775  0.01002673796791   0.0000000
2464091.000000000  225.04161 -17.05194  0.01002673796791   0.0000000
2464092.000000000  226.01387 -17.32140  0.01002673796791   0.0000000
2464093.000000000  226.98859 -17.58604  0.01002673796791   0.0000000
2464094.000000000  227.96577 -17.84579  0.01002673796791   0.0000000
2464095.000000000  228.94542 -18.10057  0.01002673796791   0.0000000
2464096.000000000  229.92754 -18.35029  0.01002673796791   0.0000000
2464097.000000000  230.91212 -18.59488  0.01002673796791   0.0000000
2464098.000000000  231.89914 -18.83425  0.01002673796791   0.0000000
2464099.000000000  232.88859 -19.06833  0.01002673796791   0.0000000
2464100.000000000  233.88042 -19.29704  0.01002673796791   0.0000000
2464101.000000000  234.87459 -19.52030  0.01002673796791   0.0000000
2464102.000000000  235.87106 -19.73803  0.01002673796791   0.0000000
2464103.000000000  236.86978 -19.95015  0.01002673796791   0.0000000
2464104.000000000  237.87071 -20.15659  0.01002673796791   0.0000000
2464105.000000000  238.87379 -20.35728  0.01002673796791   0.0000000
2464106.000000000  239.87898 -20.55215  0.01002673796791   0.0000000
2464107.000000000  240.88624 -20.74113  0.01002673796791   0.0000000
2464108.000000000  241.89553 -20.92415  0.01002673796791   0.0000000
2464109.000000000  242.90680 -21.10115  0.01002673796791   0.0000000
2464110.000000000  243.92001 -21.27208  0.01002673796791   0.0000000
2464111.000000000  244.93512 -21.43686  0.01002673796791   0.0000000
2464112.000000000  245.95208 -21.59545  0.01002673796791   0.0000000
2464113.000000000  246.97084 -21.74779  0.01002673796791   0.0000000
2464114.000000000  247.99135 -21.89383  0.01002673796791   0.0000000
2464115.000000000  249.01357 -22.03352  0.01002673796791   0.0000000
2464116.000000000  250.03745 -22.16680  0.01002673796791   0.0000000
2464117.000000000  251.06292 -22.29363  0.01002673796791   0.0000000
2464118.000000000  252.08993 -22.41398  0.01002673796791   0.0000000
2464119.000000000  253.11842 -22.52778  0.01002673796791   0.0000000
2464120.000000000  254.14832 -22.63502  0.01002673796791   0.0000000
2464121.000000000  255.17958 -22.73564  0.01002673796791   0.0000000
2464122.000000000  256.21212 -22.82961  0.01002673796791   0.0000000
2464123.000000000  257.24587 -22.91691  0.01002673796791   0.0000000
2464124.000000000  258.28074 -22.99749  0.01002673796791   0.0000000
2464125.000000000  259.31665 -23.07133  0.01002673796791   0.0000000
2464126.000000000  260.35350 -23.13841  0.01002673796791   0.0000000
2464127.000000000  261.39120 -23.19869  0.01002673796791   0.0000000
2464128.000000000  262.42964 -23.25217  0.01002673796791   0.0000000
2464129.000000000  263.46870 -23.29881  0.01002673796791   0.0000000
2464130.000000000  264.50827 -23.33861  0.01002673796791   0.0000000
2464131.000000000  265.54822 -23.37154  0.01002673796791   0.0000000
2464132.000000000  266.58843 -23.39761  0.01002673796791   0.0000000
2464133.000000000  267.62879 -23.41679  0.01002673796791   0.0000000
2464134.000000000  268.66918 -23.42909  0.01002673796791   0.0000000
2464135.000000000  269.70949 -23.43450  0.01002673796791   0.0000000
2464136.000000000  270.74962 -23.43302  0.01002673796791   0.0000000
2464137.000000000  271.78946 -23.42465  0.01002673796791   0.0000000
2464138.000000000  272.82892 -23.40941  0.01002673796791   0.0000000
2464139.000000000  273.86790 -23.38729  0.01002673796791   0.0000000
2464140.000000000  274.90630 -23.35832  0.01002673796791   0.0000000
2464141.000000000  275.94405 -23.32249  0.01002673796791   0.0000000
2464142.000000000  276.98104 -23.27985  0.01002673796791   0.0000000
2464143.000000000  278.01721 -23.23039  0.01002673796791   0.0000000
2464144.000000000  279.05246 -23.17414  0.01002673796791   0.0000000
2464145.000000000  280.08671 -23.11113  0.01002673796791   0.0000000
2464146.000000000  281.11991 -23.04138  0.01002673796791   0.0000000
2464147.000000000  282.15196 -22.96492  0.01002673796791   0.0000000
2464148.000000000  283.18280 -22.88178  0.01002673796791   0.0000000
2464149.000000000  284.21237 -22.79200  0.01002673796791   0.0000000
2464150.000000000  285.24060 -22.69561  0.01002673796791   0.0000000
2464151.000000000  286.26741 -22.59265  0.01002673796791   0.0000000
2464152.000000000  287.29274 -22.48317  0.01002673796791   0.0000000
2464153.000000000  288.31653 -22.36720  0.01002673796791   0.0000000
2464154.000000000  289.33869 -22.24479  0.01002673796791   0.0000000
2464155.000000000  290.35917 -22.11599  0.01002673796791   0.0000000
2464156.000000000  291.37787 -21.98085  0.01002673796791   0.0000000
2464157.000000000  292.39472 -21.83942  0.01002673796791   0.0000000
2464158.000000000  293.40965 -21.69177  0.01002673796791   0.0000000
2464159.000000000  294.42257 -21.53795  0.01002673796791   0.0000000
2464160.000000000  295.43340 -21.37802  0.01002673796791   0.0000000
2464161.000000000  296.44207 -21.21204  0.01002673796791   0.0000000
2464162.000000000  297.44852 -21.04007  0.01002673796791   0.0000000
2464163.000000000  298.45268 -20.86219  0.01002673796791   0.0000000
2464164.000000000  299.45449 -20.67845  0.01002673796791   0.0000000
2464165.000000000  300.45392 -20.48892  0.01002673796791   0.0000000
2464166.000000000  301.45092 -20.29368  0.01002673796791   0.0000000
2464167.000000000  302.44545 -20.09279  0.01002673796791   0.0000000
2464168.000000000  303.43748 -19.88632  0.01002673796791   0.0000000
2464169.000000000  304.42700 -19.67434  0.01002673796791   0.0000000
2464170.000000000  305.41399 -19.45693  0.01002673796791   0.0000000
2464171.000000000  306.39842 -19.23415  0.01002673796791   0.0000000
2464172.000000000  307.38030 -19.00609  0.01002673796791   0.0000000
2464173.000000000  308.35963 -18.77282  0.01002673796791   0.0000000
2464174.000000000  309.33640 -18.53440  0.01002673796791   0.0000000
2464175.000000000  310.31063 -18.29092  0.01002673796791   0.0000000
2464176.000000000  311.28234 -18.04245  0.01002673796791   0.0000000
2464177.000000000  312.25153 -17.78907  0.01002673796791   0.0000000
2464178.000000000  313.21824 -17.53086  0.01002673796791   0.0000000
2464179.000000000  314.18248 -17.26788  0.01002673796791   0.0000000
2464180.000000000  315.14428 -17.00023  0.01002673796791   0.0000000
2464181.000000000  316.10367 -16.72799  0.01002673796791   0.0000000
2464182.000000000  317.06065 -16.45123  0.01002673796791   0.0000000
2464183.000000000  318.01526 -16.17003  0.01002673796791   0.0000000
2464184.000000000  318.96752 -15.88449  0.01002673796791   0.0000000
2464185.000000000  319.91743 -15.59469  0.01002673796791   0.0000000
2464186.000000000  320.86501 -15.30072  0.01002673796791   0.0000000
2464187.000000000  321.81028 -15.00267  0.01002673796791   0.0000000
2464188.000000000  322.75324 -14.70062  0.01002673796791   0.0000000
2464189.000000000  323.69392 -14.39467  0.01002673796791   0.0000000
2464190.000000000  324.63234 -14.08491  0.01002673796791   0.0000000
2464191.000000000  325.56851 -13.77142  0.01002673796791   0.0000000
2464192.000000000  326.50246 -13.45431  0.01002673796791   0.0000000
2464193.000000000  327.43423 -13.13365  0.01002673796791   0.0000000
2464194.000000000  328.36385 -12.80955  0.01002673796791   0.0000000
2464195.000000000  329.29137 -12.48208  0.01002673796791   0.0000000
2464196.000000000  330.21683 -12.15134  0.01002673796791   0.0000000
2464197.000000000  331.14027 -11.81741  0.01002673796791   0.0000000
2464198.000000000  332.06176 -11.48039  0.01002673796791   0.0000000
2464199.000000000  332.98136 -11.14037  0.01002673796791   0.0000000
2464200.000000000  333.89912 -10.79742  0.01002673796791   0.0000000
2464201.000000000  334.81511 -10.45164  0.01002673796791   0.0000000
2464202.000000000  335.72940 -10.10311  0.01002673796791   0.0000000
2464203.000000000  336.64206  -9.75192  0.01002673796791   0.0000000
2464204.000000000  337.55318  -9.39816  0.01002673796791   0.0000000
2464205.000000000  338.46285  -9.04190  0.01002673796791   0.0000000
2464206.000000000  339.37113  -8.68323  0.01002673796791   0.0000000
2464207.000000000  340.27813  -8.32224  0.01002673796791   0.0000000
2464208.000000000  341.18393  -7.95901  0.01002673796791   0.0000000
2464209.000000000  342.08862  -7.59363  0.01002673796791   0.0000000
2464210.000000000  342.99228  -7.22617  0.01002673796791   0.0000000
2464211.000000000  343.89498  -6.85674  0.01002673796791   0.0000000
2464212.000000000  344.79681  -6.48542  0.01002673796791   0.0000000
2464213.000000000  345.69784  -6.11229  0.01002673796791   0.0000000
2464214.000000000  346.59813  -5.73746  0.01002673796791   0.0000000
2464215.000000000  347.49775  -5.36102  0.01002673796791   0.0000000
2464216.000000000  348.39677  -4.98305  0.01002673796791   0.0000000
2464217.000000000  349.29525  -4.60367  0.01002673796791   0.0000000
2464218.000000000  350.19325  -4.22295  0.01002673796791   0.0000000
2464219.000000000  351.09085  -3.84100  0.01002673796791   0.0000000
2464220.000000000  351.98810  -3.45792  0.01002673796791   0.0000000
2464221.000000000  352.88507  -3.07380  0.01002673796791   0.0000000
2464222.000000000  353.78183  -2.68873  0.01002673796791   0.0000000
2464223.000000000  354.67846  -2.30281  0.01002673796791   0.0000000
2464224.000000000  355.57503  -1.91613  0.01002673796791   0.0000000
2464225.000000000  356.47163  -1.52880  0.01002673796791   0.0000000
2464226.000000000  357.36832  -1.14090  0.01002673796791   0.0000000
2464227.000000000  358.26519  -0.75253  0.01002673796791   0.0000000
2464228.000000000  359.16232  -0.36379  0.01002673796791   0.0000000
2464229.000000000    0.05980   0.02524  0.01002673796791   0.0000000
2464230.000000000    0.95773   0.41446  0.01002673796791   0.0000000
2464231.000000000    1.85619   0.80377  0.01002673796791   0.0000000
2464232.000000000    2.75528   1.19309  0.01002673796791   0.0000000
2464233.000000000    3.65510   1.58233  0.01002673796791   0.0000000
2464234.000000000    4.55575   1.97138  0.01002673796791   0.0000000
2464235.000000000    5.45734   2.36018  0.01002673796791   0.0000000
2464236.000000000    6.35998   2.74861  0.01002673796791   0.0000000
2464237.000000000    7.26377   3.13660  0.01002673796791   0.0000000
2464238.000000000    8.16882   3.52405  0.01002673796791   0.0000000
2464239.000000000    9.07521   3.91086  0.01002673796791   0.0000000
2464240.000000000    9.98303   4.29694  0.01002673796791   0.0000000
2464241.000000000   10.89238   4.68219  0.01002673796791   0.0000000
2464242.000000000   11.80333   5.06651  0.01002673796791   0.0000000
2464243.000000000   12.71597   5.44980  0.01002673796791   0.0000000
2464244.000000000   13.63035   5.83195  0.01002673796791   0.0000000
2464245.000000000   14.54656   6.21286  0.01002673796791   0.0000000
2464246.000000000   15.46465   6.59242  0.01002673796791   0.0000000
2464247.000000000   16.38470   6.97053  0.01002673796791   0.0000000
2464248.000000000   17.30678   7.34708  0.01002673796791   0.0000000
2464249.000000000   18.23093   7.72196  0.01002673796791   0.0000000
2464250.000000000   19.15724   8.09506  0.01002673796791   0.0000000
2464251.000000000   20.08576   8.46627  0.01002673796791   0.0000000
2464252.000000000   21.01655   8.83549  0.01002673796791   0.0000000
2464253.000000000   21.94968   9.20261  0.01002673796791   0.0000000
2464254.000000000   22.88522   9.56751  0.01002673796791   0.0000000
2464255.000000000   23.82322   9.93009  0.01002673796791   0.0000000
2464256.000000000   24.76375  10.29024  0.01002673796791   0.0000000
2464257.000000000   25.70687  10.64784  0.01002673796791   0.0000000
2464258.000000000   26.65265  11.00280  0.01002673796791   0.0000000
2464259.000000000   27.60116  11.35499  0.01002673796791   0.0000000
2464260.000000000   28.55246  11.70432  0.01002673796791   0.0000000
2464261.000000000   29.50663  12.05067  0.01002673796791   0.0000000
2464262.000000000   30.46373  12.39394  0.01002673796791   0.0000000
2464263.000000000   31.42384  12.73402  0.01002673796791   0.0000000
2464264.000000000   32.38705  13.07080  0.01002673796791   0.0000000
2464265.000000000   33.35341  13.40419  0.01002673796791   0.0000000
2464266.000000000   34.32301  13.73407  0.01002673796791   0.0000000
2464267.000000000   35.29591  14.06034  0.01002673796791   0.0000000
2464268.000000000   36.27215  14.38289  0.01002673796791   0.0000000
2464269.000000000   37.25180  14.70161  0.01002673796791   0.0000000
2464270.000000000   38.23489  15.01639  0.01002673796791   0.0000000
2464271.000000000   39.22145  15.32711  0.01002673796791   0.0000000
2464272.000000000   40.21151  15.63367  0.01002673796791   0.0000000
2464273.000000000   41.20508  15.93594  0.01002673796791   0.0000000
2464274.000000000   42.20219  16.23381  0.01002673796791   0.0000000
2464275.000000000   43.20284  16.52717  0.01002673796791   0.0000000
2464276.000000000   44.20703  16.81591  0.01002673796791   0.0000000
2464277.000000000   45.21477  17.09990  0.01002673796791   0.0000000
2464278.000000000   46.22605  17.37904  0.01002673796791   0.0000000
2464279.000000000   47.24086  17.65320  0.01002673796791   0.0000000
2464280.000000000   48.25918  17.92228  0.01002673796791   0.0000000
2464281.000000000   49.28101  18.18616  0.01002673796791   0.0000000
2464282.000000000   50.30633  18.44474  0.01002673796791   0.0000000
2464283.000000000   51.33510  18.69790  0.01002673796791   0.0000000
2464284.000000000   52.36731  18.94553  0.01002673796791   0.0000000
2464285.000000000   53.40292  19.18753  0.01002673796791   0.0000000
2464286.000000000   54.44191  19.42378  0.01002673796791   0.0000000
2464287.000000000   55.48424  19.65419  0.01002673796791   0.0000000
2464288.000000000   56.52987  19.87865  0.01002673796791   0.0000000
2464289.000000000   57.57878  20.09706  0.01002673796791   0.0000000
2464290.000000000   58.63093  20.30932  0.01002673796791   0.0000000
2464291.000000000   59.68628  20.51535  0.01002673796791   0.0000000
2464292.000000000   60.74481  20.71503  0.01002673796791   0.0000000
2464293.000000000   61.80647  20.90829  0.01002673796791   0.0000000
2464294.000000000   62.87123  21.09504  0.01002673796791   0.0000000
2464295.000000000   63.93906  21.27518  0.01002673796791   0.0000000
2464296.000000000   65.00989  21.44864  0.01002673796791   0.0000000
2464297.000000000   66.08366  21.61533  0.01002673796791   0.0000000
2464298.000000000   67.16031  21.77518  0.01002673796791   0.0000000
2464299.000000000   68.23975  21.92810  0.01002673796791   0.0000000
2464300.000000000   69.32189  22.07401  0.01002673796791   0.0000000
2464301.000000000   70.40663  22.21284  0.01002673796791   0.0000000
2464302.000000000   71.49388  22.34452  0.01002673796791   0.0000000
2464303.000000000   72.58351  22.46898  0.01002673796791   0.0000000
2464304.000000000   73.67541  22.58616  0.01002673796791   0.0000000
2464305.000000000   74.76945  22.69597  0.01002673796791   0.0000000
2464306.000000000   75.86552  22.79838  0.01002673796791   0.0000000
2464307.000000000   76.96348  22.89332  0.01002673796791   0.0000000
2464308.000000000   78.06319  22.98074  0.01002673796791   0.0000000
2464309.000000000   79.16451  23.06058  0.01002673796791   0.0000000
2464310.000000000   80.26731  23.13281  0.01002673796791   0.0000000
2464311.000000000   81.37143  23.19738  0.01002673796791   0.0000000
2464312.000000000   82.47674  23.25426  0.01002673796791   0.0000000
2464313.000000000   83.58308  23.30340  0.01002673796791   0.0000000
2464314.000000000   84.69030  23.34479  0.01002673796791   0.0000000
2464315.000000000   85.79827  23.37838  0.01002673796791   0.0000000
2464316.000000000   86.90683  23.40418  0.01002673796791   0.0000000
2464317.000000000   88.01584  23.42215  0.01002673796791   0.0000000
2464318.000000000   89.12517  23.43228  0.01002673796791   0.0000000
2464319.000000000   90.23467  23.43457  0.01002673796791   0.0000000
2464320.000000000   91.34422  23.42902  0.01002673796791   0.0000000
2464321.000000000   92.45371  23.41561  0.01002673796791   0.0000000
2464322.000000000   93.56300  23.39436  0.01002673796791   0.0000000
2464323.000000000   94.67198  23.36527  0.01002673796791   0.0000000
2464324.000000000   95.78055  23.32836  0.01002673796791   0.0000000
2464325.000000000   96.88856  23.28364  0.01002673796791   0.0000000
2464326.000000000   97.99592  23.23114  0.01002673796791   0.0000000
2464327.000000000   99.10247  23.17087  0.01002673796791   0.0000000
2464328.000000000  100.20811  23.10287  0.01002673796791   0.0000000
2464329.000000000  101.31269  23.02718  0.01002673796791   0.0000000
2464330.000000000  102.41609  22.94382  0.01002673796791   0.0000000
2464331.000000000  103.51816  22.85284  0.01002673796791   0.0000000
2464332.000000000  104.61878  22.75428  0.01002673796791   0.0000000
2464333.000000000  105.71782  22.64819  0.01002673796791   0.0000000
2464334.000000000  106.81515  22.53462  0.01002673796791   0.0000000
2464335.000000000  107.91063  22.41364  0.01002673796791   0.0000000
2464336.000000000  109.00414  22.28529  0.01002673796791   0.0000000
2464337.000000000  110.09556  22.14964  0.01002673796791   0.0000000
2464338.000000000  111.18476  22.00676  0.01002673796791   0.0000000
2464339.000000000  112.27164  21.85673  0.01002673796791   0.0000000
2464340.000000000  113.35607  21.69960  0.01002673796791   0.0000000
2464341.000000000  114.43794  21.53546  0.01002673796791   0.0000000
2464342.000000000  115.51716  21.36439  0.01002673796791   0.0000000
2464343.000000000  116.59362  21.18647  0.01002673796791   0.0000000
2464344.000000000  117.66724  21.00179  0.01002673796791   0.0000000
2464345.000000000  118.73793  20.81043  0.01002673796791   0.0000000
2464346.000000000  119.80562  20.61248  0.01002673796791   0.0000000
2464347.000000000  120.87025  20.40803  0.01002673796791   0.0000000
2464348.000000000  121.93176  20.19717  0.01002673796791   0.0000000
2464349.000000000  122.99010  19.98001  0.01002673796791   0.0000000
2464350.000000000  124.04526  19.75662  0.01002673796791   0.0000000
2464351.000000000  125.09719  19.52711  0.01002673796791   0.0000000
2464352.000000000  126.14589  19.29157  0.01002673796791   0.0000000
2464353.000000000  127.19134  19.05011  0.01002673796791   0.0000000
2464354.000000000  128.23352  18.80283  0.01002673796791   0.0000000
2464355.000000000  129.27242  18.54982  0.01002673796791   0.0000000
2464356.000000000  130.30803  18.29120  0.01002673796791   0.0000000
2464357.000000000  131.34035  18.02706  0.01002673796791   0.0000000
2464358.000000000  132.36935  17.75752  0.01002673796791   0.0000000
2464359.000000000  133.39504  17.48269  0.01002673796791   0.0000000
2464360.000000000  134.41741  17.20267  0.01002673796791   0.0000000
2464361.000000000  135.43644  16.91759  0.01002673796791   0.0000000
2464362.000000000  136.45215  16.62754  0.01002673796791   0.0000000
2464363.000000000  137.46452  16.33265  0.01002673796791   0.0000000
2464364.000000000  138.47356  16.03304  0.01002673796791   0.0000000
2464365.000000000  139.47928  15.72881  0.01002673796791   0.0000000
2464366.000000000  140.48168  15.42009  0.01002673796791   0.0000000
2464367.000000000  141.48076  15.10699  0.01002673796791   0.0000000
2464368.000000000  142.47654  14.78964  0.01002673796791   0.0000000
2464369.000000000  143.46903  14.46815  0.01002673796791   0.0000000
2464370.000000000  144.45824  14.14263  0.01002673796791   0.0000000
2464371.000000000  145.44420  13.81322  0.01002673796791   0.0000000
2464372.000000000  146.42692  13.48003  0.01002673796791   0.0000000
2464373.000000000  147.40645  13.14318  0.01002673796791   0.0000000
2464374.000000000  148.38281  12.80278  0.01002673796791   0.0000000
2464375.000000000  149.35605  12.45896  0.01002673796791   0.0000000
2464376.000000000  150.32622  12.11183  0.01002673796791   0.0000000
2464377.000000000  151.29338  11.76150  0.01002673796791   0.0000000
2464378.000000000  152.25761  11.40808  0.01002673796791   0.0000000
2464379.000000000  153.21896  11.05169  0.01002673796791   0.0000000
2464380.000000000  154.17752  10.69244  0.01002673796791   0.0000000
2464381.000000000  155.13336  10.33043  0.01002673796791   0.0000000
2464382.000000000  156.08658   9.96577  0.01002673796791   0.0000000
2464383.000000000  157.03725   9.59858  0.01002673796791   0.0000000
2464384.000000000  157.98546   9.22896  0.01002673796791   0.0000000
2464385.000000000  158.93129   8.85701  0.01002673796791   0.0000000
2464386.000000000  159.87482   8.48286  0.01002673796791   0.0000000
2464387.000000000  160.81612   8.10660  0.01002673796791   0.0000000
2464388.000000000  161.75527   7.72836  0.01002673796791   0.0000000
2464389.000000000  162.69236   7.34822  0.01002673796791   0.0000000
2464390.000000000  163.62745   6.96632  0.01002673796791   0.0000000
2464391.000000000  164.56062   6.58275  0.01002673796791   0.0000000
2464392.000000000  165.49194   6.19763  0.01002673796791   0.0000000
2464393.000000000  166.42150   5.81107  0.01002673796791   0.0000000
2464394.000000000  167.34934   5.42317  0.01002673796791   0.0000000
2464395.000000000  168.27556   5.03405  0.01002673796791   0.0000000
2464396.000000000  169.20021   4.64382  0.01002673796791   0.0000000
2464397.000000000  170.12336   4.25259  0.01002673796791   0.0000000
2464398.000000000  171.04508   3.86047  0.01002673796791   0.0000000
2464399.000000000  171.96542   3.46757  0.01002673796791   0.0000000
2464400.000000000  172.88447   3.07400  0.01002673796791   0.0000000
2464401.000000000  173.80227   2.67987  0.01002673796791   0.0000000
2464402.000000000  174.71892   2.28530  0.01002673796791   0.0000000
2464403.000000000  175.63448   1.89038  0.01002673796791   0.0000000
2464404.000000000  176.54904   1.49523  0.01002673796791   0.0000000
2464405.000000000  177.46268   1.09993  0.01002673796791   0.0000000
2464406.000000000  178.37549   0.70461  0.01002673796791   0.0000000
2464407.000000000  179.28757   0.30934  0.01002673796791   0.0000000
2464408.000000000  180.19902  -0.08576  0.01002673796791   0.0000000
2464409.000000000  181.10994  -0.48060  0.01002673796791   0.0000000
2464410.000000000  182.02043  -0.87509  0.01002673796791   0.0000000
2464411.000000000  182.93058  -1.26913  0.01002673796791   0.0000000
2464412.000000000  183.84051  -1.66263  0.01002673796791   0.0000000
2464413.000000000  184.75031  -2.05549  0.01002673796791   0.0000000
2464414.000000000  185.66007  -2.44761  0.01002673796791   0.0000000
2464415.000000000  186.56990  -2.83892  0.01002673796791   0.0000000
2464416.000000000  187.47987  -3.22929  0.01002673796791   0.0000000
2464417.000000000  188.39008  -3.61865  0.01002673796791   0.0000000
2464418.000000000  189.30063  -4.00690  0.01002673796791   0.0000000
2464419.000000000  190.21158  -4.39394  0.01002673796791   0.0000000
2464420.000000000  191.12302  -4.77967  0.01002673796791   0.0000000
2464421.000000000  192.03503  -5.16399  0.01002673796791   0.0000000
2464422.000000000  192.94769  -5.54682  0.01002673796791   0.0000000
2464423.000000000  193.86107  -5.92805  0.01002673796791   0.0000000
2464424.000000000  194.77522  -6.30758  0.01002673796791   0.0000000
2464425.000000000  195.69022  -6.68532  0.01002673796791   0.0000000
2464426.000000000  196.60613  -7.06116  0.01002673796791   0.0000000
2464427.000000000  197.52299  -7.43500  0.01002673796791   0.0000000
2464428.000000000  198.44087  -7.80674  0.01002673796791   0.0000000
2464429.000000000  199.35981  -8.17629  0.01002673796791   0.0000000
2464430.000000000  200.27987  -8.54353  0.01002673796791   0.0000000
2464431.000000000  201.20109  -8.90837  0.01002673796791   0.0000000
2464432.000000000  202.12355  -9.27072  0.01002673796791   0.0000000
2464433.000000000  203.04731  -9.63047  0.01002673796791   0.0000000
2464434.000000000  203.97242  -9.98754  0.01002673796791   0.0000000
2464435.000000000  204.89897 -10.34183  0.01002673796791   0.0000000
2464436.000000000  205.82701 -10.69325  0.01002673796791   0.0000000
2464437.000000000  206.75663 -11.04170  0.01002673796791   0.0000000
2464438.000000000  207.68789 -11.38711  0.01002673796791   0.0000000
2464439.000000000  208.62086 -11.72938  0.01002673796791   0.0000000
2464440.000000000  209.55561 -12.06843  0.01002673796791   0.0000000
2464441.000000000  210.49221 -12.40416  0.01002673796791   0.0000000
2464442.000000000  211.43073 -12.73649  0.01002673796791   0.0000000
2464443.000000000  212.37123 -13.06534  0.01002673796791   0.0000000
2464444.000000000  213.31375 -13.39061  0.01002673796791   0.0000000
2464445.000000000  214.25837 -13.71222  0.01002673796791   0.0000000
2464446.000000000  215.20513 -14.03008  0.01002673796791   0.0000000
2464447.000000000  216.15407 -14.34410  0.01002673796791   0.0000000
2464448.000000000  217.10524 -14.65420  0.01002673796791   0.0000000
2464449.000000000  218.05868 -14.96029  0.01002673796791   0.0000000
2464450.000000000  219.01441 -15.26227  0.01002673796791   0.0000000
2464451.000000000  219.97248 -15.56007  0.01002673796791   0.0000000
2464452.000000000  220.93288 -15.85360  0.01002673796791   0.0000000
2464453.000000000  221.89566 -16.14276  0.01002673796791   0.0000000
2464454.000000000  222.86080 -16.42746  0.01002673796791   0.0000000
2464455.000000000  223.82831 -16.70763  0.01002673796791   0.0000000
2464456.000000000  224.79818 -16.98316  0.01002673796791   0.0000000
2464457.000000000  225.77040 -17.25397  0.01002673796791   0.0000000
2464458.000000000  226.74497 -17.51997  0.01002673796791   0.0000000
2464459.000000000  227.72185 -17.78107  0.01002673796791   0.0000000
2464460.000000000  228.70105 -18.03719  0.01002673796791   0.0000000
2464461.000000000  229.68256 -18.28824  0.01002673796791   0.0000000
2464462.000000000  230.66635 -18.53414  0.01002673796791   0.0000000
2464463.000000000  231.65244 -18.77481  0.01002673796791   0.0000000
2464464.000000000  232.64080 -19.01018  0.01002673796791   0.0000000
2464465.000000000  233.63144 -19.24017  0.01002673796791   0.0000000
2464466.000000000  234.62435 -19.46471  0.01002673796791   0.0000000
2464467.000000000  235.61952 -19.68372  0.01002673796791   0.0000000
2464468.000000000  236.61694 -19.89713  0.01002673796791   0.0000000
2464469.000000000  237.61660 -20.10488  0.01002673796791   0.0000000
2464470.000000000  238.61848 -20.30690  0.01002673796791   0.0000000
2464471.000000000  239.62256 -20.50312  0.01002673796791   0.0000000
2464472.000000000  240.62881 -20.69348  0.01002673796791   0.0000000
2464473.000000000  241.63722 -20.87792  0.01002673796791   0.0000000
2464474.000000000  242.64775 -21.05637  0.01002673796791   0.0000000
2464475.000000000  243.66036 -21.22878  0.01002673796791   0.0000000
2464476.000000000  244.67501 -21.39508  0.01002673796791   0.0000000
2464477.000000000  245.69166 -21.55521  0.01002673796791   0.0000000
2464478.000000000  246.71026 -21.70914  0.01002673796791   0.0000000
2464479.000000000  247.73075 -21.85679  0.01002673796791   0.0000000
2464480.000000000  248.75306 -21.99811  0.01002673796791   0.0000000
2464481.000000000  249.77714 -22.13307  0.01002673796791   0.0000000
2464482.000000000  250.80289 -22.26160  0.01002673796791   0.0000000
2464483.000000000  251.83024 -22.38366  0.01002673796791   0.0000000
2464484.000000000  252.85910 -22.49920  0.01002673796791   0.0000000
2464485.000000000  253.88935 -22.60818  0.01002673796791   0.0000000
2464486.000000000  254.92091 -22.71057  0.01002673796791   0.0000000
2464487.000000000  255.95366 -22.80630  0.01002673796791   0.0000000
2464488.000000000  256.98749 -22.89536  0.01002673796791   0.0000000
2464489.000000000  258.02231 -22.97771  0.01002673796791   0.0000000
2464490.000000000  259.05802 -23.05331  0.01002673796791   0.0000000
2464491.000000000  260.09452 -23.12214  0.01002673796791   0.0000000
2464492.000000000  261.13172 -23.18417  0.01002673796791   0.0000000
2464493.000000000  262.16952 -23.23938  0.01002673796791   0.0000000
2464494.000000000  263.20785 -23.28775  0.01002673796791   0.0000000
2464495.000000000  264.24662 -23.32928  0.01002673796791   0.0000000
2464496.000000000  265.28574 -23.36393  0.01002673796791   0.0000000
2464497.000000000  266.32512 -23.39171  0.01002673796791   0.0000000
2464498.000000000  267.36469 -23.41261  0.01002673796791   0.0000000
2464499.000000000  268.40435 -23.42661  0.01002673796791   0.0000000
2464500.000000000  269.44402 -23.43373  0.01002673796791   0.0000000
2464501.000000000  270.48362 -23.43395  0.01002673796791   0.0000000
2464502.000000000  271.52306 -23.42729  0.01002673796791   0.0000000
2464503.000000000  272.56227 -23.41375  0.01002673796791   0.0000000
2464504.000000000  273.60115 -23.39334  0.01002673796791   0.0000000
2464505.000000000  274.63961 -23.36606  0.01002673796791   0.0000000
2464506.000000000  275.67758 -23.33193  0.01002673796791   0.0000000
2464507.000000000  276.71497 -23.29097  0.01002673796791   0.0000000
2464508.000000000  277.75167 -23.24320  0.01002673796791   0.0000000
2464509.000000000  278.78761 -23.18864  0.01002673796791   0.0000000
2464510.000000000  279.82269 -23.12730  0.01002673796791   0.0000000
2464511.000000000  280.85681 -23.05922  0.01002673796791   0.0000000
2464512.000000000  281.88986 -22.98444  0.01002673796791   0.0000000
2464513.000000000  282.92174 -22.90297  0.01002673796791   0.0000000
2464514.000000000  283.95235 -22.81485  0.01002673796791   0.0000000
2464515.000000000  284.98156 -22.72013  0.01002673796791   0.0000000
2464516.000000000  286.00929 -22.61883  0.01002673796791   0.0000000
2464517.000000000  287.03542 -22.51101  0.01002673796791   0.0000000
2464518.000000000  288.05986 -22.39671  0.01002673796791   0.0000000
2464519.000000000  289.08253 -22.27596  0.01002673796791   0.0000000
2464520.000000000  290.10335 -22.14883  0.01002673796791   0.0000000
2464521.000000000  291.12226 -22.01536  0.01002673796791   0.0000000
2464522.000000000  292.13918 -21.87560  0.01002673796791   0.0000000
2464523.000000000  293.15406 -21.72960  0.01002673796791   0.0000000
2464524.000000000  294.16685 -21.57743  0.01002673796791   0.0000000
2464525.000000000  295.17750 -21.41914  0.01002673796791   0.0000000
2464526.000000000  296.18597 -21.25478  0.01002673796791   0.0000000
2464527.000000000  297.19221 -21.08442  0.01002673796791   0.0000000
2464528.000000000  298.19621 -20.90812  0.01002673796791   0.0000000
2464529.000000000  299.19791 -20.72595  0.01002673796791   0.0000000
2464530.000000000  300.19731 -20.53796  0.01002673796791   0.0000000
2464531.000000000  301.19438 -20.34422  0.01002673796791   0.0000000
2464532.000000000  302.18910 -20.14480  0.01002673796791   0.0000000
2464533.000000000  303.18145 -19.93977  0.01002673796791   0.0000000
2464534.000000000  304.17142 -19.72919  0.01002673796791   0.0000000
2464535.000000000  305.15900 -19.51315  0.01002673796791   0.0000000
2464536.000000000  306.14418 -19.29170  0.01002673796791   0.0000000
2464537.000000000  307.12695 -19.06493  0.01002673796791   0.0000000
2464538.000000000  308.10730 -18.83290  0.01002673796791   0.0000000
2464539.000000000  309.08521 -18.59570  0.01002673796791   0.0000000
2464540.000000000  310.06068 -18.35340  0.01002673796791   0.0000000
2464541.000000000  311.03368 -18.10609  0.01002673796791   0.0000000
2464542.000000000  312.00419 -17.85384  0.01002673796791   0.0000000
2464543.000000000  312.97221 -17.59675  0.01002673796791   0.0000000
2464544.000000000  313.93770 -17.33489  0.01002673796791   0.0000000
2464545.000000000  314.90066 -17.06835  0.01002673796791   0.0000000
2464546.000000000  315.86108 -16.79721  0.01002673796791   0.0000000
2464547.000000000  316.81896 -16.52157  0.01002673796791   0.0000000
2464548.000000000  317.77430 -16.24151  0.01002673796791   0.0000000
2464549.000000000  318.72712 -15.95711  0.01002673796791   0.0000000
2464550.000000000  319.67744 -15.66846  0.01002673796791   0.0000000
2464551.000000000  320.62528 -15.37564  0.01002673796791   0.0000000
2464552.000000000  321.57068 -15.07875  0.01002673796791   0.0000000
2464553.000000000  322.51367 -14.77786  0.01002673796791   0.0000000
2464554.000000000  323.45429 -14.47306  0.01002673796791   0.0000000
2464555.000000000  324.39258 -14.16444  0.01002673796791   0.0000000
2464556.000000000  325.32860 -13.85209  0.01002673796791   0.0000000
2464557.000000000  326.26239 -13.53607  0.01002673796791   0.0000000
2464558.000000000  327.19402 -13.21649  0.01002673796791   0.0000000
2464559.000000000  328.12354 -12.89343  0.01002673796791   0.0000000
2464560.000000000  329.05101 -12.56696  0.01002673796791   0.0000000
2464561.000000000  329.97651 -12.23718  0.01002673796791   0.0000000
2464562.000000000  330.90009 -11.90416  0.01002673796791   0.0000000
2464563.000000000  331.82183 -11.56800  0.01002673796791   0.0000000
2464564.000000000  332.74179 -11.22877  0.01002673796791   0.0000000
2464565.000000000  333.66004 -10.88656  0.01002673796791   0.0000000
2464566.000000000  334.57665 -10.54146  0.01002673796791   0.0000000
2464567.000000000  335.49168 -10.19355  0.01002673796791   0.0000000
2464568.000000000  336.40519  -9.84293  0.01002673796791   0.0000000
2464569.000000000  337.31724  -9.48968  0.01002673796791   0.0000000
2464570.000000000  338.22788  -9.13390  0.01002673796791   0.0000000
2464571.000000000  339.13716  -8.77567  0.01002673796791   0.0000000
2464572.000000000  340.04514  -8.41510  0.01002673796791   0.0000000
2464573.000000000  340.95186  -8.05227  0.01002673796791   0.0000000
2464574.000000000  341.85737  -7.68729  0.01002673796791   0.0000000
2464575.000000000  342.76173  -7.32024  0.01002673796791   0.0000000
2464576.000000000  343.66499  -6.95122  0.01002673796791   0.0000000
2464577.000000000  344.56722  -6.58033  0.01002673796791   0.0000000
2464578.000000000  345.46848  -6.20765  0.01002673796791   0.0000000
2464579.000000000  346.36885  -5.83329  0.01002673796791   0.0000000
2464580.000000000  347.26841  -5.45733  0.01002673796791   0.0000000
2464581.000000000  348.16721  -5.07986  0.01002673796791   0.0000000
2464582.000000000  349.06536  -4.70097  0.01002673796791   0.0000000
2464583.000000000  349.96293  -4.32076  0.01002673796791   0.0000000
2464584.000000000  350.86000  -3.93932  0.01002673796791   0.0000000
2464585.000000000  351.75667  -3.55673  0.01002673796791   0.0000000
2464586.000000000  352.65303  -3.17308  0.01002673796791   0.0000000
2464587.000000000  353.54917  -2.78846  0.01002673796791   0.0000000
2464588.000000000  354.44519  -2.40297  0.01002673796791   0.0000000
2464589.000000000  355.34119  -2.01668  0.01002673796791   0.0000000
2464590.000000000  356.23726  -1.62969  0.01002673796791   0.0000000
2464591.000000000  357.13351  -1.24208  0.01002673796791   0.0000000
2464592.000000000  358.03005  -0.85394  0.01002673796791   0.0000000
2464593.000000000  358.92695  -0.46536  0.01002673796791   0.0000000
2464594.000000000  359.82434  -0.07642  0.01002673796791   0.0000000
2464595.000000000    0.72228   0.31277  0.01002673796791   0.0000000
2464596.000000000    1.62089   0.70214  0.01002673796791   0.0000000
2464597.000000000    2.52023   1.09157  0.01002673796791   0.0000000
2464598.000000000    3.42038   1.48099  0.01002673796791   0.0000000
2464599.000000000    4.32143   1.87028  0.01002673796791   0.0000000
2464600.000000000    5.22344   2.25936  0.01002673796791   0.0000000
2464601.000000000    6.12648   2.64811  0.01002673796791   0.0000000
2464602.000000000    7.03062   3.03643  0.01002673796791   0.0000000
2464603.000000000    7.93593   3.42422  0.01002673796791   0.0000000
2464604.000000000    8.84247   3.81138  0.01002673796791   0.0000000
2464605.000000000    9.75032   4.19781  0.01002673796791   0.0000000
2464606.000000000   10.65954   4.58339  0.01002673796791   0.0000000
2464607.000000000   11.57021   4.96803  0.01002673796791   0.0000000
2464608.000000000   12.48241   5.35163  0.01002673796791   0.0000000
2464609.000000000   13.39620   5.73407  0.01002673796791   0.0000000
2464610.000000000   14.31169   6.11526  0.01002673796791   0.0000000
2464611.000000000   15.22893   6.49509  0.01002673796791   0.0000000
2464612.000000000   16.14801   6.87346  0.01002673796791   0.0000000
2464613.000000000   17.06902   7.25028  0.01002673796791   0.0000000
2464614.000000000   17.99204   7.62542  0.01002673796791   0.0000000
2464615.000000000   18.91715   7.99880  0.01002673796791   0.0000000
2464616.000000000   19.84444   8.37031  0.01002673796791   0.0000000
2464617.000000000   20.77400   8.73986  0.01002673796791   0.0000000
2464618.000000000   21.70593   9.10733  0.01002673796791   0.0000000
2464619.000000000   22.64031   9.47263  0.01002673796791   0.0000000
2464620.000000000   23.57723   9.83566  0.01002673796791   0.0000000
2464621.000000000   24.51678  10.19631  0.01002673796791   0.0000000
2464622.000000000   25.45904  10.55449  0.01002673796791   0.0000000
2464623.000000000   26.40411  10.91009  0.01002673796791   0.0000000
2464624.000000000   27.35203  11.26300  0.01002673796791   0.0000000
2464625.000000000   28.30289  11.61313  0.01002673796791   0.0000000
2464626.000000000   29.25675  11.96035  0.01002673796791   0.0000000
2464627.000000000   30.21364  12.30455  0.01002673796791   0.0000000
2464628.000000000   31.17363  12.64563  0.01002673796791   0.0000000
2464629.000000000   32.13676  12.98347  0.01002673796791   0.0000000
2464630.000000000   33.10305  13.31795  0.01002673796791   0.0000000
2464631.000000000   34.07254  13.64896  0.01002673796791   0.0000000
2464632.000000000   35.04527  13.97638  0.01002673796791   0.0000000
2464633.000000000   36.02126  14.30010  0.01002673796791   0.0000000
2464634.000000000   37.00054  14.61999  0.01002673796791   0.0000000
2464635.000000000   37.98313  14.93594  0.01002673796791   0.0000000
2464636.000000000   38.96905  15.24783  0.01002673796791   0.0000000
2464637.000000000   39.95834  15.55555  0.01002673796791   0.0000000
2464638.000000000   40.95100  15.85899  0.01002673796791   0.0000000
2464639.000000000   41.94706  16.15802  0.01002673796791   0.0000000
2464640.000000000   42.94654  16.45254  0.01002673796791   0.0000000
2464641.000000000   43.94944  16.74242  0.01002673796791   0.0000000
2464642.000000000   44.95579  17.02757  0.01002673796791   0.0000000
2464643.000000000   45.96560  17.30786  0.01002673796791   0.0000000
2464644.000000000   46.97888  17.58320  0.01002673796791   0.0000000
2464645.000000000   47.99564  17.85346  0.01002673796791   0.0000000
2464646.000000000   49.01590  18.11854  0.01002673796791   0.0000000
2464647.000000000   50.03967  18.37834  0.01002673796791   0.0000000
2464648.000000000   51.06695  18.63276  0.01002673796791   0.0000000
2464649.000000000   52.09777  18.88168  0.01002673796791   0.0000000
2464650.000000000   53.13211  19.12502  0.01002673796791   0.0000000
2464651.000000000   54.16997  19.36267  0.01002673796791   0.0000000
2464652.000000000   55.21135  19.59453  0.01002673796791   0.0000000
2464653.000000000   56.25621  19.82050  0.01002673796791   0.0000000
2464654.000000000   57.30453  20.04048  0.01002673796791   0.0000000
2464655.000000000   58.35626  20.25437  0.01002673796791   0.0000000
2464656.000000000   59.41135  20.46207  0.01002673796791   0.0000000
2464657.000000000   60.46973  20.66348  0.01002673796791   0.0000000
2464658.000000000   61.53135  20.85852  0.01002673796791   0.0000000
2464659.000000000   62.59612  21.04707  0.01002673796791   0.0000000
2464660.000000000   63.66396  21.22906  0.01002673796791   0.0000000
2464661.000000000   64.73479  21.40438  0.01002673796791   0.0000000
2464662.000000000   65.80852  21.57296  0.01002673796791   0.0000000
2464663.000000000   66.88505  21.73469  0.01002673796791   0.0000000
2464664.000000000   67.96429  21.88951  0.01002673796791   0.0000000
2464665.000000000   69.04612  22.03732  0.01002673796791   0.0000000
2464666.000000000   70.13045  22.17806  0.01002673796791   0.0000000
2464667.000000000   71.21717  22.31165  0.01002673796791   0.0000000
2464668.000000000   72.30616  22.43801  0.01002673796791   0.0000000
2464669.000000000   73.39731  22.55708  0.01002673796791   0.0000000
2464670.000000000   74.49051  22.66880  0.01002673796791   0.0000000
2464671.000000000   75.58564  22.77311  0.01002673796791   0.0000000
2464672.000000000   76.68259  22.86995  0.01002673796791   0.0000000
2464673.000000000   77.78124  22.95926  0.01002673796791   0.0000000
2464674.000000000   78.88146  23.04100  0.01002673796791   0.0000000
2464675.000000000   79.98317  23.11513  0.01002673796791   0.0000000
2464676.000000000   81.08623  23.18161  0.01002673796791   0.0000000
2464677.000000000   82.19054  23.24040  0.01002673796791   0.0000000
2464678.000000000   83.29600  23.29146  0.01002673796791   0.0000000
2464679.000000000   84.40250  23.33477  0.01002673796791   0.0000000
2464680.000000000   85.50991  23.37031  0.01002673796791   0.0000000
2464681.000000000   86.61812  23.39806  0.01002673796791   0.0000000
2464682.000000000   87.72700  23.41800  0.01002673796791   0.0000000
2464683.000000000   88.83640  23.43011  0.01002673796791   0.0000000
2464684.000000000   89.94619  23.43439  0.01002673796791   0.0000000
2464685.000000000   91.05623  23.43082  0.01002673796791   0.0000000
2464686.000000000   92.16635  23.41942  0.01002673796791   0.0000000
2464687.000000000   93.27641  23.40018  0.01002673796791   0.0000000
2464688.000000000   94.38626  23.37310  0.01002673796791   0.0000000
2464689.000000000   95.49573  23.33820  0.01002673796791   0.0000000
2464690.000000000   96.60468  23.29550  0.01002673796791   0.0000000
2464691.000000000   97.71294  23.24500  0.01002673796791   0.0000000
2464692.000000000   98.82037  23.18674  0.01002673796791   0.0000000
2464693.000000000   99.92682  23.12074  0.01002673796791   0.0000000
2464694.000000000  101.03213  23.04704  0.01002673796791   0.0000000
2464695.000000000  102.13616  22.96567  0.01002673796791   0.0000000
2464696.000000000  103.23877  22.87666  0.01002673796791   0.0000000
2464697.000000000  104.33981  22.78007  0.01002673796791   0.0000000
2464698.000000000  105.43916  22.67595  0.01002673796791   0.0000000
2464699.000000000  106.53669  22.56434  0.01002673796791   0.0000000
2464700.000000000  107.63227  22.44529  0.01002673796791   0.0000000
2464701.000000000  108.72579  22.31888  0.01002673796791   0.0000000
2464702.000000000  109.81714  22.18515  0.01002673796791   0.0000000
2464703.000000000  110.90622  22.04418  0.01002673796791   0.0000000
2464704.000000000  111.99294  21.89603  0.01002673796791   0.0000000
2464705.000000000  113.07722  21.74078  0.01002673796791   0.0000000
2464706.000000000  114.15899  21.57849  0.01002673796791   0.0000000
2464707.000000000  115.23818  21.40924  0.01002673796791   0.0000000
2464708.000000000  116.31474  21.23311  0.01002673796791   0.0000000
2464709.000000000  117.38860  21.05019  0.01002673796791   0.0000000
2464710.000000000  118.45972  20.86054  0.01002673796791   0.0000000
2464711.000000000  119.52802  20.66427  0.01002673796791   0.0000000
2464712.000000000  120.59345  20.46146  0.01002673796791   0.0000000
2464713.000000000  121.65594  20.25220  0.01002673796791   0.0000000
2464714.000000000  122.71544  20.03658  0.01002673796791   0.0000000
2464715.000000000  123.77189  19.81471  0.01002673796791   0.0000000
2464716.000000000  124.82524  19.58668  0.01002673796791   0.0000000
2464717.000000000  125.87542  19.35259  0.01002673796791   0.0000000
2464718.000000000  126.92240  19.11254  0.01002673796791   0.0000000
2464719.000000000  127.96612  18.86664  0.01002673796791   0.0000000
2464720.000000000  129.00654  18.61500  0.01002673796791   0.0000000
2464721.000000000  130.04362  18.35772  0.01002673796791   0.0000000
2464722.000000000  131.07734  18.09491  0.01002673796791   0.0000000
2464723.000000000  132.10766  17.82669  0.01002673796791   0.0000000
2464724.000000000  133.13455  17.55316  0.01002673796791   0.0000000
2464725.000000000  134.15800  17.27444  0.01002673796791   0.0000000
2464726.000000000  135.17798  16.99064  0.01002673796791   0.0000000
2464727.000000000  136.19450  16.70188  0.01002673796791   0.0000000
2464728.000000000  137.20754  16.40828  0.01002673796791   0.0000000
2464729.000000000  138.21712  16.10994  0.01002673796791   0.0000000
2464730.000000000  139.22323  15.80699  0.01002673796791   0.0000000
2464731.000000000  140.22591  15.49954  0.01002673796791   0.0000000
2464732.000000000  141.22517  15.18771  0.01002673796791   0.0000000
2464733.000000000  142.22105  14.87160  0.01002673796791   0.0000000
2464734.000000000  143.21360  14.55134  0.01002673796791   0.0000000
2464735.000000000  144.20288  14.22703  0.01002673796791   0.0000000
2464736.000000000  145.18893  13.89878  0.01002673796791   0.0000000
2464737.000000000  146.17182  13.56671  0.01002673796791   0.0000000
2464738.000000000  147.15161  13.23093  0.01002673796791   0.0000000
2464739.000000000  148.12836  12.89154  0.01002673796791   0.0000000
2464740.000000000  149.10214  12.54866  0.01002673796791   0.0000000
2464741.000000000  150.07299  12.20241  0.01002673796791   0.0000000
2464742.000000000  151.04098  11.85289  0.01002673796791   0.0000000
2464743.000000000  152.00616  11.50022  0.01002673796791   0.0000000
2464744.000000000  152.96858  11.14451  0.01002673796791   0.0000000
2464745.000000000  153.92830  10.78588  0.01002673796791   0.0000000
2464746.000000000  154.88536  10.42444  0.01002673796791   0.0000000
2464747.000000000  155.83984  10.06031  0.01002673796791   0.0000000
2464748.000000000  156.79177   9.69361  0.01002673796791   0.0000000
2464749.000000000  157.74122   9.32445  0.01002673796791   0.0000000
2464750.000000000  158.68824   8.95294  0.01002673796791   0.0000000
2464751.000000000  159.63289   8.57920  0.01002673796791   0.0000000
2464752.000000000  160.57522   8.20334  0.01002673796791   0.0000000
2464753.000000000  161.51530   7.82549  0.01002673796791   0.0000000
2464754.000000000  162.45319   7.44575  0.01002673796791   0.0000000
2464755.000000000  163.38894   7.06424  0.01002673796791   0.0000000
2464756.000000000  164.32262   6.68108  0.01002673796791   0.0000000
2464757.000000000  165.25430   6.29637  0.01002673796791   0.0000000
2464758.000000000  166.18404   5.91024  0.01002673796791   0.0000000
2464759.000000000  167.11193   5.52278  0.01002673796791   0.0000000
2464760.000000000  168.03805   5.13412  0.01002673796791   0.0000000
2464761.000000000  168.96247   4.74435  0.01002673796791   0.0000000
2464762.000000000  169.88530   4.35358  0.01002673796791   0.0000000
2464763.000000000  170.80663   3.96191  0.01002673796791   0.0000000
2464764.000000000  171.72656   3.56945  0.01002673796791   0.0000000
2464765.000000000  172.64520   3.17630  0.01002673796791   0.0000000
2464766.000000000  173.56264   2.78254  0.01002673796791   0.0000000
2464767.000000000  174.47900   2.38828  0.01002673796791   0.0000000
2464768.000000000  175.39437   1.99362  0.01002673796791   0.0000000
2464769.000000000  176.30886   1.59866  0.01002673796791   0.0000000
2464770.000000000  177.22255   1.20348  0.01002673796791   0.0000000
2464771.000000000  178.13554   0.80821  0.01002673796791   0.0000000
2464772.000000000  179.04791   0.41292  0.01002673796791   0.0000000
2464773.000000000  179.95976   0.01772  0.01002673796791   0.0000000
2464774.000000000  180.87115  -0.37728  0.01002673796791   0.0000000
2464775.000000000  181.78219  -0.77198  0.01002673796791   0.0000000
2464776.000000000  182.69293  -1.16629  0.01002673796791   0.0000000
2464777.000000000  183.60347  -1.56010  0.01002673796791   0.0000000
2464778.000000000  184.51388  -1.95332  0.01002673796791   0.0000000
2464779.000000000  185.42422  -2.34583  0.01002673796791   0.0000000
2464780.000000000  186.33457  -2.73754  0.01002673796791   0.0000000
2464781.000000000  187.24500  -3.12835  0.01002673796791   0.0000000
2464782.000000000  188.15558  -3.51814  0.01002673796791   0.0000000
2464783.000000000  189.06636  -3.90682  0.01002673796791   0.0000000
2464784.000000000  189.97743  -4.29428  0.01002673796791   0.0000000
2464785.000000000  190.88883  -4.68043  0.01002673796791   0.0000000
2464786.000000000  191.80065  -5.06515  0.01002673796791   0.0000000
2464787.000000000  192.71295  -5.44835  0.01002673796791   0.0000000
2464788.000000000  193.62580  -5.82994  0.01002673796791   0.0000000
2464789.000000000  194.53929  -6.20980  0.01002673796791   0.0000000
2464790.000000000  195.45348  -6.58785  0.01002673796791   0.0000000
2464791.000000000  196.36848  -6.96399  0.01002673796791   0.0000000
2464792.000000000  197.28436  -7.33813  0.01002673796791   0.0000000
2464793.000000000  198.20121  -7.71018  0.01002673796791   0.0000000
2464794.000000000  199.11913  -8.08006  0.01002673796791   0.0000000
2464795.000000000  200.03820  -8.44766  0.01002673796791   0.0000000
2464796.000000000  200.95851  -8.81291  0.01002673796791   0.0000000
2464797.000000000  201.88015  -9.17572  0.01002673796791   0.0000000
2464798.000000000  202.80319  -9.53600  0.01002673796791   0.0000000
2464799.000000000  203.72771  -9.89365  0.01002673796791   0.0000000
2464800.000000000  204.65378 -10.24859  0.01002673796791   0.0000000
2464801.000000000  205.58148 -10.60073  0.01002673796791   0.0000000
2464802.000000000  206.51085 -10.94998  0.01002673796791   0.0000000
2464803.000000000  207.44197 -11.29624  0.01002673796791   0.0000000
2464804.000000000  208.37489 -11.63942  0.01002673796791   0.0000000
2464805.000000000  209.30966 -11.97943  0.01002673796791   0.0000000
2464806.000000000  210.24633 -12.31618  0.01002673796791   0.0000000
2464807.000000000  211.18494 -12.64958  0.01002673796791   0.0000000
2464808.000000000  212.12553 -12.97952  0.01002673796791   0.0000000
2464809.000000000  213.06813 -13.30592  0.01002673796791   0.0000000
2464810.000000000  214.01278 -13.62868  0.01002673796791   0.0000000
2464811.000000000  214.95949 -13.94770  0.01002673796791   0.0000000
2464812.000000000  215.90830 -14.26289  0.01002673796791   0.0000000
2464813.000000000  216.85922 -14.57416  0.01002673796791   0.0000000
2464814.000000000  217.81226 -14.88141  0.01002673796791   0.0000000
2464815.000000000  218.76744 -15.18454  0.01002673796791   0.0000000
2464816.000000000  219.72479 -15.48347  0.01002673796791   0.0000000
2464817.000000000  220.68433 -15.77810  0.01002673796791   0.0000000
2464818.000000000  221.64608 -16.06834  0.01002673796791   0.0000000
2464819.000000000  222.61006 -16.35412  0.01002673796791   0.0000000
2464820.000000000  223.57631 -16.63534  0.01002673796791   0.0000000
2464821.000000000  224.54484 -16.91192  0.01002673796791   0.0000000
2464822.000000000  225.51570 -17.18379  0.01002673796791   0.0000000
2464823.000000000  226.48890 -17.45086  0.01002673796791   0.0000000
2464824.000000000  227.46447 -17.71306  0.01002673796791   0.0000000
2464825.000000000  228.44242 -17.97031  0.01002673796791   0.0000000
2464826.000000000  229.42278 -18.22253  0.01002673796791   0.0000000
2464827.000000000  230.40556 -18.46964  0.01002673796791   0.0000000
2464828.000000000  231.39076 -18.71158  0.01002673796791   0.0000000
2464829.000000000  232.37839 -18.94826  0.01002673796791   0.0000000
2464830.000000000  233.36843 -19.17961  0.01002673796791   0.0000000
2464831.000000000  234.36088 -19.40557  0.01002673796791   0.0000000
2464832.000000000  235.35572 -19.62604  0.01002673796791   0.0000000
2464833.000000000  236.35293 -19.84097  0.01002673796791   0.0000000
2464834.000000000  237.35249 -20.05028  0.01002673796791   0.0000000
2464835.000000000  238.35436 -20.25389  0.01002673796791   0.0000000
2464836.000000000  239.35851 -20.45175  0.01002673796791   0.0000000
2464837.000000000  240.36488 -20.64378  0.01002673796791   0.0000000
2464838.000000000  241.37343 -20.82990  0.01002673796791   0.0000000
2464839.000000000  242.38410 -21.01007  0.01002673796791   0.0000000
2464840.000000000  243.39681 -21.18420  0.01002673796791   0.0000000
2464841.000000000  244.41150 -21.35223  0.01002673796791   0.0000000
2464842.000000000  245.42810 -21.51411  0.01002673796791   0.0000000
2464843.000000000  246.44652 -21.66976  0.01002673796791   0.0000000
2464844.000000000  247.46669 -21.81913  0.01002673796791   0.0000000
2464845.000000000  248.48854 -21.96217  0.01002673796791   0.0000000
2464846.000000000  249.51200 -22.09882  0.01002673796791   0.0000000
2464847.000000000  250.53699 -22.22903  0.01002673796791   0.0000000
2464848.000000000  251.56346 -22.35276  0.01002673796791   0.0000000
2464849.000000000  252.59133 -22.46996  0.01002673796791   0.0000000
2464850.000000000  253.62054 -22.58059  0.01002673796791   0.0000000
2464851.000000000  254.65103 -22.68462  0.01002673796791   0.0000000
2464852.000000000  255.68273 -22.78201  0.01002673796791   0.0000000
2464853.000000000  256.71557 -22.87272  0.01002673796791   0.0000000
2464854.000000000  257.74949 -22.95674  0.01002673796791   0.0000000
2464855.000000000  258.78441 -23.03402  0.01002673796791   0.0000000
2464856.000000000  259.82026 -23.10454  0.01002673796791   0.0000000
2464857.000000000  260.85696 -23.16829  0.01002673796791   0.0000000
2464858.000000000  261.89444 -23.22523  0.01002673796791   0.0000000
2464859.000000000  262.93260 -23.27535  0.01002673796791   0.0000000
2464860.000000000  263.97136 -23.31864  0.01002673796791   0.0000000
2464861.000000000  265.01063 -23.35507  0.01002673796791   0.0000000
2464862.000000000  266.05033 -23.38464  0.01002673796791   0.0000000
2464863.000000000  267.09034 -23.40734  0.01002673796791   0.0000000
2464864.000000000  268.13058 -23.42317  0.01002673796791   0.0000000
2464865.000000000  269.17095 -23.43210  0.01002673796791   0.0000000
2464866.000000000  270.21132 -23.43416  0.01002673796791   0.0000000
2464867.000000000  271.25160 -23.42933  0.01002673796791   0.0000000
2464868.000000000  272.29167 -23.41762  0.01002673796791   0.0000000
2464869.000000000  273.33140 -23.39904  0.01002673796791   0.0000000
2464870.000000000  274.37068 -23.37359  0.01002673796791   0.0000000
2464871.000000000  275.40938 -23.34128  0.01002673796791   0.0000000
2464872.000000000  276.44738 -23.30214  0.01002673796791   0.0000000
2464873.000000000  277.48457 -23.25618  0.01002673796791   0.0000000
2464874.000000000  278.52085 -23.20341  0.01002673796791   0.0000000
2464875.000000000  279.55611 -23.14387  0.01002673796791   0.0000000
2464876.000000000  280.59027 -23.07758  0.01002673796791   0.0000000
2464877.000000000  281.62323 -23.00456  0.01002673796791   0.0000000
2464878.000000000  282.65492 -22.92485  0.01002673796791   0.0000000
2464879.000000000  283.68526 -22.83848  0.01002673796791   0.0000000
2464880.000000000  284.71418 -22.74550  0.01002673796791   0.0000000
2464881.000000000  285.74161 -22.64593  0.01002673796791   0.0000000
2464882.000000000  286.76749 -22.53982  0.01002673796791   0.0000000
2464883.000000000  287.79176 -22.42721  0.01002673796791   0.0000000
2464884.000000000  288.81435 -22.30814  0.01002673796791   0.0000000
2464885.000000000  289.83521 -22.18267  0.01002673796791   0.0000000
2464886.000000000  290.85428 -22.05084  0.01002673796791   0.0000000
2464887.000000000  291.87151 -21.91270  0.01002673796791   0.0000000
2464888.000000000  292.88685 -21.76830  0.01002673796791   0.0000000
2464889.000000000  293.90026 -21.61771  0.01002673796791   0.0000000
2464890.000000000  294.91167 -21.46096  0.01002673796791   0.0000000
2464891.000000000  295.92104 -21.29813  0.01002673796791   0.0000000
2464892.000000000  296.92833 -21.12927  0.01002673796791   0.0000000
2464893.000000000  297.93349 -20.95444  0.01002673796791   0.0000000
2464894.000000000  298.93648 -20.77370  0.01002673796791   0.0000000
2464895.000000000  299.93724 -20.58713  0.01002673796791   0.0000000
2464896.000000000  300.93572 -20.39478  0.01002673796791   0.0000000
2464897.000000000  301.93187 -20.19673  0.01002673796791   0.0000000
2464898.000000000  302.92564 -19.99306  0.01002673796791   0.0000000
2464899.000000000  303.91698 -19.78382  0.01002673796791   0.0000000
2464900.000000000  304.90583 -19.56910  0.01002673796791   0.0000000
2464901.000000000  305.89216 -19.34898  0.01002673796791   0.0000000
2464902.000000000  306.87593 -19.12353  0.01002673796791   0.0000000
2464903.000000000  307.85712 -18.89283  0.01002673796791   0.0000000
2464904.000000000  308.83570 -18.65695  0.01002673796791   0.0000000
2464905.000000000  309.81167 -18.41599  0.01002673796791   0.0000000
2464906.000000000  310.78502 -18.17001  0.01002673796791   0.0000000
2464907.000000000  311.75576 -17.91909  0.01002673796791   0.0000000
2464908.000000000  312.72391 -17.66332  0.01002673796791   0.0000000
2464909.000000000  313.68947 -17.40277  0.01002673796791   0.0000000
2464910.000000000  314.65247 -17.13753  0.01002673796791   0.0000000
2464911.000000000  315.61293 -16.86768  0.01002673796791   0.0000000
2464912.000000000  316.57087 -16.59329  0.01002673796791   0.0000000
2464913.000000000  317.52634 -16.31445  0.01002673796791   0.0000000
2464914.000000000  318.47935 -16.03125  0.01002673796791   0.0000000
2464915.000000000  319.42995 -15.74375  0.01002673796791   0.0000000
2464916.000000000  320.37818 -15.45205  0.01002673796791   0.0000000
2464917.000000000  321.32408 -15.15622  0.01002673796791   0.0000000
2464918.000000000  322.26768 -14.85635  0.01002673796791   0.0000000
2464919.000000000  323.20904 -14.55253  0.01002673796791   0.0000000
2464920.000000000  324.14819 -14.24483  0.01002673796791   0.0000000
2464921.000000000  325.08518 -13.93334  0.01002673796791   0.0000000
2464922.000000000  326.02006 -13.61814  0.01002673796791   0.0000000
2464923.000000000  326.95285 -13.29933  0.01002673796791   0.0000000
2464924.000000000  327.88361 -12.97699  0.01002673796791   0.0000000
2464925.000000000  328.81236 -12.65120  0.01002673796791   0.0000000
2464926.000000000  329.73915 -12.32206  0.01002673796791   0.0000000
2464927.000000000  330.66400 -11.98966  0.01002673796791   0.0000000
2464928.000000000  331.58693 -11.65410  0.01002673796791   0.0000000
2464929.000000000  332.50799 -11.31547  0.01002673796791   0.0000000
2464930.000000000  333.42721 -10.97386  0.01002673796791   0.0000000
2464931.000000000  334.34463 -10.62936  0.01002673796791   0.0000000
2464932.000000000  335.26030 -10.28208  0.01002673796791   0.0000000
2464933.000000000  336.17428  -9.93209  0.01002673796791   0.0000000
2464934.000000000  337.08663  -9.57950  0.01002673796791   0.0000000
2464935.000000000  337.99740  -9.22439  0.01002673796791   0.0000000
2464936.000000000  338.90668  -8.86685  0.01002673796791   0.0000000
2464937.000000000  339.81454  -8.50698  0.01002673796791   0.0000000
2464938.000000000  340.72105  -8.14485  0.01002673796791   0.0000000
2464939.000000000  341.62630  -7.78056  0.01002673796791   0.0000000
2464940.000000000  342.53036  -7.41419  0.01002673796791   0.0000000
2464941.000000000  343.43332  -7.04584  0.01002673796791   0.0000000
2464942.000000000  344.33526  -6.67558  0.01002673796791   0.0000000
2464943.000000000  345.23629  -6.30350  0.01002673796791   0.0000000
2464944.000000000  346.13647  -5.92970  0.01002673796791   0.0000000
2464945.000000000  347.03591  -5.55425  0.01002673796791   0.0000000
2464946.000000000  347.93470  -5.17724  0.01002673796791   0.0000000
2464947.000000000  348.83292  -4.79877  0.01002673796791   0.0000000
2464948.000000000  349.73067  -4.41890  0.01002673796791   0.0000000
2464949.000000000  350.62804  -4.03774  0.01002673796791   0.0000000
2464950.000000000  351.52511  -3.65536  0.01002673796791   0.0000000
2464951.000000000  352.42197  -3.27186  0.01002673796791   0.0000000
2464952.000000000  353.31870  -2.88733  0.01002673796791   0.0000000
2464953.000000000  354.21538  -2.50186  0.01002673796791   0.0000000
2464954.000000000  355.11208  -2.11555  0.01002673796791   0.0000000
2464955.000000000  356.00886  -1.72848  0.01002673796791   0.0000000
2464956.000000000  356.90580  -1.34077  0.01002673796791   0.0000000
2464957.000000000  357.80296  -0.95250  0.01002673796791   0.0000000
2464958.000000000  358.70040  -0.56379  0.01002673796791   0.0000000
2464959.000000000  359.59819  -0.17472  0.01002673796791   0.0000000
2464960.000000000    0.49639   0.21460  0.01002673796791   0.0000000
2464961.000000000    1.39508   0.60406  0.01002673796791   0.0000000
2464962.000000000    2.29434   0.99357  0.01002673796791   0.0000000
2464963.000000000    3.19424   1.38304  0.01002673796791   0.0000000
2464964.000000000    4.09488   1.77236  0.01002673796791   0.0000000
2464965.000000000    4.99633   2.16144  0.01002673796791   0.0000000
2464966.000000000    5.89870   2.55017  0.01002673796791   0.0000000
2464967.000000000    6.80206   2.93848  0.01002673796791   0.0000000
2464968.000000000    7.70651   3.32625  0.01002673796791   0.0000000
2464969.000000000    8.61214   3.71339  0.01002673796791   0.0000000
2464970.000000000    9.51905   4.09981  0.01002673796791   0.0000000
2464971.000000000   10.42734   4.48541  0.01002673796791   0.0000000
2464972.000000000   11.33709   4.87010  0.01002673796791   0.0000000
2464973.000000000   12.24841   5.25377  0.01002673796791   0.0000000
2464974.000000000   13.16140   5.63635  0.01002673796791   0.0000000
2464975.000000000   14.07614   6.01772  0.01002673796791   0.0000000
2464976.000000000   14.99274   6.39780  0.01002673796791   0.0000000
2464977.000000000   15.91130   6.77648  0.01002673796791   0.0000000
2464978.000000000   16.83189   7.15367  0.01002673796791   0.0000000
2464979.000000000   17.75461   7.52928  0.01002673796791   0.0000000
2464980.000000000   18.67953   7.90319  0.01002673796791   0.0000000
2464981.000000000   19.60675   8.27531  0.01002673796791   0.0000000
2464982.000000000   20.53632   8.64552  0.01002673796791   0.0000000
2464983.000000000   21.46831   9.01373  0.01002673796791   0.0000000
2464984.000000000   22.40278   9.37982  0.01002673796791   0.0000000
2464985.000000000   23.33978   9.74368  0.01002673796791   0.0000000
2464986.000000000   24.27937  10.10520  0.01002673796791   0.0000000
2464987.000000000   25.22160  10.46426  0.01002673796791   0.0000000
2464988.000000000   26.16650  10.82074  0.01002673796791   0.0000000
2464989.000000000   27.11414  11.17454  0.01002673796791   0.0000000
2464990.000000000   28.06456  11.52553  0.01002673796791   0.0000000
2464991.000000000   29.01781  11.87360  0.01002673796791   0.0000000
2464992.000000000   29.97395  12.21864  0.01002673796791   0.0000000
2464993.000000000   30.93303  12.56054  0.01002673796791   0.0000000
2464994.000000000   31.89509  12.89918  0.01002673796791   0.0000000
2464995.000000000   32.86021  13.23445  0.01002673796791   0.0000000
2464996.000000000   33.82841  13.56624  0.01002673796791   0.0000000
2464997.000000000   34.79977  13.89444  0.01002673796791   0.0000000
2464998.000000000   35.77433  14.21894  0.01002673796791   0.0000000
2464999.000000000   36.75213  14.53962  0.01002673796791   0.0000000
2465000.000000000   37.73323  14.85638  0.01002673796791   0.0000000
2465001.000000000   38.71769  15.16912  0.01002673796791   0.0000000
2465002.000000000   39.70554  15.47771  0.01002673796791   0.0000000
2465003.000000000   40.69683  15.78206  0.01002673796791   0.0000000
2465004.000000000   41.69161  16.08205  0.01002673796791   0.0000000
2465005.000000000   42.68991  16.37759  0.01002673796791   0.0000000
2465006.000000000   43.69177  16.66856  0.01002673796791   0.0000000
2465007.000000000   44.69723  16.95485  0.01002673796791   0.0000000
2465008.000000000   45.70629  17.23637  0.01002673796791   0.0000000
2465009.000000000   46.71898  17.51299  0.01002673796791   0.0000000
2465010.000000000   47.73530  17.78461  0.01002673796791   0.0000000
2465011.000000000   48.75524  18.05112  0.01002673796791   0.0000000
2465012.000000000   49.77878  18.31241  0.01002673796791   0.0000000
2465013.000000000   50.80592  18.56837  0.01002673796791   0.0000000
2465014.000000000   51.83661  18.81888  0.01002673796791   0.0000000
2465015.000000000   52.87082  19.06384  0.01002673796791   0.0000000
2465016.000000000   53.90850  19.30312  0.01002673796791   0.0000000
2465017.000000000   54.94962  19.53663  0.01002673796791   0.0000000
2465018.000000000   55.99413  19.76426  0.01002673796791   0.0000000
2465019.000000000   57.04197  19.98589  0.01002673796791   0.0000000
2465020.000000000   58.09309  20.20143  0.01002673796791   0.0000000
2465021.000000000   59.14743  20.41077  0.01002673796791   0.0000000
2465022.000000000   60.20494  20.61383  0.01002673796791   0.0000000
2465023.000000000   61.26556  20.81049  0.01002673796791   0.0000000
2465024.000000000   62.32922  21.00067  0.01002673796791   0.0000000
2465025.000000000   63.39586  21.18427  0.01002673796791   0.0000000
2465026.000000000   64.46541  21.36121  0.01002673796791   0.0000000
2465027.000000000   65.53780  21.53140  0.01002673796791   0.0000000
2465028.000000000   66.61296  21.69476  0.01002673796791   0.0000000
2465029.000000000   67.69081  21.85122  0.01002673796791   0.0000000
2465030.000000000   68.77128  22.00068  0.01002673796791   0.0000000
2465031.000000000   69.85430  22.14309  0.01002673796791   0.0000000
2465032.000000000   70.93978  22.27836  0.01002673796791   0.0000000
2465033.000000000   72.02766  22.40645  0.01002673796791   0.0000000
2465034.000000000   73.11784  22.52727  0.01002673796791   0.0000000
2465035.000000000   74.21023  22.64077  0.01002673796791   0.0000000
2465036.000000000   75.30475  22.74690  0.01002673796791   0.0000000
2465037.000000000   76.40128  22.84560  0.01002673796791   0.0000000
2465038.000000000   77.49971  22.93681  0.01002673796791   0.0000000
2465039.000000000   78.59993  23.02048  0.01002673796791   0.0000000
2465040.000000000   79.70179  23.09657  0.01002673796791   0.0000000
2465041.000000000   80.80517  23.16504  0.01002673796791   0.0000000
2465042.000000000   81.90992  23.22583  0.01002673796791   0.0000000
2465043.000000000   83.01589  23.27893  0.01002673796791   0.0000000
2465044.000000000   84.12293  23.32428  0.01002673796791   0.0000000
2465045.000000000   85.23089  23.36187  0.01002673796791   0.0000000
2465046.000000000   86.33960  23.39166  0.01002673796791   0.0000000
2465047.000000000   87.44892  23.41364  0.01002673796791   0.0000000
2465048.000000000   88.55867  23.42779  0.01002673796791   0.0000000
2465049.000000000   89.66872  23.43410  0.01002673796791   0.0000000
2465050.000000000   90.77890  23.43255  0.01002673796791   0.0000000
2465051.000000000   91.88906  23.42316  0.01002673796791   0.0000000
2465052.000000000   92.99905  23.40592  0.01002673796791   0.0000000
2465053.000000000   94.10872  23.38084  0.01002673796791   0.0000000
2465054.000000000   95.21793  23.34792  0.01002673796791   0.0000000
2465055.000000000   96.32653  23.30719  0.01002673796791   0.0000000
2465056.000000000   97.43438  23.25866  0.01002673796791   0.0000000
2465057.000000000   98.54136  23.20235  0.01002673796791   0.0000000
2465058.000000000   99.64734  23.13830  0.01002673796791   0.0000000
2465059.000000000  100.75218  23.06654  0.01002673796791   0.0000000
2465060.000000000  101.85578  22.98709  0.01002673796791   0.0000000
2465061.000000000  102.95803  22.90001  0.01002673796791   0.0000000
2465062.000000000  104.05883  22.80534  0.01002673796791   0.0000000
2465063.000000000  105.15806  22.70311  0.01002673796791   0.0000000
2465064.000000000  106.25564  22.59338  0.01002673796791   0.0000000
2465065.000000000  107.35147  22.47621  0.01002673796791   0.0000000
2465066.000000000  108.44544  22.35164  0.01002673796791   0.0000000
2465067.000000000  109.53744  22.21975  0.01002673796791   0.0000000
2465068.000000000  110.62737  22.08058  0.01002673796791   0.0000000
2465069.000000000  111.71512  21.93422  0.01002673796791   0.0000000
2465070.000000000  112.80059  21.78072  0.01002673796791   0.0000000
2465071.000000000  113.88367  21.62016  0.01002673796791   0.0000000
2465072.000000000  114.96425  21.45262  0.01002673796791   0.0000000
2465073.000000000  116.04223  21.27817  0.01002673796791   0.0000000
2465074.000000000  117.11752  21.09691  0.01002673796791   0.0000000
2465075.000000000  118.19002  20.90891  0.01002673796791   0.0000000
2465076.000000000  119.25964  20.71426  0.01002673796791   0.0000000
2465077.000000000  120.32630  20.51305  0.01002673796791   0.0000000
2465078.000000000  121.38992  20.30539  0.01002673796791   0.0000000
2465079.000000000  122.45043  20.09135  0.01002673796791   0.0000000
2465080.000000000  123.50777  19.87104  0.01002673796791   0.0000000
2465081.000000000  124.56188  19.64457  0.01002673796791   0.0000000
2465082.000000000  125.61270  19.41202  0.01002673796791   0.0000000
2465083.000000000  126.66019  19.17351  0.01002673796791   0.0000000
2465084.000000000  127.70431  18.92915  0.01002673796791   0.0000000
2465085.000000000  128.74503  18.67902  0.01002673796791   0.0000000
2465086.000000000  129.78232  18.42325  0.01002673796791   0.0000000
2465087.000000000  130.81618  18.16195  0.01002673796791   0.0000000
2465088.000000000  131.84660  17.89521  0.01002673796791   0.0000000
2465089.000000000  132.87358  17.62315  0.01002673796791   0.0000000
2465090.000000000  133.89713  17.34587  0.01002673796791   0.0000000
2465091.000000000  134.91728  17.06349  0.01002673796791   0.0000000
2465092.000000000  135.93406  16.77610  0.01002673796791   0.0000000
2465093.000000000  136.94748  16.48383  0.01002673796791   0.0000000
2465094.000000000  137.95757  16.18677  0.01002673796791   0.0000000
2465095.000000000  138.96437  15.88504  0.01002673796791   0.0000000
2465096.000000000  139.96790  15.57875  0.01002673796791   0.0000000
2465097.000000000  140.96817  15.26802  0.01002673796791   0.0000000
2465098.000000000  141.96521  14.95295  0.01002673796791   0.0000000
2465099.000000000  142.95903  14.63366  0.01002673796791   0.0000000
2465100.000000000  143.94967  14.31027  0.01002673796791   0.0000000
2465101.000000000  144.93715  13.98290  0.01002673796791   0.0000000
2465102.000000000  145.92149  13.65166  0.01002673796791   0.0000000
2465103.000000000  146.90271  13.31666  0.01002673796791   0.0000000
2465104.000000000  147.88086  12.97804  0.01002673796791   0.0000000
2465105.000000000  148.85595  12.63590  0.01002673796791   0.0000000
2465106.000000000  149.82802  12.29037  0.01002673796791   0.0000000
2465107.000000000  150.79712  11.94156  0.01002673796791   0.0000000
2465108.000000000  151.76329  11.58960  0.01002673796791   0.0000000
2465109.000000000  152.72656  11.23459  0.01002673796791   0.0000000
2465110.000000000  153.68698  10.87667  0.01002673796791   0.0000000
2465111.000000000  154.64462  10.51594  0.01002673796791   0.0000000
2465112.000000000  155.59951  10.15253  0.01002673796791   0.0000000
2465113.000000000  156.55173   9.78655  0.01002673796791   0.0000000
2465114.000000000  157.50133   9.41811  0.01002673796791   0.0000000
2465115.000000000  158.44838   9.04734  0.01002673796791   0.0000000
2465116.000000000  159.39296   8.67434  0.01002673796791   0.0000000
2465117.000000000  160.33515   8.29922  0.01002673796791   0.0000000
2465118.000000000  161.27504   7.92210  0.01002673796791   0.0000000
2465119.000000000  162.21271   7.54308  0.01002673796791   0.0000000
2465120.000000000  163.14827   7.16225  0.01002673796791   0.0000000
2465121.000000000  164.08182   6.77974  0.01002673796791   0.0000000
2465122.000000000  165.01345   6.39563  0.01002673796791   0.0000000
2465123.000000000  165.94326   6.01002  0.01002673796791   0.0000000
2465124.000000000  166.87135   5.62303  0.01002673796791   0.0000000
2465125.000000000  167.79779   5.23476  0.01002673796791   0.0000000
2465126.000000000  168.72269   4.84530  0.01002673796791   0.0000000
2465127.000000000  169.64611   4.45477  0.01002673796791   0.0000000
2465128.000000000  170.56814   4.06327  0.01002673796791   0.0000000
2465129.000000000  171.48885   3.67090  0.01002673796791   0.0000000
2465130.000000000  172.40831   3.27778  0.01002673796791   0.0000000
2465131.000000000  173.32662   2.88400  0.01002673796791   0.0000000
2465132.000000000  174.24383   2.48968  0.01002673796791   0.0000000
2465133.000000000  175.16002   2.09493  0.01002673796791   0.0000000
2465134.000000000  176.07526   1.69984  0.01002673796791   0.0000000
2465135.000000000  176.98964   1.30453  0.01002673796791   0.0000000
2465136.000000000  177.90320   0.90911  0.01002673796791   0.0000000
2465137.000000000  178.81604   0.51368  0.01002673796791   0.0000000
2465138.000000000  179.72823   0.11834  0.01002673796791   0.0000000
2465139.000000000  180.63982  -0.27679  0.01002673796791   0.0000000
2465140.000000000  181.55091  -0.67162  0.01002673796791   0.0000000
2465141.000000000  182.46157  -1.06603  0.01002673796791   0.0000000
2465142.000000000  183.37186  -1.45992  0.01002673796791   0.0000000
2465143.000000000  184.28189  -1.85320  0.01002673796791   0.0000000
2465144.000000000  185.19171  -2.24575  0.01002673796791   0.0000000
2465145.000000000  186.10143  -2.63748  0.01002673796791   0.0000000
2465146.000000000  187.01114  -3.02829  0.01002673796791   0.0000000
2465147.000000000  187.92093  -3.41809  0.01002673796791   0.0000000
2465148.000000000  188.83089  -3.80679  0.01002673796791   0.0000000
2465149.000000000  189.74114  -4.19429  0.01002673796791   0.0000000
2465150.000000000  190.65177  -4.58051  0.01002673796791   0.0000000
2465151.000000000  191.56289  -4.96535  0.01002673796791   0.0000000
2465152.000000000  192.47459  -5.34873  0.01002673796791   0.0000000
2465153.000000000  193.38697  -5.73056  0.01002673796791   0.0000000
2465154.000000000  194.30011  -6.11075  0.01002673796791   0.0000000
2465155.000000000  195.21409  -6.48920  0.01002673796791   0.0000000
2465156.000000000  196.12899  -6.86583  0.01002673796791   0.0000000
2465157.000000000  197.04489  -7.24053  0.01002673796791   0.0000000
2465158.000000000  197.96185  -7.61321  0.01002673796791   0.0000000
2465159.000000000  198.87994  -7.98378  0.01002673796791   0.0000000
2465160.000000000  199.79923  -8.35213  0.01002673796791   0.0000000
2465161.000000000  200.71978  -8.71818  0.01002673796791   0.0000000
2465162.000000000  201.64164  -9.08183  0.01002673796791   0.0000000
2465163.000000000  202.56488  -9.44297  0.01002673796791   0.0000000
2465164.000000000  203.48955  -9.80152  0.01002673796791   0.0000000
2465165.000000000  204.41569 -10.15736  0.01002673796791   0.0000000
2465166.000000000  205.34335 -10.51041  0.01002673796791   0.0000000
2465167.000000000  206.27259 -10.86056  0.01002673796791   0.0000000
2465168.000000000  207.20345 -11.20772  0.01002673796791   0.0000000
2465169.000000000  208.13596 -11.55179  0.01002673796791   0.0000000
2465170.000000000  209.07018 -11.89266  0.01002673796791   0.0000000
2465171.000000000  210.00615 -12.23025  0.01002673796791   0.0000000
2465172.000000000  210.94392 -12.56447  0.01002673796791   0.0000000
2465173.000000000  211.88352 -12.89520  0.01002673796791   0.0000000
2465174.000000000  212.82502 -13.22238  0.01002673796791   0.0000000
2465175.000000000  213.76847 -13.54590  0.01002673796791   0.0000000
2465176.000000000  214.71391 -13.86567  0.01002673796791   0.0000000
2465177.000000000  215.66141 -14.18163  0.01002673796791   0.0000000
2465178.000000000  216.61102 -14.49367  0.01002673796791   0.0000000
2465179.000000000  217.56281 -14.80172  0.01002673796791   0.0000000
2465180.000000000  218.51682 -15.10570  0.01002673796791   0.0000000
2465181.000000000  219.47310 -15.40552  0.01002673796791   0.0000000
2465182.000000000  220.43170 -15.70111  0.01002673796791   0.0000000
2465183.000000000  221.39265 -15.99238  0.01002673796791   0.0000000
2465184.000000000  222.35597 -16.27925  0.01002673796791   0.0000000
2465185.000000000  223.32171 -16.56163  0.01002673796791   0.0000000
2465186.000000000  224.28987 -16.83944  0.01002673796791   0.0000000
2465187.000000000  225.26046 -17.11260  0.01002673796791   0.0000000
2465188.000000000  226.23350 -17.38102  0.01002673796791   0.0000000
2465189.000000000  227.20898 -17.64462  0.01002673796791   0.0000000
2465190.000000000  228.18691 -17.90331  0.01002673796791   0.0000000
2465191.000000000  229.16728 -18.15701  0.01002673796791   0.0000000
2465192.000000000  230.15008 -18.40563  0.01002673796791   0.0000000
2465193.000000000  231.13528 -18.64910  0.01002673796791   0.0000000
2465194.000000000  232.12286 -18.88734  0.01002673796791   0.0000000
2465195.000000000  233.11280 -19.12025  0.01002673796791   0.0000000
2465196.000000000  234.10507 -19.34776  0.01002673796791   0.0000000
2465197.000000000  235.09962 -19.56979  0.01002673796791   0.0000000
2465198.000000000  236.09643 -19.78627  0.01002673796791   0.0000000
2465199.000000000  237.09544 -19.99711  0.01002673796791   0.0000000
2465200.000000000  238.09663 -20.20224  0.01002673796791   0.0000000
2465201.000000000  239.09994 -20.40159  0.01002673796791   0.0000000
$$EOE
*******************************************************************************
