l,b,model,decaps,aks,nominal,decaps_reliable_8kpc,ejk,n_nodes,vvv_av,nir_av,absb,bbin
-3.919,-5.34,2.26171875,1.10720703125,0.1509999930858612,1.10720703125,True,0.16,1681,1.2005202913631634,1.875730943210543,5.34,"(2.5, 6.0]"
-3.919,-5.14,2.26171875,1.4857324218749999,0.1589999943971634,1.4857324218749999,True,0.198,1681,1.4856438605619149,1.9751074378624456,5.14,"(2.5, 6.0]"
-3.919,-4.94,2.26171875,1.438720703125,0.18700000643730164,1.438720703125,True,0.22,1681,1.6507154006243496,2.3229252616956626,4.94,"(2.5, 6.0]"
-3.919,-4.74,2.26171875,1.75078125,0.1889999955892563,1.75078125,True,0.219,2993,1.64321214880333,2.3477692465313016,4.74,"(2.5, 6.0]"
-3.919,-4.54,2.26171875,1.35361328125,0.1889999955892563,1.35361328125,True,0.189,1640,1.4181145941727369,2.3477692465313016,4.54,"(2.5, 6.0]"
-3.919,-4.34,2.26171875,1.247431640625,0.19881518185138702,1.247431640625,True,0.178,1640,1.3355788241415192,2.4696940771820226,4.34,"(2.5, 6.0]"
-3.919,-4.14,2.26171875,1.56759765625,0.18700000643730164,1.56759765625,True,0.225,1640,1.6882316597294487,2.3229252616956626,4.14,"(2.5, 6.0]"
-3.919,-3.94,2.26171875,1.87560546875,0.2070000022649765,1.87560546875,True,0.283,1640,2.123420265348595,2.5713664057738614,3.94,"(2.5, 6.0]"
-3.919,-3.74,2.26171875,2.39111328125,0.27799999713897705,2.39111328125,True,0.377,2584,2.828725936524454,3.453332587568493,3.74,"(2.5, 6.0]"
-3.919,-3.54,2.26171875,2.5516015624999997,0.27799999713897705,2.5516015624999997,True,0.365,1640,2.7386869146722166,3.453332587568493,3.54,"(2.5, 6.0]"
-3.919,-3.34,2.26171875,2.3376171875,0.31506919860839844,2.3376171875,True,0.374,1681,2.8062161810613944,3.913808424787654,3.34,"(2.5, 6.0]"
-3.919,-3.14,3.3984375,2.6099609375,0.296999990940094,2.6099609375,True,0.461,1681,3.458999089490115,3.6893516466773146,3.14,"(2.5, 6.0]"
-3.919,-2.94,5.43359375,6.899375,0.3857979476451874,6.899375,True,0.722,1681,5.417347814776274,4.792405174573202,2.94,"(2.5, 6.0]"
-3.919,-2.74,5.43359375,5.0351171875,0.458219051361084,5.0351171875,True,0.747,1681,5.604929110301769,5.692024455377572,2.74,"(2.5, 6.0]"
-3.919,-2.54,5.43359375,2.8044921874999997,0.458219051361084,2.8044921874999997,True,0.495,2747,3.7141096514047867,5.692024455377572,2.54,"(2.5, 6.0]"
-3.919,-2.34,5.43359375,2.9974023437499997,0.32658711075782776,2.9974023437499997,True,0.502,1681,3.766632414151925,4.056884618225494,2.34,"(1.5, 2.5]"
-3.919,-2.14,12.4375,3.715546875,0.3837970197200775,3.715546875,True,0.617,1681,4.629506373569199,4.767549528241294,2.14,"(1.5, 2.5]"
-3.919,-1.94,12.4375,5.7094921874999995,0.5423035621643066,5.7094921874999995,True,0.889,1681,6.670390868886577,6.736527276438257,1.94,"(1.5, 2.5]"
-3.919,-1.74,12.4375,6.3482031249999995,0.6808858513832092,6.3482031249999995,True,1.137,1681,8.53119732049948,8.458004759692447,1.74,"(1.5, 2.5]"
-3.919,-1.54,12.4375,6.685390624999999,0.6808858513832092,6.685390624999999,True,1.1,2911,8.25357700312175,8.458004759692447,1.54,"(1.5, 2.5]"
-3.919,-1.34,8.8828125,6.62703125,0.6599328517913818,6.62703125,True,1.014,1681,7.608297346514048,8.197725345870747,1.34,"(1.0, 1.5]"
-3.919,-1.14,15.933270676691729,6.9966406249999995,0.7292736768722534,6.9966406249999995,True,1.167,1681,8.756294875130074,9.059081221284487,1.14,"(1.0, 1.5]"
-3.919,-0.94,15.933270676691729,9.50609375,0.8149523735046387,9.50609375,True,1.42,1681,10.654617585848074,10.123387114039934,0.94,"(0.5, 1.0]"
-3.919,-0.74,15.933270676691729,12.1646875,1.2491999864578247,15.518012254134469,True,1.91,1681,14.331210978147762,15.517636928133962,0.74,"(0.5, 1.0]"
-3.919,-0.54,15.933270676691729,13.0984375,1.2491999864578247,15.518012254134469,True,1.9,1681,14.256178459937566,15.517636928133962,0.54,"(0.5, 1.0]"
-3.919,-0.34,18.328125,11.639453125,1.2119061946868896,15.054735337725337,True,1.656,2501,12.425385015608741,15.054371216759943,0.34,"(-0.001, 0.5]"
-3.919,-0.14,5.044760338345864,13.954374999999999,1.1679599285125732,14.508818987733829,True,2.335,1681,17.520093002081165,14.50846807056006,0.14,"(-0.001, 0.5]"
-3.919,0.06,5.044760338345864,10.355546875,1.6241135597229004,20.175323723265844,True,2.704,1681,20.288792924037462,20.1748357533224,0.06,"(-0.001, 0.5]"
-3.919,0.26,5.044760338345864,12.300859375,2.0298571586608887,25.215616877775012,True,3.263,1681,24.483110691987513,25.21500700091205,0.26,"(-0.001, 0.5]"
-3.719,-5.34,2.26171875,1.02453125,0.1420000046491623,1.02453125,True,0.145,1681,1.0879715140478667,1.7639325486923783,5.34,"(2.5, 6.0]"
-3.719,-5.14,2.26171875,1.172861328125,0.15000000596046448,1.172861328125,True,0.192,1681,1.4406243496357962,1.863309043344281,5.14,"(2.5, 6.0]"
-3.719,-4.94,2.26171875,1.30822265625,0.17797431349754333,1.30822265625,True,0.199,1681,1.4931471123829345,2.2108075643034844,4.94,"(2.5, 6.0]"
-3.719,-4.74,2.26171875,1.302548828125,0.17900000512599945,1.302548828125,True,0.187,3034,1.4031080905306972,2.2235487670437597,4.74,"(2.5, 6.0]"
-3.719,-4.54,2.26171875,1.289580078125,0.17900000512599945,1.289580078125,True,0.237,1681,1.7782706815816858,2.2235487670437597,4.54,"(2.5, 6.0]"
-3.719,-4.34,2.26171875,1.4452050781249999,0.1899999976158142,1.4452050781249999,True,0.227,1681,1.7032381633714881,2.360191331500679,4.34,"(2.5, 6.0]"
-3.719,-4.14,2.26171875,1.822109375,0.20399999618530273,1.822109375,True,0.287,1681,2.1534332726326744,2.5341001508657297,4.14,"(2.5, 6.0]"
-3.719,-3.94,2.26171875,2.3635546874999998,0.30399999022483826,2.3635546874999998,True,0.412,1681,3.0913397502601456,3.7763060563598403,3.94,"(2.5, 6.0]"
-3.719,-3.74,2.26171875,2.7072265625,0.28999999165534973,2.7072265625,True,0.388,2624,2.9112617065556714,3.6023972369947894,3.74,"(2.5, 6.0]"
-3.719,-3.54,2.26171875,2.80611328125,0.28999999165534973,2.80611328125,True,0.413,1640,3.0988430020811655,3.6023972369947894,3.54,"(2.5, 6.0]"
-3.719,-3.34,2.26171875,6.3449609375,0.34599998593330383,6.3449609375,True,0.823,1681,6.175176248699271,4.2980325144549925,3.34,"(2.5, 6.0]"
-3.719,-3.14,3.3984375,2.98443359375,0.3610000014305115,2.98443359375,True,0.447,1681,3.3539535639958378,4.484363603892536,3.14,"(2.5, 6.0]"
-3.719,-2.94,3.3984375,3.25677734375,0.33799999952316284,3.25677734375,True,0.462,1681,3.4665023413111347,4.1986562049062055,2.94,"(2.5, 6.0]"
-3.719,-2.74,5.43359375,2.8093554687499998,0.34299999475479126,2.8093554687499998,True,0.469,1681,3.5190251040582727,4.260766444649977,2.74,"(2.5, 6.0]"
-3.719,-2.54,5.43359375,4.6460546874999995,0.34299999475479126,4.6460546874999995,True,0.565,2747,4.23933727887617,4.260766444649977,2.54,"(2.5, 6.0]"
-3.719,-2.34,5.43359375,5.362578125,0.43799999356269836,5.362578125,True,0.829,1681,6.2201957596253905,5.440862110400316,2.34,"(1.5, 2.5]"
-3.719,-2.14,12.4375,4.8730078125,0.4904462397098541,4.8730078125,True,0.729,1681,5.469870577523413,6.092352516082117,2.14,"(1.5, 2.5]"
-3.719,-1.94,12.4375,4.766015625,0.49985471367836,4.766015625,True,0.741,1681,5.559909599375651,6.209225142301923,1.94,"(1.5, 2.5]"
-3.719,-1.74,12.4375,6.1244921875,0.5938895344734192,6.1244921875,True,0.92,1681,6.90299167533819,7.377331309063506,1.74,"(1.5, 2.5]"
-3.719,-1.54,12.4375,5.4630859375,0.5938895344734192,5.4630859375,True,0.851,2911,6.3852672996878255,7.377331309063506,1.54,"(1.5, 2.5]"
-3.719,-1.34,8.8828125,5.868359375,0.6119999885559082,5.868359375,True,0.911,1681,6.835462408949012,7.60230045259719,1.34,"(1.0, 1.5]"
-3.719,-1.14,15.933270676691729,5.842421874999999,0.6584121584892273,5.842421874999999,True,0.952,1681,7.143095733610822,8.17883520274099,1.14,"(1.0, 1.5]"
-3.719,-0.94,15.933270676691729,7.677499999999999,0.7572251558303833,7.677499999999999,True,1.211,1681,9.086437955254944,9.406296164270943,0.94,"(0.5, 1.0]"
-3.719,-0.74,15.933270676691729,9.415312499999999,0.9737434387207031,12.09619178535035,True,1.495,1681,11.217361472424558,12.095899221121774,0.74,"(0.5, 1.0]"
-3.719,-0.54,15.933270676691729,13.5653125,0.9737434387207031,12.09619178535035,True,2.116,1681,15.876880853277838,12.095899221121774,0.54,"(0.5, 1.0]"
-3.719,-0.34,18.328125,14.14890625,1.287482738494873,15.993574391240658,True,2.208,2501,16.567180020811655,15.99318756306887,0.34,"(-0.001, 0.5]"
-3.719,-0.14,5.044760338345864,16.029374999999998,1.4194430112838745,17.632832438309,True,2.396,1681,17.977791363163373,17.632405962265015,0.14,"(-0.001, 0.5]"
-3.719,0.06,5.044760338345864,11.483828124999999,1.7349557876586914,21.552245809424736,True,3.369,1681,25.27845538501561,21.551724536591006,0.06,"(-0.001, 0.5]"
-3.719,0.26,5.044760338345864,9.421796875,2.1427414417266846,26.617906108406018,True,3.943,1681,29.58532193028096,26.617262315110985,0.26,"(-0.001, 0.5]"
-3.519,-5.34,2.26171875,1.11693359375,0.1420000046491623,1.11693359375,True,0.162,1640,1.2155267950052029,1.7639325486923783,5.34,"(2.5, 6.0]"
-3.519,-5.14,2.26171875,1.2020410156249999,0.15000000596046448,1.2020410156249999,True,0.205,1640,1.538166623309053,1.863309043344281,5.14,"(2.5, 6.0]"
-3.519,-4.94,2.26171875,1.089375,0.17797431349754333,1.089375,True,0.185,1640,1.3881015868886577,2.2108075643034844,4.94,"(2.5, 6.0]"
-3.519,-4.74,2.26171875,1.373876953125,0.17900000512599945,1.373876953125,True,0.186,3001,1.3956048387096776,2.2235487670437597,4.74,"(2.5, 6.0]"
-3.519,-4.54,2.26171875,1.7540234375,0.17900000512599945,1.7540234375,True,0.234,1681,1.7557609261186267,2.2235487670437597,4.54,"(2.5, 6.0]"
-3.519,-4.34,2.26171875,1.90478515625,0.1899999976158142,1.90478515625,True,0.244,1681,1.830793444328824,2.360191331500679,4.34,"(2.5, 6.0]"
-3.519,-4.14,2.26171875,2.2419726562499998,0.20399999618530273,2.2419726562499998,True,0.336,1681,2.521092611862643,2.5341001508657297,4.14,"(2.5, 6.0]"
-3.519,-3.94,2.26171875,2.57267578125,0.30399999022483826,2.57267578125,True,0.422,1681,3.1663722684703433,3.7763060563598403,3.94,"(2.5, 6.0]"
-3.519,-3.74,2.26171875,2.52728515625,0.28999999165534973,2.52728515625,True,0.439,2624,3.2939275494276794,3.6023972369947894,3.74,"(2.5, 6.0]"
-3.519,-3.54,2.26171875,3.936015625,0.28999999165534973,3.936015625,True,0.634,1640,4.757061654526535,3.6023972369947894,3.54,"(2.5, 6.0]"
-3.519,-3.34,2.26171875,2.4283984375,0.34599998593330383,2.4283984375,True,0.412,1681,3.0913397502601456,4.2980325144549925,3.34,"(2.5, 6.0]"
-3.519,-3.14,3.3984375,2.43650390625,0.3610000014305115,2.43650390625,True,0.421,1681,3.1588690166493234,4.484363603892536,3.14,"(2.5, 6.0]"
-3.519,-2.94,3.3984375,2.6488671875,0.33799999952316284,2.6488671875,True,0.468,1681,3.5115218522372533,4.1986562049062055,2.94,"(2.5, 6.0]"
-3.519,-2.74,5.43359375,2.613203125,0.34299999475479126,2.613203125,True,0.462,1681,3.4665023413111347,4.260766444649977,2.74,"(2.5, 6.0]"
-3.519,-2.54,5.43359375,4.6201171875,0.34299999475479126,4.6201171875,True,0.638,2747,4.787074661810614,4.260766444649977,2.54,"(2.5, 6.0]"
-3.519,-2.34,5.43359375,4.6946875,0.43799999356269836,4.6946875,True,0.712,1681,5.342315296566077,5.440862110400316,2.34,"(1.5, 2.5]"
-3.519,-2.14,12.4375,4.5649999999999995,0.4904462397098541,4.5649999999999995,True,0.725,1681,5.439857570239334,6.092352516082117,2.14,"(1.5, 2.5]"
-3.519,-1.94,12.4375,4.3542578125,0.49985471367836,4.3542578125,True,0.736,1681,5.522393340270551,6.209225142301923,1.94,"(1.5, 2.5]"
-3.519,-1.74,12.4375,6.957734374999999,0.5938895344734192,6.957734374999999,True,1.081,1681,8.111015218522372,7.377331309063506,1.74,"(1.5, 2.5]"
-3.519,-1.54,12.4375,6.853984375,0.5938895344734192,6.853984375,True,0.99,2911,7.428219302809573,7.377331309063506,1.54,"(1.5, 2.5]"
-3.519,-1.34,8.8828125,7.98875,0.6119999885559082,7.98875,True,1.16,1681,8.703772112382934,7.60230045259719,1.34,"(1.0, 1.5]"
-3.519,-1.14,15.933270676691729,6.750234375,0.6584121584892273,6.750234375,True,1.096,1681,8.22356399583767,8.17883520274099,1.14,"(1.0, 1.5]"
-3.519,-0.94,15.933270676691729,8.8446875,0.7572251558303833,8.8446875,True,1.469,1681,11.022276925078044,9.406296164270943,0.94,"(0.5, 1.0]"
-3.519,-0.74,15.933270676691729,9.596874999999999,0.9737434387207031,12.09619178535035,True,1.441,1681,10.81218587408949,12.095899221121774,0.74,"(0.5, 1.0]"
-3.519,-0.54,15.933270676691729,13.6171875,0.9737434387207031,12.09619178535035,True,2.07,1681,15.531731269510926,12.095899221121774,0.54,"(0.5, 1.0]"
-3.519,-0.34,18.328125,11.652421875,1.287482738494873,15.993574391240658,True,1.737,2501,13.033148413111343,15.99318756306887,0.34,"(-0.001, 0.5]"
-3.519,-0.14,5.044760338345864,14.9140625,1.4194430112838745,17.632832438309,True,2.609,1681,19.575984001040585,17.632405962265015,0.14,"(-0.001, 0.5]"
-3.519,0.06,5.044760338345864,11.89234375,1.7349557876586914,21.552245809424736,True,4.434,1681,33.26941857440167,21.551724536591006,0.06,"(-0.001, 0.5]"
-3.519,0.26,12.140625,12.793671875,2.1427414417266846,26.617906108406018,False,4.037,1681,30.290627601456816,26.617262315110985,0.26,"(-0.001, 0.5]"
-3.319,-5.34,2.26171875,1.24986328125,0.1509999930858612,1.24986328125,True,0.175,1681,1.3130690686784598,1.875730943210543,5.34,"(2.5, 6.0]"
-3.319,-5.14,2.26171875,1.0796484375,0.15000000596046448,1.0796484375,True,0.17,1681,1.2755528095733613,1.863309043344281,5.14,"(2.5, 6.0]"
-3.319,-4.94,2.26171875,1.304169921875,0.15600000321865082,1.304169921875,True,0.202,1681,1.5156568678459938,1.9378413680574291,4.94,"(2.5, 6.0]"
-3.319,-4.74,2.26171875,1.3455078125,0.16899999976158142,1.3455078125,True,0.206,2993,1.5456698751300728,2.0993281024531028,4.74,"(2.5, 6.0]"
-3.319,-4.54,2.26171875,1.48005859375,0.16899999976158142,1.48005859375,True,0.226,1640,1.6957349115504683,2.0993281024531028,4.54,"(2.5, 6.0]"
-3.319,-4.34,2.26171875,1.5440917968749999,0.18000000715255737,1.5440917968749999,True,0.229,1640,1.7182446670135276,2.235970852013137,4.34,"(2.5, 6.0]"
-3.319,-4.14,2.26171875,1.61947265625,0.2150000035762787,1.61947265625,True,0.279,1640,2.0934072580645164,2.6707429004257643,4.14,"(2.5, 6.0]"
-3.319,-3.94,2.26171875,2.26466796875,0.2919999957084656,2.26466796875,True,0.36,1640,2.7011706555671178,3.627241406933544,3.94,"(2.5, 6.0]"
-3.319,-3.74,2.26171875,4.16296875,0.3529699742794037,4.16296875,True,0.482,2584,3.6165673777315295,4.384614126463163,3.74,"(2.5, 6.0]"
-3.319,-3.54,2.26171875,3.4983203124999998,0.3529699742794037,3.4983203124999998,True,0.522,1640,3.916697450572321,4.384614126463163,3.54,"(2.5, 6.0]"
-3.319,-3.34,2.26171875,2.72181640625,0.4320000112056732,2.72181640625,True,0.418,1681,3.1363592611862643,5.366329970790283,3.34,"(2.5, 6.0]"
-3.319,-3.14,3.3984375,2.8304296874999997,0.3190000057220459,2.8304296874999997,True,0.45,1681,3.3764633194588973,3.9626371457973835,3.14,"(2.5, 6.0]"
-3.319,-2.94,3.3984375,2.8612304687499996,0.3361799716949463,2.8612304687499996,True,0.484,1681,3.631573881373569,4.176047710394892,2.94,"(2.5, 6.0]"
-3.319,-2.74,5.43359375,3.9846484374999998,0.3388340175151825,3.9846484374999998,True,0.565,1681,4.23933727887617,4.209016426273474,2.74,"(2.5, 6.0]"
-3.319,-2.54,5.43359375,4.5876953125,0.3388340175151825,4.5876953125,True,0.706,2706,5.2972957856399585,4.209016426273474,2.54,"(2.5, 6.0]"
-3.319,-2.34,5.43359375,6.309296874999999,0.42621052265167236,6.309296874999999,True,1.018,1640,7.638310353798127,5.29441259778797,2.34,"(1.5, 2.5]"
-3.319,-2.14,12.4375,5.6835546875,0.4929329752922058,5.6835546875,True,0.9045,1640,6.786691272112383,6.123242894181322,2.14,"(1.5, 2.5]"
-3.319,-1.94,12.4375,7.2365625,0.5186373591423035,7.2365625,True,1.21,1640,9.078934703433923,6.442544287369956,1.94,"(1.5, 2.5]"
-3.319,-1.74,12.4375,8.46859375,0.6552151441574097,8.46859375,True,1.3595000000000002,1640,10.20067085067638,8.13912169954455,1.74,"(1.5, 2.5]"
-3.319,-1.54,8.8828125,8.176796874999999,0.6552151441574097,8.176796874999999,True,1.233,2870,9.251509495317379,8.13912169954455,1.54,"(1.5, 2.5]"
-3.319,-1.34,8.8828125,9.642265625,0.7173650860786438,9.642265625,True,1.484,1681,11.134825702393341,8.91115199436787,1.34,"(1.0, 1.5]"
-3.319,-1.14,15.933270676691729,8.436171875,0.7271692156791687,8.436171875,True,1.236,1681,9.274019250780437,9.032939478506988,1.14,"(1.0, 1.5]"
-3.319,-0.94,15.933270676691729,8.59828125,0.8358333110809326,8.59828125,True,1.309,1681,9.82175663371488,10.382771369195703,0.94,"(0.5, 1.0]"
-3.319,-0.74,15.933270676691729,11.146640625,0.9572499990463257,11.146640625,True,1.615,1681,12.11775169094693,11.8910167272556,0.74,"(0.5, 1.0]"
-3.319,-0.54,18.328125,11.503281249999999,0.9572499990463257,11.503281249999999,True,2.039,1681,15.299130463059315,11.8910167272556,0.54,"(0.5, 1.0]"
-3.319,-0.34,18.328125,11.911796875,1.237375020980835,15.37111827305385,True,2.006,2501,15.05152315296566,15.370746499900804,0.34,"(-0.001, 0.5]"
-3.319,-0.14,5.044760338345864,16.45734375,1.3407714366912842,16.655545797407257,True,2.697,1681,20.236270161290324,16.65514295848124,0.14,"(-0.001, 0.5]"
-3.319,0.06,5.044760338345864,11.99609375,1.9324827194213867,24.005996514551388,True,3.506,1681,26.306400884495318,24.005415894139933,0.06,"(-0.001, 0.5]"
-3.319,0.26,12.140625,11.19203125,2.0778472423553467,25.811766985780704,True,3.092,1681,23.200054630593133,25.81114269014863,0.26,"(-0.001, 0.5]"
-3.119,-5.34,2.26171875,1.351181640625,0.14800000190734863,1.351181640625,True,0.215,1681,1.6131991415192508,1.8384648734055264,5.34,"(2.5, 6.0]"
-3.119,-5.14,2.26171875,1.4249414062499999,0.14900000393390656,1.4249414062499999,True,0.214,1681,1.605695889698231,1.8508869583749037,5.14,"(2.5, 6.0]"
-3.119,-4.94,2.26171875,1.49951171875,0.17800000309944153,1.49951171875,True,0.199,1681,1.4931471123829345,2.2111266820743825,4.94,"(2.5, 6.0]"
-3.119,-4.74,2.26171875,1.24986328125,0.1589999943971634,1.24986328125,True,0.18,2993,1.3505853277835589,1.9751074378624456,4.74,"(2.5, 6.0]"
-3.119,-4.54,2.26171875,1.58380859375,0.1589999943971634,1.58380859375,True,0.226,1640,1.6957349115504683,1.9751074378624456,4.54,"(2.5, 6.0]"
-3.119,-4.34,2.26171875,1.692421875,0.18400000035762787,1.692421875,True,0.265,1640,1.9883617325702394,2.285659006787531,4.34,"(2.5, 6.0]"
-3.119,-4.14,2.26171875,1.9453125,0.21899999678134918,1.9453125,True,0.326,1640,2.4460600936524455,2.720431055200158,4.14,"(2.5, 6.0]"
-3.119,-3.94,2.26171875,2.250078125,0.2709999978542328,2.250078125,True,0.349,1640,2.6186348855359,3.3663781778859674,3.94,"(2.5, 6.0]"
-3.119,-3.74,2.26171875,2.77044921875,0.32899999618530273,2.77044921875,True,0.401,2560,3.0088039802289286,4.086857625284925,3.74,"(2.5, 6.0]"
-3.119,-3.54,2.26171875,2.5013476562499997,0.32899999618530273,2.5013476562499997,True,0.383,1600,2.8737454474505726,4.086857625284925,3.54,"(2.5, 6.0]"
-3.119,-3.34,2.26171875,2.3586914062499997,0.33188220858573914,2.3586914062499997,True,0.392,1640,2.9412747138397504,4.122660640066056,3.34,"(2.5, 6.0]"
-3.119,-3.14,3.3984375,3.26326171875,0.32899999618530273,3.26326171875,True,0.454,1640,3.4064763267429763,4.086857625284925,3.14,"(2.5, 6.0]"
-3.119,-2.94,3.3984375,3.18220703125,0.34599998593330383,3.18220703125,True,0.53,1640,3.976723465140479,4.2980325144549925,2.94,"(2.5, 6.0]"
-3.119,-2.74,5.43359375,3.994375,0.4050000011920929,3.994375,True,0.578,1640,4.336879552549427,5.030934231926444,2.74,"(2.5, 6.0]"
-3.119,-2.54,5.43359375,4.662265625,0.4050000011920929,4.662265625,True,0.703,2721,5.274786030176899,5.030934231926444,2.54,"(2.5, 6.0]"
-3.119,-2.34,5.43359375,6.3482031249999995,0.5442022681236267,6.3482031249999995,True,1.044,1681,7.833394901144642,6.760113115398725,2.34,"(1.5, 2.5]"
-3.119,-2.14,12.4375,7.281953124999999,0.6897023916244507,7.281953124999999,True,1.15,1681,8.628739594172737,8.567524349757289,2.14,"(1.5, 2.5]"
-3.119,-1.94,12.4375,7.314375,0.7769380807876587,7.314375,True,1.225,1681,9.19148348074922,9.651171296831535,1.94,"(1.5, 2.5]"
-3.119,-1.74,12.4375,9.486640625,0.879444420337677,9.486640625,True,1.344,1681,10.084370447450572,10.924511176124678,1.74,"(1.5, 2.5]"
-3.119,-1.54,8.8828125,10.33609375,0.879444420337677,10.33609375,True,1.61,2911,12.080235431841832,10.924511176124678,1.54,"(1.5, 2.5]"
-3.119,-1.34,8.8828125,9.875703125,0.8991842269897461,9.875703125,True,1.575,1681,11.81762161810614,11.1697202347054,1.34,"(1.0, 1.5]"
-3.119,-1.14,15.933270676691729,11.406015625,1.0057272911071777,12.493506721828295,True,1.692,1681,12.695502081165452,12.493204547952324,1.14,"(1.0, 1.5]"
-3.119,-0.94,15.933270676691729,11.282812499999999,0.8726666569709778,11.282812499999999,True,1.787,1681,13.40831100416233,10.840317394304785,0.94,"(0.5, 1.0]"
-3.119,-0.74,15.933270676691729,10.848359375,0.9914000034332275,12.315527992959348,True,1.658,1681,12.440391519250781,12.315230123761282,0.74,"(0.5, 1.0]"
-3.119,-0.54,18.328125,12.85203125,0.9914000034332275,12.315527992959348,True,1.889,1681,14.173642689906348,12.315230123761282,0.54,"(0.5, 1.0]"
-3.119,-0.34,18.328125,13.9803125,1.320460319519043,16.403233782845255,True,2.23,2501,16.73225156087409,16.402837046457226,0.34,"(-0.001, 0.5]"
-3.119,-0.14,5.044760338345864,17.2225,1.6075423955917358,19.96947075269237,True,3.049,1681,22.877414802289284,19.96898776160646,0.14,"(-0.001, 0.5]"
-3.119,0.06,5.044760338345864,12.495390624999999,1.8983770608901978,23.58232373776643,True,4.054,1681,30.418182882414154,23.58175336450559,0.06,"(-0.001, 0.5]"
-3.119,0.26,12.140625,11.094765624999999,1.9568687677383423,24.308928791780648,True,3.967,1681,29.765399973985435,24.308340844505537,0.26,"(-0.001, 0.5]"
-2.919,-5.34,2.26171875,1.33578125,0.16699999570846558,1.33578125,True,0.201,1640,1.5081536160249742,2.0744839325143483,5.34,"(2.5, 6.0]"
-2.919,-5.14,2.26171875,1.6559472656249998,0.16300000250339508,1.6559472656249998,True,0.231,1640,1.7332511706555673,2.0247957777399543,5.14,"(2.5, 6.0]"
-2.919,-4.94,2.26171875,1.57083984375,0.18700000643730164,1.57083984375,True,0.25,1640,1.8758129552549427,2.3229252616956626,4.94,"(2.5, 6.0]"
-2.919,-4.74,2.26171875,1.1769140624999999,0.16899999976158142,1.1769140624999999,True,0.219,3001,1.64321214880333,2.0993281024531028,4.74,"(2.5, 6.0]"
-2.919,-4.54,2.26171875,1.4362890625,0.16899999976158142,1.4362890625,True,0.253,1681,1.898322710718002,2.0993281024531028,4.54,"(2.5, 6.0]"
-2.919,-4.34,2.26171875,2.24521484375,0.18400000035762787,2.24521484375,True,0.318,1681,2.386034079084287,2.285659006787531,4.34,"(2.5, 6.0]"
-2.919,-4.14,2.26171875,1.9647656249999998,0.22699999809265137,1.9647656249999998,True,0.317,1681,2.3785308272632677,2.8198075498520607,4.14,"(2.5, 6.0]"
-2.919,-3.94,2.26171875,2.1657812499999998,0.2680000066757202,2.1657812499999998,True,0.336,1681,2.521092611862643,3.329112108080951,3.94,"(2.5, 6.0]"
-2.919,-3.74,2.26171875,2.4219140625,0.28299999237060547,2.4219140625,True,0.405,2624,3.0388169875130076,3.5154428273122638,3.74,"(2.5, 6.0]"
-2.919,-3.54,2.26171875,2.2565625,0.28299999237060547,2.2565625,True,0.418,1640,3.1363592611862643,3.5154428273122638,3.54,"(2.5, 6.0]"
-2.919,-3.34,2.26171875,2.6067187499999998,0.29499998688697815,2.6067187499999998,True,0.414,1681,3.1063462539021853,3.66450747673856,3.34,"(2.5, 6.0]"
-2.919,-3.14,3.3984375,3.16275390625,0.3140000104904175,3.16275390625,True,0.479,1681,3.5940576222684704,3.9005269060536127,3.14,"(2.5, 6.0]"
-2.919,-2.94,3.3984375,3.15302734375,0.363834023475647,3.15302734375,True,0.519,1681,3.8941876951092613,4.5195679951985595,2.94,"(2.5, 6.0]"
-2.919,-2.74,5.43359375,4.221328124999999,0.43799999356269836,4.221328124999999,True,0.665,1681,4.989662460978148,5.440862110400316,2.74,"(2.5, 6.0]"
-2.919,-2.54,5.43359375,4.778984374999999,0.43799999356269836,4.778984374999999,True,0.7815000000000001,2706,5.8637912981269515,5.440862110400316,2.54,"(2.5, 6.0]"
-2.919,-2.34,5.43359375,5.031874999999999,0.4765808582305908,5.031874999999999,True,0.856,1640,6.422783558792924,5.920115918261319,2.34,"(1.5, 2.5]"
-2.919,-2.14,12.453125,6.36765625,0.6323907971382141,6.36765625,True,1.039,1640,7.795878642039542,7.855596296082202,2.14,"(1.5, 2.5]"
-2.919,-1.94,12.4375,8.9225,0.8216583728790283,8.9225,True,1.3395,1640,10.050605814255983,10.206689439256206,1.94,"(1.5, 2.5]"
-2.919,-1.74,12.4375,9.06515625,0.91265469789505,9.06515625,True,1.601,1640,12.012706165452654,11.337051229762656,1.74,"(1.5, 2.5]"
-2.919,-1.54,8.8828125,7.7164062499999995,0.91265469789505,7.7164062499999995,True,1.338,2870,10.039350936524455,11.337051229762656,1.54,"(1.5, 2.5]"
-2.919,-1.34,8.8828125,9.76546875,0.9380134344100952,9.76546875,True,1.64,1681,12.305332986472424,11.652058971087163,1.34,"(1.0, 1.5]"
-2.919,-1.14,15.933270676691729,12.313828124999999,1.124027967453003,13.963080341031091,True,1.946,1681,14.601328043704475,13.962742623350934,1.14,"(1.0, 1.5]"
-2.919,-0.94,15.933270676691729,14.21375,1.2680000066757202,15.751552877959258,True,2.422,1681,18.172875910509887,15.751171903434516,0.94,"(0.5, 1.0]"
-2.919,-0.74,15.933270676691729,13.267031249999999,1.2603447437286377,15.656456443834008,True,2.134,1681,16.01193938605619,15.656077769356703,0.74,"(0.5, 1.0]"
-2.919,-0.54,18.328125,13.643125,1.2603447437286377,15.656456443834008,True,2.112,1681,15.846867845993758,15.656077769356703,0.54,"(0.5, 1.0]"
-2.919,-0.34,18.328125,13.9803125,1.2616064548492432,15.672129873903641,True,2.553,2460,19.155801899063476,15.671750820341327,0.34,"(-0.001, 0.5]"
-2.919,-0.14,5.044760338345864,15.251249999999999,1.490625023841858,18.517081041513762,True,2.6055,1640,19.549722619667016,18.516633178613894,0.14,"(-0.001, 0.5]"
-2.919,0.06,5.044760338345864,11.393046875,2.1552963256835938,26.773867399796195,False,4.2925,1640,32.20770844172737,26.773219834347433,0.06,"(-0.001, 0.5]"
-2.919,0.26,12.140625,11.587578125,2.0724000930786133,25.744100535138053,False,3.903,1640,29.285191857440168,25.743477876118828,0.26,"(-0.001, 0.5]"
-2.719,-5.34,2.26171875,1.441962890625,0.164000004529953,1.441962890625,True,0.213,1927,1.5981926378772113,2.0372178627093316,5.34,"(2.5, 6.0]"
-2.719,-5.14,2.26171875,1.705390625,0.1679999977350235,1.705390625,True,0.22,1927,1.6507154006243496,2.0869060174837255,5.14,"(2.5, 6.0]"
-2.719,-4.94,2.26171875,1.573271484375,0.21699999272823334,1.573271484375,True,0.217,1927,1.6282056451612903,2.6955868852614033,4.94,"(2.5, 6.0]"
-2.719,-4.74,2.26171875,1.654326171875,0.19699999690055847,1.654326171875,True,0.264,3683,1.9808584807492198,2.4471457411832045,4.74,"(2.5, 6.0]"
-2.719,-4.54,2.26171875,1.53841796875,0.19699999690055847,1.53841796875,True,0.265,2132,1.9883617325702394,2.4471457411832045,4.54,"(2.5, 6.0]"
-2.719,-4.34,2.26171875,1.75564453125,0.19599999487400055,1.75564453125,True,0.277,2132,2.0784007544224767,2.4347236562138272,4.34,"(2.5, 6.0]"
-2.719,-4.14,2.26171875,1.7994140625,0.23800000548362732,1.7994140625,True,0.276,2143,2.070897502601457,2.956450299412095,4.14,"(2.5, 6.0]"
-2.719,-3.94,2.26171875,2.49810546875,0.25600001215934753,2.49810546875,True,0.3465,2132,2.5998767559833507,3.1800474586546548,3.94,"(2.5, 6.0]"
-2.719,-3.74,2.26171875,2.37490234375,0.28299999237060547,2.37490234375,True,0.376,3373,2.821222684703434,3.5154428273122638,3.74,"(2.5, 6.0]"
-2.719,-3.54,2.26171875,2.3505859375,0.28299999237060547,2.3505859375,True,0.404,2174,3.0313137356919877,3.5154428273122638,3.54,"(2.5, 6.0]"
-2.719,-3.34,2.26171875,2.8271875,0.3009999990463257,2.8271875,True,0.448,2214,3.3614568158168576,3.7390399865548236,3.34,"(2.5, 6.0]"
-2.719,-3.14,3.3984375,3.0184765625,0.33393776416778564,3.0184765625,True,0.486,2214,3.646580385015609,4.148194874418911,3.14,"(2.5, 6.0]"
-2.719,-2.94,3.3984375,3.7025781249999996,0.38100001215934753,3.7025781249999996,True,0.537,2214,4.029246227887618,4.732804933073851,2.94,"(2.5, 6.0]"
-2.719,-2.74,5.43359375,4.3542578125,0.47391408681869507,4.3542578125,True,0.637,2214,4.779571409989594,5.886989124322211,2.74,"(2.5, 6.0]"
-2.719,-2.54,5.43359375,5.245859374999999,0.47391408681869507,5.245859374999999,True,0.768,3700,5.762497398543185,5.886989124322211,2.54,"(2.5, 6.0]"
-2.719,-2.34,5.43359375,5.583046875,0.5758243799209595,5.583046875,True,0.958,2279,7.188115244536941,7.1529248790005475,2.34,"(1.5, 2.5]"
-2.719,-2.14,12.453125,8.682578125,0.7334592938423157,8.682578125,True,1.213,2296,9.101444458896983,9.111075205567046,2.14,"(1.5, 2.5]"
-2.719,-1.94,12.4375,9.784921875,0.9228156805038452,9.784921875,True,1.4685,2296,11.018525299167534,11.463271563308657,1.94,"(1.5, 2.5]"
-2.719,-1.74,12.4375,9.76546875,0.9728235602378845,12.08476472345198,True,1.33,2296,9.979324921956296,12.084472435603743,1.74,"(1.5, 2.5]"
-2.719,-1.54,8.8828125,9.331015625,0.9728235602378845,12.08476472345198,True,1.572,3929,11.79511186264308,12.084472435603743,1.54,"(1.5, 2.5]"
-2.719,-1.34,8.8828125,9.86921875,1.0052000284194946,12.48695687477633,True,1.699,2255,12.748024843912592,12.486654859318065,1.34,"(1.0, 1.5]"
-2.719,-1.14,17.140625,12.67046875,1.1452794075012207,14.227073385108332,True,1.941,2255,14.563811784599377,14.226729282367266,1.14,"(1.0, 1.5]"
-2.719,-0.94,15.933270676691729,17.455937499999997,1.5032742023468018,18.67421369374909,True,3.297,2255,24.738221253902186,18.673762030364408,0.94,"(0.5, 1.0]"
-2.719,-0.74,15.933270676691729,15.458749999999998,1.5531537532806396,19.293835444479996,True,2.666,2255,20.00366935483871,19.293368794629924,0.74,"(0.5, 1.0]"
-2.719,-0.54,18.328125,15.393906249999999,1.5531537532806396,19.293835444479996,True,2.547,2255,19.11078238813736,19.293368794629924,0.54,"(0.5, 1.0]"
-2.719,-0.34,18.328125,17.02796875,1.605224609375,19.940678377329192,True,2.704,3355,20.288792924037462,19.94019608262932,0.34,"(-0.001, 0.5]"
-2.719,-0.14,5.044760338345864,11.600546875,1.7223714590072632,21.39591874543184,True,3.129,2255,23.477674947970865,21.395401253598585,0.14,"(-0.001, 0.5]"
-2.719,0.06,5.044760338345864,12.7353125,2.3496201038360596,29.18782737684546,True,4.002,2255,30.02801378772112,29.187121426216386,0.06,"(-0.001, 0.5]"
-2.719,0.26,12.140625,16.08125,2.0052294731140137,24.909682895826258,True,3.129,2255,23.477674947970865,24.909080418427603,0.26,"(-0.001, 0.5]"
-2.519,-5.34,2.513671875,1.9064062499999999,0.164000004529953,1.9064062499999999,True,0.271,1681,2.033381243496358,2.0372178627093316,5.34,"(2.5, 6.0]"
-2.519,-5.14,2.513671875,1.6308203124999998,0.1679999977350235,1.6308203124999998,True,0.221,1681,1.6582186524453695,2.0869060174837255,5.14,"(2.5, 6.0]"
-2.519,-4.94,2.26171875,1.6956640625,0.21699999272823334,1.6956640625,True,0.24,1681,1.800780437044745,2.6955868852614033,4.94,"(2.5, 6.0]"
-2.519,-4.74,2.26171875,1.9809765625,0.19699999690055847,1.9809765625,True,0.289,2993,2.1684397762747136,2.4471457411832045,4.74,"(2.5, 6.0]"
-2.519,-4.54,2.26171875,2.17064453125,0.19699999690055847,2.17064453125,True,0.323,1640,2.4235503381893864,2.4471457411832045,4.54,"(2.5, 6.0]"
-2.519,-4.34,2.26171875,1.9193749999999998,0.19599999487400055,1.9193749999999998,True,0.288,1640,2.1609365244536938,2.4347236562138272,4.34,"(2.5, 6.0]"
-2.519,-4.14,2.26171875,1.97935546875,0.23800000548362732,1.97935546875,True,0.304,1680,2.2809885535900105,2.956450299412095,4.14,"(2.5, 6.0]"
-2.519,-3.94,2.26171875,2.16416015625,0.25600001215934753,2.16416015625,True,0.355,1640,2.6636543964620185,3.1800474586546548,3.94,"(2.5, 6.0]"
-2.519,-3.74,2.26171875,2.51755859375,0.28299999237060547,2.51755859375,True,0.374,2560,2.8062161810613944,3.5154428273122638,3.74,"(2.5, 6.0]"
-2.519,-3.54,2.26171875,2.6326562499999997,0.28299999237060547,2.6326562499999997,True,0.386,1640,2.8962552029136317,3.5154428273122638,3.54,"(2.5, 6.0]"
-2.519,-3.34,2.26171875,2.48189453125,0.3009999990463257,2.48189453125,True,0.411,1640,3.0838364984391258,3.7390399865548236,3.34,"(2.5, 6.0]"
-2.519,-3.14,3.3984375,2.65697265625,0.33393776416778564,2.65697265625,True,0.435,1640,3.2639145421436004,4.148194874418911,3.14,"(2.5, 6.0]"
-2.519,-2.94,3.3984375,3.4658984375,0.38100001215934753,3.4658984375,True,0.532,1640,3.9917299687825185,4.732804933073851,2.94,"(2.5, 6.0]"
-2.519,-2.74,5.43359375,6.970703125,0.47391408681869507,6.970703125,True,1.075,1640,8.065995707596255,5.886989124322211,2.74,"(2.5, 6.0]"
-2.519,-2.54,5.43359375,5.4436328125,0.47391408681869507,5.4436328125,True,0.859,2721,6.445293314255983,5.886989124322211,2.54,"(2.5, 6.0]"
-2.519,-2.34,5.43359375,8.6371875,0.5758243799209595,8.6371875,True,1.199,1640,8.996398933402705,7.1529248790005475,2.34,"(1.5, 2.5]"
-2.519,-2.14,9.7890625,8.52046875,0.7334592938423157,8.52046875,True,1.381,1681,10.361990764828304,9.111075205567046,2.14,"(1.5, 2.5]"
-2.519,-1.94,12.4375,9.97296875,0.9228156805038452,9.97296875,True,1.686,1681,12.650482570239333,11.463271563308657,1.94,"(1.5, 2.5]"
-2.519,-1.74,12.4375,9.99890625,0.9728235602378845,12.08476472345198,True,1.635,1681,12.267816727367325,12.084472435603743,1.74,"(1.5, 2.5]"
-2.519,-1.54,8.8828125,10.12859375,0.9728235602378845,12.08476472345198,True,1.589,2870,11.922667143600416,12.084472435603743,1.54,"(1.5, 2.5]"
-2.519,-1.34,8.8828125,9.9340625,1.0052000284194946,12.48695687477633,True,1.582,1681,11.87014438085328,12.486654859318065,1.34,"(1.0, 1.5]"
-2.519,-1.14,17.140625,12.365703125,1.1452794075012207,14.227073385108332,True,1.936,1681,14.526295525494277,14.226729282367266,1.14,"(1.0, 1.5]"
-2.519,-0.94,15.933270676691729,13.5653125,1.5032742023468018,18.67421369374909,True,1.944,1681,14.586321540062436,18.673762030364408,0.94,"(0.5, 1.0]"
-2.519,-0.74,15.933270676691729,14.4471875,1.5531537532806396,19.293835444479996,True,2.24,1681,16.80728407908429,19.293368794629924,0.74,"(0.5, 1.0]"
-2.519,-0.54,18.328125,16.7815625,1.5531537532806396,19.293835444479996,True,3.129,1681,23.477674947970865,19.293368794629924,0.54,"(0.5, 1.0]"
-2.519,-0.34,18.328125,13.202187499999999,1.605224609375,19.940678377329192,False,3.897,2501,29.240172346514047,19.94019608262932,0.34,"(-0.001, 0.5]"
-2.519,-0.14,5.044760338345864,15.782968749999998,1.7223714590072632,21.39591874543184,True,2.686,1681,20.153734391259107,21.395401253598585,0.14,"(-0.001, 0.5]"
-2.519,0.06,5.044760338345864,12.300859375,2.3496201038360596,29.18782737684546,True,3.521,1681,26.418949661810615,29.187121426216386,0.06,"(-0.001, 0.5]"
-2.519,0.26,12.140625,16.32765625,2.0052294731140137,24.909682895826258,True,2.686,1681,20.153734391259107,24.909080418427603,0.26,"(-0.001, 0.5]"
-2.319,-5.34,2.513671875,1.85453125,0.19599999487400055,1.85453125,True,0.203,1681,1.5231601196670137,2.4347236562138272,5.34,"(2.5, 6.0]"
-2.319,-5.14,2.513671875,2.2144140625,0.1850000023841858,2.2144140625,True,0.28,1681,2.1009105098855363,2.298081091756908,5.14,"(2.5, 6.0]"
-2.319,-4.94,2.513671875,1.9485546875,0.17800000309944153,1.9485546875,True,0.312,1681,2.3410145681581684,2.2111266820743825,4.94,"(2.5, 6.0]"
-2.319,-4.74,2.513671875,2.781796875,0.20900000631809235,2.781796875,True,0.385,3034,2.888751951092612,2.596210575712616,4.74,"(2.5, 6.0]"
-2.319,-4.54,2.513671875,2.91796875,0.20900000631809235,2.91796875,True,0.394,1681,2.95628121748179,2.596210575712616,4.54,"(2.5, 6.0]"
-2.319,-4.34,2.26171875,2.1917187499999997,0.24300000071525574,2.1917187499999997,True,0.277,1681,2.0784007544224767,3.018560539155866,4.34,"(2.5, 6.0]"
-2.319,-4.14,2.26171875,2.159296875,0.22699999809265137,2.159296875,True,0.306,1722,2.2959950572320498,2.8198075498520607,4.14,"(2.5, 6.0]"
-2.319,-3.94,2.26171875,2.198203125,0.2630000114440918,2.198203125,True,0.355,1681,2.6636543964620185,3.2670018683371804,3.94,"(2.5, 6.0]"
-2.319,-3.74,2.26171875,2.3278906249999998,0.25,2.3278906249999998,True,0.326,2624,2.4460600936524455,3.1055149488383913,3.74,"(2.5, 6.0]"
-2.319,-3.54,2.26171875,2.276015625,0.25,2.276015625,True,0.371,1681,2.7837064255983353,3.1055149488383913,3.54,"(2.5, 6.0]"
-2.319,-3.34,2.26171875,2.90337890625,0.2956902086734772,2.90337890625,True,0.438,1681,3.28642429760666,3.673081453042507,3.34,"(2.5, 6.0]"
-2.319,-3.14,3.37890625,2.314921875,0.30000001192092896,2.314921875,True,0.389,1681,2.9187649583766913,3.726618086688562,3.14,"(2.5, 6.0]"
-2.319,-2.94,3.3984375,3.8549609375,0.3490000069141388,3.8549609375,True,0.564,1681,4.23183402705515,4.33529895446624,2.94,"(2.5, 6.0]"
-2.319,-2.74,5.43359375,4.445039062499999,0.5120344758033752,4.445039062499999,True,0.783,1681,5.875046175858481,6.3605228757120456,2.74,"(2.5, 6.0]"
-2.319,-2.54,5.43359375,6.147187499999999,0.5120344758033752,6.147187499999999,True,1.018,2747,7.638310353798127,6.3605228757120456,2.54,"(2.5, 6.0]"
-2.319,-2.34,9.7890625,7.4116406249999995,0.6456363797187805,7.4116406249999995,True,1.179,1640,8.84633389698231,8.020133714922292,2.34,"(1.5, 2.5]"
-2.319,-2.14,9.7890625,9.804375,0.8442370295524597,9.804375,True,1.612,1681,12.095241935483871,10.48716286255233,2.14,"(1.5, 2.5]"
-2.319,-1.94,12.453125,10.524140625,1.0267094373703003,12.754154501494414,True,1.652,1681,12.395372008324662,12.753846023467686,1.94,"(1.5, 2.5]"
-2.319,-1.74,12.4375,11.120703124999999,1.0822941064834595,13.444647285508813,True,2.011,1681,15.089039412070761,13.444322106896292,1.74,"(1.5, 2.5]"
-2.319,-1.54,8.8828125,9.538515624999999,1.0822941064834595,13.444647285508813,True,1.58,2841,11.85513787721124,13.444322106896292,1.54,"(1.5, 2.5]"
-2.319,-1.34,8.8828125,11.075312499999999,1.0631846189498901,13.207262347203605,True,1.61,1640,12.080235431841832,13.20694291009573,1.34,"(1.0, 1.5]"
-2.319,-1.14,11.546875,12.009062499999999,1.1087473630905151,13.773259168826275,True,1.82,1640,13.655918314255985,13.772926042250969,1.14,"(1.0, 1.5]"
-2.319,-0.94,15.933270676691729,13.694999999999999,1.2370892763137817,15.367568649860642,True,2.142,1640,16.07196540062435,15.367196962560465,0.94,"(0.5, 1.0]"
-2.319,-0.74,15.933270676691729,14.097031249999999,1.4781707525253296,18.362369596587946,True,2.298,1640,17.242472684703436,18.36192547561242,0.74,"(0.5, 1.0]"
-2.319,-0.54,18.328125,16.353593749999998,1.4781707525253296,18.362369596587946,True,2.487,1640,18.66058727887617,18.36192547561242,0.54,"(0.5, 1.0]"
-2.319,-0.34,18.328125,12.223046875,1.8725199699401855,23.261117639008514,True,3.176,2481,23.830327783558793,23.260555034590645,0.34,"(-0.001, 0.5]"
-2.319,-0.14,5.044760338345864,12.028515624999999,1.8321428298950195,22.75953825956546,True,3.763,1681,28.2347366024974,22.75898778658423,0.14,"(-0.001, 0.5]"
-2.319,0.06,12.140625,12.41109375,2.0543007850646973,25.51926441074158,True,3.6,1681,27.01170655567118,25.51864718971544,0.06,"(-0.001, 0.5]"
-2.319,0.26,12.140625,16.24984375,1.8105509281158447,22.491315877215463,True,2.668,1681,20.01867585848075,22.49077189158792,0.26,"(-0.001, 0.5]"
-2.119,-5.34,2.513671875,1.45412109375,0.1589999943971634,1.45412109375,True,0.238,1640,1.7857739334027054,1.9751074378624456,5.34,"(2.5, 6.0]"
-2.119,-5.14,2.513671875,2.094453125,0.21199999749660492,2.094453125,True,0.3355,1640,2.5173409859521336,2.6334766455176326,5.14,"(2.5, 6.0]"
-2.119,-4.94,2.513671875,1.8188671875,0.24300000071525574,1.8188671875,True,0.284,1640,2.130923517169615,3.018560539155866,4.94,"(2.5, 6.0]"
-2.119,-4.74,2.513671875,2.172265625,0.2799719274044037,2.172265625,True,0.316,3001,2.371027575442248,3.47782802323789,4.74,"(2.5, 6.0]"
-2.119,-4.54,2.513671875,2.38625,0.2799719274044037,2.38625,True,0.339,1681,2.5436023673257027,3.47782802323789,4.54,"(2.5, 6.0]"
-2.119,-4.34,2.513671875,2.126875,0.27900001406669617,2.126875,True,0.338,1681,2.536099115504683,3.465754857640986,4.34,"(2.5, 6.0]"
-2.119,-4.14,2.513671875,2.0344726562499997,0.24299326539039612,2.0344726562499997,True,0.308,1722,2.3110015608740895,3.0184768725477187,4.14,"(2.5, 6.0]"
-2.119,-3.94,2.513671875,2.4673046875,0.24400000274181366,2.4673046875,True,0.401,1681,3.0088039802289286,3.0309826241252433,3.94,"(2.5, 6.0]"
-2.119,-3.74,2.513671875,2.1463281249999997,0.2630000114440918,2.1463281249999997,True,0.349,2624,2.6186348855359,3.2670018683371804,3.74,"(2.5, 6.0]"
-2.119,-3.54,2.26171875,2.4040820312499998,0.2630000114440918,2.4040820312499998,True,0.362,1681,2.716177159209157,3.2670018683371804,3.54,"(2.5, 6.0]"
-2.119,-3.34,2.720703125,2.2371093749999997,0.27553167939186096,2.2371093749999997,True,0.383,1681,2.8737454474505726,3.4226709969198845,3.34,"(2.5, 6.0]"
-2.119,-3.14,3.37890625,2.6277929687499997,0.2980000078678131,2.6277929687499997,True,0.455,1681,3.413979578563996,3.7017739167498074,3.14,"(2.5, 6.0]"
-2.119,-2.94,3.3984375,3.43671875,0.3657919466495514,3.43671875,True,0.559,1681,4.194317767950053,4.543889433939508,2.94,"(2.5, 6.0]"
-2.119,-2.74,4.20703125,3.8128124999999997,0.48455244302749634,3.8128124999999997,True,0.62,1681,4.652016129032258,6.019139421272211,2.74,"(2.5, 6.0]"
-2.119,-2.54,5.43359375,6.970703125,0.48455244302749634,6.970703125,True,1.008,2747,7.56327783558793,6.019139421272211,2.54,"(2.5, 6.0]"
-2.119,-2.34,8.8828125,6.6724218749999995,0.7234171628952026,6.6724218749999995,True,1.13,1640,8.47867455775234,8.986331254469238,2.34,"(1.5, 2.5]"
-2.119,-2.14,9.7890625,11.581093749999999,0.9292647242546082,11.581093749999999,True,1.938,1681,14.541302029136316,11.543381970403486,2.14,"(1.5, 2.5]"
-2.119,-1.94,12.453125,13.014140625,1.1927359104156494,14.81659516044285,True,2.096,1681,15.72681581685744,14.81623679924867,1.94,"(1.5, 2.5]"
-2.119,-1.74,11.59375,11.665390624999999,1.2769733667373657,15.863023189284046,True,1.88,1681,14.106113423517169,15.862639518685514,1.74,"(1.5, 2.5]"
-2.119,-1.54,8.8828125,8.93546875,1.2769733667373657,15.863023189284046,True,1.439,2870,10.797179370447452,15.862639518685514,1.54,"(1.5, 2.5]"
-2.119,-1.34,10.671875,9.35046875,1.011123538017273,12.560540844935067,True,1.307,1681,9.80675013007284,12.560237049740019,1.34,"(1.0, 1.5]"
-2.119,-1.14,11.546875,13.954374999999999,1.0774086713790894,13.383958650671918,True,2.205,1681,16.544670265348596,13.383634939903487,1.14,"(1.0, 1.5]"
-2.119,-0.94,17.140625,17.33921875,1.3248571157455444,16.45785236950987,True,2.574,1681,19.31337018730489,16.457454312090814,0.94,"(0.5, 1.0]"
-2.119,-0.74,16.78125,15.471718749999999,1.395411729812622,17.334307202641266,True,2.207,1681,16.559676768990634,17.333887946870146,0.74,"(0.5, 1.0]"
-2.119,-0.54,12.511395676691729,15.91265625,1.395411729812622,17.334307202641266,True,2.545,1681,19.095775884495318,17.333887946870146,0.54,"(0.5, 1.0]"
-2.119,-0.34,11.4296875,10.77703125,1.627541184425354,20.217902912116198,True,3.701,2501,27.769534989594174,20.21741391233231,0.34,"(-0.001, 0.5]"
-2.119,-0.14,5.044760338345864,11.937734375,2.159163236618042,26.82190356047257,False,3.483,1681,26.133826092611866,26.821254833198456,0.14,"(-0.001, 0.5]"
-2.119,0.06,12.140625,12.12578125,2.3698573112487793,29.43922125774881,True,4.238,1681,31.798781217481793,29.438509226788163,0.06,"(-0.001, 0.5]"
-2.119,0.26,12.140625,15.80890625,1.6249473094940186,20.18568086327973,False,2.654,1681,19.91363033298647,20.185192642833595,0.26,"(-0.001, 0.5]"
-1.919,-5.34,3.32421875,1.783203125,0.17599999904632568,1.783203125,True,0.258,1681,1.935838969823101,2.186282512135628,5.34,"(2.5, 6.0]"
-1.919,-5.14,3.32421875,4.0689453124999995,0.23899999260902405,4.0689453124999995,True,0.385,1681,2.888751951092612,2.968872199278357,5.14,"(2.5, 6.0]"
-1.919,-4.94,3.32421875,1.7410546875,0.23800000548362732,1.7410546875,True,0.274,1681,2.0558909989594176,2.956450299412095,4.94,"(2.5, 6.0]"
-1.919,-4.74,3.32421875,2.1528125,0.2370000034570694,2.1528125,True,0.286,3034,2.1459300208116545,2.9440282144427177,4.74,"(2.5, 6.0]"
-1.919,-4.54,3.32421875,2.03123046875,0.2370000034570694,2.03123046875,True,0.319,1681,2.393537330905307,2.9440282144427177,4.54,"(2.5, 6.0]"
-1.919,-4.34,3.32421875,2.3830078125,0.24300000071525574,2.3830078125,True,0.303,1681,2.2734853017689907,3.018560539155866,4.34,"(2.5, 6.0]"
-1.919,-4.14,3.32421875,2.0798632812499998,0.26100000739097595,2.0798632812499998,True,0.33,1722,2.4760731009365244,3.242157698398426,4.14,"(2.5, 6.0]"
-1.919,-3.94,3.32421875,2.27115234375,0.2799847424030304,2.27115234375,True,0.343,1681,2.5736153746097816,3.4779872119171085,3.94,"(2.5, 6.0]"
-1.919,-3.74,2.513671875,2.7526171875,0.30787646770477295,2.7526171875,True,0.453,2624,3.3989730749219564,3.8244598914109305,3.74,"(2.5, 6.0]"
-1.919,-3.54,2.513671875,2.71046875,0.30787646770477295,2.71046875,True,0.441,1681,3.308934053069719,3.8244598914109305,3.54,"(2.5, 6.0]"
-1.919,-3.34,2.8828125,2.7850390624999997,0.29062962532043457,2.7850390624999997,True,0.438,1681,3.28642429760666,3.610218584031641,3.34,"(2.5, 6.0]"
-1.919,-3.14,3.87890625,3.0508984375,0.32899999618530273,3.0508984375,True,0.485,1681,3.639077133194589,4.086857625284925,3.14,"(2.5, 6.0]"
-1.919,-2.94,3.04296875,2.9341796875,0.36500000953674316,2.9341796875,True,0.502,1681,3.766632414151925,4.534051943770045,2.94,"(2.5, 6.0]"
-1.919,-2.74,3.90625,3.780390625,0.4050000011920929,3.780390625,True,0.559,1681,4.194317767950053,5.030934231926444,2.74,"(2.5, 6.0]"
-1.919,-2.54,5.5546875,5.01890625,0.4050000011920929,5.01890625,True,0.726,2747,5.447360822060354,5.030934231926444,2.54,"(2.5, 6.0]"
-1.919,-2.34,11.511395676691729,9.616328124999999,0.5911888480186462,9.616328124999999,True,1.5885,1640,11.918915517689907,7.3437832204338145,2.34,"(1.5, 2.5]"
-1.919,-2.14,10.171875,10.096171875,1.0226197242736816,12.703350612095424,True,1.657,1681,12.432888267429762,12.703043362835649,2.14,"(1.5, 2.5]"
-1.919,-1.94,10.9609375,12.949296875,1.2200000286102295,15.155279858512166,True,1.9,1681,14.256178459937566,15.15491330572933,1.94,"(1.5, 2.5]"
-1.919,-1.74,10.5546875,11.217968749999999,1.0954605340957642,13.608205392493964,True,1.657,1681,12.432888267429762,13.607876257987536,1.74,"(1.5, 2.5]"
-1.919,-1.54,8.90625,9.71359375,1.0954605340957642,13.608205392493964,True,1.405,2870,10.542068808532779,13.607876257987536,1.54,"(1.5, 2.5]"
-1.919,-1.34,10.5859375,9.6746875,0.9593181610107422,9.6746875,True,1.451,1681,10.887218392299689,11.91670755884406,1.34,"(1.0, 1.5]"
-1.919,-1.14,11.546875,11.483828124999999,1.0766122341156006,13.374065020069573,True,1.857,1681,13.933538631633715,13.373741548593182,1.14,"(1.0, 1.5]"
-1.919,-0.94,12.8046875,16.08125,1.3727624416351318,17.05294958552959,True,2.503,1681,18.78063930801249,17.052537134807167,0.94,"(0.5, 1.0]"
-1.919,-0.74,15.9140625,16.483281249999997,1.6440144777297974,20.422540096022328,False,2.694,1681,20.213760405827262,20.422046146786506,0.74,"(0.5, 1.0]"
-1.919,-0.54,10.784833176691729,12.696406249999999,1.6440144777297974,20.422540096022328,True,3.667,1681,27.5144244276795,20.422046146786506,0.54,"(0.5, 1.0]"
-1.919,-0.34,11.734375,11.859921875,1.9084800481796265,23.707826685461196,True,3.779,2501,28.354788631633713,23.707253276726572,0.34,"(-0.001, 0.5]"
-1.919,-0.14,12.0546875,9.454218749999999,2.220716953277588,27.586546003448294,True,3.926,1681,29.457766649323624,27.585878782169587,0.14,"(-0.001, 0.5]"
-1.919,0.06,8.7578125,13.085468749999999,2.3000338077545166,28.571848543534365,True,3.439,1681,25.803683012486992,28.571157491261353,0.06,"(-0.001, 0.5]"
-1.919,0.26,14.5546875,15.26421875,1.602491855621338,19.906731125730904,True,2.416,1681,18.127856399583766,19.90624965209535,0.26,"(-0.001, 0.5]"
-1.719,-5.34,2.83203125,1.339833984375,0.21799999475479126,1.339833984375,True,0.243,1681,1.8232901925078044,2.7080089702307806,5.34,"(2.5, 6.0]"
-1.719,-5.14,2.83203125,1.8383203124999998,0.2199999988079071,1.8383203124999998,True,0.251,1681,1.8833162070759626,2.732853140169535,5.14,"(2.5, 6.0]"
-1.719,-4.94,2.83203125,2.4867578125,0.2240000069141388,2.4867578125,True,0.333,1681,2.498582856399584,2.782541480047044,4.94,"(2.5, 6.0]"
-1.719,-4.74,2.83203125,1.591103515625,0.20900000631809235,1.591103515625,True,0.23,3034,1.7257479188345475,2.596210575712616,4.74,"(2.5, 6.0]"
-1.719,-4.54,2.83203125,2.17064453125,0.20900000631809235,2.17064453125,True,0.291,1681,2.1834462799167533,2.596210575712616,4.54,"(2.5, 6.0]"
-1.719,-4.34,2.83203125,1.83994140625,0.2329999953508377,1.83994140625,True,0.264,1681,1.9808584807492198,2.8943398745652087,4.34,"(2.5, 6.0]"
-1.719,-4.14,2.83203125,2.3505859375,0.24899999797344208,2.3505859375,True,0.347,1722,2.6036283818938606,3.093092863869014,4.14,"(2.5, 6.0]"
-1.719,-3.94,2.83203125,2.0912109375,0.25600001215934753,2.0912109375,True,0.322,1681,2.4160470863683665,3.1800474586546548,3.94,"(2.5, 6.0]"
-1.719,-3.74,2.83203125,2.5110742187499997,0.30300000309944153,2.5110742187499997,True,0.387,2624,2.9037584547346516,3.763884156493578,3.74,"(2.5, 6.0]"
-1.719,-3.54,2.83203125,2.91310546875,0.30300000309944153,2.91310546875,True,0.438,1681,3.28642429760666,3.763884156493578,3.54,"(2.5, 6.0]"
-1.719,-3.34,2.705078125,2.4608203124999997,0.3070000112056732,2.4608203124999997,True,0.398,1681,2.986294224765869,3.8135724963710875,3.34,"(2.5, 6.0]"
-1.719,-3.14,2.810546875,2.88716796875,0.32899999618530273,2.88716796875,True,0.465,1681,3.4890120967741938,4.086857625284925,3.14,"(2.5, 6.0]"
-1.719,-2.94,3.302734375,2.99578125,0.35382023453712463,2.99578125,True,0.513,1681,3.8491681841831427,4.395176110226185,2.94,"(2.5, 6.0]"
-1.719,-2.74,4.03515625,3.5501953124999996,0.4129999876022339,3.5501953124999996,True,0.564,1681,4.23183402705515,5.130310541475231,2.74,"(2.5, 6.0]"
-1.719,-2.54,7.859375,5.4047265625,0.4129999876022339,5.4047265625,True,0.826,2747,6.197686004162331,5.130310541475231,2.54,"(2.5, 6.0]"
-1.719,-2.34,5.82421875,7.450546875,0.6610000133514404,7.450546875,True,1.059,1640,7.945943678459938,8.210981690581098,2.34,"(1.5, 2.5]"
-1.719,-2.14,13.48372885338346,11.042890625,0.9430941343307495,11.042890625,True,2.28,1681,17.107414151925077,11.715171729303778,2.14,"(1.5, 2.5]"
-1.719,-1.94,9.050458176691729,12.38515625,1.1426364183425903,14.194241221647085,True,2.274,1681,17.06239464099896,14.193897913000288,1.94,"(1.5, 2.5]"
-1.719,-1.74,10.3984375,10.965078125,1.0363620519638062,12.874062757314363,True,1.63,1681,12.230300468262227,12.873751379129718,1.74,"(1.5, 2.5]"
-1.719,-1.54,11.1015625,9.99890625,1.0363620519638062,12.874062757314363,True,1.514,2841,11.359923257023933,12.873751379129718,1.54,"(1.5, 2.5]"
-1.719,-1.34,12.578125,11.30875,0.9566923379898071,11.30875,True,1.595,1640,11.967686654526535,11.884089428265987,1.34,"(1.0, 1.5]"
-1.719,-1.14,13.734375,12.74828125,1.1046438217163086,13.722283499581472,True,1.7675,1640,13.261997593652445,13.721951605927869,1.14,"(1.0, 1.5]"
-1.719,-0.94,13.495770676691729,16.2109375,1.3601781129837036,16.896622521536692,True,2.344,1640,17.587622268470344,16.896213851814743,0.94,"(0.5, 1.0]"
-1.719,-0.74,10.058270676691729,8.877109375,1.9329220056533813,24.01145348637741,True,3.675,1640,27.57445044224766,24.010872733981046,0.74,"(0.5, 1.0]"
-1.719,-0.54,11.277020676691729,11.652421875,1.9329220056533813,24.01145348637741,True,3.6805,1640,27.615718327263266,24.010872733981046,0.54,"(0.5, 1.0]"
-1.719,-0.34,11.277020676691729,13.38375,2.242926836013794,27.862445167873215,True,3.187,2481,23.91286355359001,27.86177127356653,0.34,"(-0.001, 0.5]"
-1.719,-0.14,17.59375,17.75421875,1.915149450302124,23.79067640126862,True,2.848,1681,21.369261186264307,23.790100988691496,0.14,"(-0.001, 0.5]"
-1.719,0.06,17.866541353383457,15.77,2.0232093334198,25.133035197761487,True,2.983,1681,22.38220018210198,25.13242731825818,0.06,"(-0.001, 0.5]"
-1.719,0.26,16.546875,14.473125,1.4446896314620972,17.9464550492186,True,2.228,1681,16.717245057232052,17.946020987749478,0.26,"(-0.001, 0.5]"
-1.519,-5.34,2.83203125,1.7896874999999999,0.21799999475479126,1.7896874999999999,True,0.274,1640,2.0558909989594176,2.7080089702307806,5.34,"(2.5, 6.0]"
-1.519,-5.14,2.83203125,1.95666015625,0.2199999988079071,1.95666015625,True,0.273,1640,2.0483877471383978,2.732853140169535,5.14,"(2.5, 6.0]"
-1.519,-4.94,2.83203125,1.6340625,0.2240000069141388,1.6340625,True,0.234,1640,1.7557609261186267,2.782541480047044,4.94,"(2.5, 6.0]"
-1.519,-4.74,2.83203125,1.9971875,0.20900000631809235,1.9971875,True,0.302,3001,2.265982049947971,2.596210575712616,4.74,"(2.5, 6.0]"
-1.519,-4.54,2.83203125,2.69587890625,0.20900000631809235,2.69587890625,True,0.333,1681,2.498582856399584,2.596210575712616,4.54,"(2.5, 6.0]"
-1.519,-4.34,2.83203125,2.4754101562499997,0.2329999953508377,2.4754101562499997,True,0.326,1681,2.4460600936524455,2.8943398745652087,4.34,"(2.5, 6.0]"
-1.519,-4.14,2.83203125,2.314921875,0.24899999797344208,2.314921875,True,0.331,1722,2.4835763527575443,3.093092863869014,4.14,"(2.5, 6.0]"
-1.519,-3.94,2.771484375,2.75748046875,0.25600001215934753,2.75748046875,True,0.343,1681,2.5736153746097816,3.1800474586546548,3.94,"(2.5, 6.0]"
-1.519,-3.74,2.771484375,2.54349609375,0.30300000309944153,2.54349609375,True,0.36,2601,2.7011706555671178,3.763884156493578,3.74,"(2.5, 6.0]"
-1.519,-3.54,2.771484375,2.37328125,0.30300000309944153,2.37328125,True,0.383,1640,2.8737454474505726,3.763884156493578,3.54,"(2.5, 6.0]"
-1.519,-3.34,2.66796875,2.33923828125,0.3070000112056732,2.33923828125,True,0.384,1640,2.8812486992715924,3.8135724963710875,3.34,"(2.5, 6.0]"
-1.519,-3.14,2.76953125,2.5305273437499998,0.32899999618530273,2.5305273437499998,True,0.423,1640,3.173875520291363,4.086857625284925,3.14,"(2.5, 6.0]"
-1.519,-2.94,3.078125,3.131953125,0.35382023453712463,3.131953125,True,0.485,1640,3.639077133194589,4.395176110226185,2.94,"(2.5, 6.0]"
-1.519,-2.74,3.634765625,3.5955859374999997,0.4129999876022339,3.5955859374999997,True,0.55,1640,4.126788501560875,5.130310541475231,2.74,"(2.5, 6.0]"
-1.519,-2.54,4.93359375,4.610390625,0.4129999876022339,4.610390625,True,0.722,2721,5.417347814776274,5.130310541475231,2.54,"(2.5, 6.0]"
-1.519,-2.34,6.953125,5.077265625,0.6610000133514404,5.077265625,True,0.768,1640,5.762497398543185,8.210981690581098,2.34,"(1.5, 2.5]"
-1.519,-2.14,6.66015625,6.970703125,0.9430941343307495,6.970703125,True,1.057,1681,7.930937174817898,11.715171729303778,2.14,"(1.5, 2.5]"
-1.519,-1.94,7.640625,7.541328125,1.1426364183425903,14.194241221647085,True,1.204,1681,9.033915192507804,14.193897913000288,1.94,"(1.5, 2.5]"
-1.519,-1.74,7.484375,8.189765625,1.0363620519638062,12.874062757314363,True,1.243,1681,9.326542013527577,12.873751379129718,1.74,"(1.5, 2.5]"
-1.519,-1.54,10.034833176691729,9.311562499999999,1.0363620519638062,12.874062757314363,True,1.29,2870,9.679194849115506,12.873751379129718,1.54,"(1.5, 2.5]"
-1.519,-1.34,9.421875,9.44125,0.9566923379898071,9.44125,True,1.346,1681,10.099376951092612,11.884089428265987,1.34,"(1.0, 1.5]"
-1.519,-1.14,11.8515625,12.46296875,1.1046438217163086,13.722283499581472,True,1.939,1681,14.548805280957337,13.721951605927869,1.14,"(1.0, 1.5]"
-1.519,-0.94,11.722333176691729,13.733906249999999,1.3601781129837036,16.896622521536692,True,2.235,1681,16.769767819979187,16.896213851814743,0.94,"(0.5, 1.0]"
-1.519,-0.74,7.19921875,8.060078125,1.9329220056533813,24.01145348637741,True,3.942,1681,29.57781867845994,24.010872733981046,0.74,"(0.5, 1.0]"
-1.519,-0.54,9.75716635338346,10.62140625,1.9329220056533813,24.01145348637741,True,4.439,1681,33.306934833506766,24.010872733981046,0.54,"(0.5, 1.0]"
-1.519,-0.34,10.59375,10.225859374999999,2.242926836013794,27.862445167873215,True,4.001,2501,30.020510535900108,27.86177127356653,0.34,"(-0.001, 0.5]"
-1.519,-0.14,15.2421875,16.43140625,1.915149450302124,23.79067640126862,True,2.662,1681,19.97365634755463,23.790100988691496,0.14,"(-0.001, 0.5]"
-1.519,0.06,12.578125,16.9890625,2.0232093334198,25.133035197761487,True,2.848,1681,21.369261186264307,25.13242731825818,0.06,"(-0.001, 0.5]"
-1.519,0.26,13.9453125,13.47453125,1.4446896314620972,17.9464550492186,True,1.973,1681,14.803915842872009,17.946020987749478,0.26,"(-0.001, 0.5]"
-1.319,-5.34,2.875,1.203662109375,0.1850000023841858,1.203662109375,True,0.226,1681,1.6957349115504683,2.298081091756908,5.34,"(2.5, 6.0]"
-1.319,-5.14,2.875,1.3001171875,0.23199999332427979,1.3001171875,True,0.193,1681,1.4481276014568158,2.8819177895958314,5.14,"(2.5, 6.0]"
-1.319,-4.94,2.875,2.0523046875,0.19699999690055847,2.0523046875,True,0.299,1681,2.2434722944849117,2.4471457411832045,4.94,"(2.5, 6.0]"
-1.319,-4.74,2.875,1.8075195312499999,0.2280000001192093,1.8075195312499999,True,0.28,3034,2.1009105098855363,2.832229634821438,4.74,"(2.5, 6.0]"
-1.319,-4.54,2.875,1.73294921875,0.2280000001192093,1.73294921875,True,0.266,1681,1.9958649843912593,2.832229634821438,4.54,"(2.5, 6.0]"
-1.319,-4.34,2.875,2.5191796875,0.22100000083446503,2.5191796875,True,0.366,1681,2.7461901664932364,2.7452752251389123,4.34,"(2.5, 6.0]"
-1.319,-4.14,2.875,2.2598046875,0.23893389105796814,2.2598046875,True,0.358,1722,2.686164151925078,2.9680510818585746,4.14,"(2.5, 6.0]"
-1.319,-3.94,2.548828125,2.6618359375,0.2680000066757202,2.6618359375,True,0.338,1681,2.536099115504683,3.329112108080951,3.94,"(2.5, 6.0]"
-1.319,-3.74,2.548828125,2.7720703125,0.26899999380111694,2.7720703125,True,0.3945,2624,2.9600328433923,3.341534007947213,3.74,"(2.5, 6.0]"
-1.319,-3.54,2.548828125,2.21279296875,0.26899999380111694,2.21279296875,True,0.364,1681,2.7311836628511967,3.341534007947213,3.54,"(2.5, 6.0]"
-1.319,-3.34,2.390625,2.2776367187499997,0.2720000147819519,2.2776367187499997,True,0.363,1681,2.723680411030177,3.37880044795846,3.34,"(2.5, 6.0]"
-1.319,-3.14,2.728515625,2.56294921875,0.28200000524520874,2.56294921875,True,0.402,1681,3.0163072320499484,3.503020927446002,3.14,"(2.5, 6.0]"
-1.319,-2.94,3.07421875,3.0168554687499998,0.32899999618530273,3.0168554687499998,True,0.46,1681,3.451495837669095,4.086857625284925,2.94,"(2.5, 6.0]"
-1.319,-2.74,4.1875,3.637734375,0.4000000059604645,3.637734375,True,0.534,1681,4.006736472424558,4.9688239921826725,2.74,"(2.5, 6.0]"
-1.319,-2.54,3.580078125,3.9554687499999996,0.4000000059604645,3.9554687499999996,True,0.588,2747,4.411912070759625,4.9688239921826725,2.54,"(2.5, 6.0]"
-1.319,-2.34,4.5625,6.370898437499999,0.5351533889770508,6.370898437499999,True,0.982,1640,7.368193288241415,6.647707397559031,2.34,"(1.5, 2.5]"
-1.319,-2.14,7.4140625,5.255585937499999,0.6086127161979675,5.255585937499999,True,0.784,1681,5.882549427679501,7.560223552823702,2.14,"(1.5, 2.5]"
-1.319,-1.94,6.578125,6.938281249999999,0.8006666898727417,6.938281249999999,True,0.906,1681,6.797946149843913,9.945929497747006,1.94,"(1.5, 2.5]"
-1.319,-1.74,6.43359375,6.516796875,0.7430781722068787,6.516796875,True,0.875,1681,6.5653453433923,9.23056148777588,1.74,"(1.5, 2.5]"
-1.319,-1.54,7.87890625,7.035546875,0.7430781722068787,7.035546875,True,1.007,2870,7.555774583766909,9.23056148777588,1.54,"(1.5, 2.5]"
-1.319,-1.34,11.9453125,9.97296875,0.8084240555763245,9.97296875,True,1.368,1681,10.264448491155047,10.042291958371337,1.34,"(1.0, 1.5]"
-1.319,-1.14,11.9453125,12.96875,1.0084844827651978,12.527757549878233,True,1.933,1681,14.503785770031218,12.527454547595498,1.14,"(1.0, 1.5]"
-1.319,-0.94,13.609375,14.343437499999999,1.3923200368881226,17.29590107935556,True,2.346,1681,17.602628772112386,17.29548275249314,0.94,"(0.5, 1.0]"
-1.319,-0.74,7.19921875,6.523281249999999,2.065999984741211,25.66459608374175,True,4.47,1681,33.53953563995837,25.663975347654876,0.74,"(0.5, 1.0]"
-1.319,-0.54,10.4375,11.905312499999999,2.065999984741211,25.66459608374175,True,3.482,1681,26.126322840790845,25.663975347654876,0.54,"(0.5, 1.0]"
-1.319,-0.34,9.573895676691729,15.5625,2.380500078201294,29.571429542873215,True,3.142,2501,23.57521722164412,29.57071431426031,0.34,"(-0.001, 0.5]"
-1.319,-0.14,16.100916353383457,14.94,1.788731336593628,22.22026505085252,True,3.487,1681,26.16383909989594,22.219727620988753,0.14,"(-0.001, 0.5]"
-1.319,0.06,15.31185385338346,16.185,1.8534705638885498,23.024479054516146,True,3.125,1681,23.447661940686785,23.023922173551256,0.06,"(-0.001, 0.5]"
-1.319,0.26,3.7097012745706657,14.486093749999998,1.2922966480255127,16.0533745096337,True,2.457,1681,18.435489724245578,16.0529862351079,0.26,"(-0.001, 0.5]"
-1.119,-5.34,2.875,1.886953125,0.19200000166893005,1.886953125,True,0.347,1681,2.6036283818938606,2.3850355014394333,5.34,"(2.5, 6.0]"
-1.119,-5.14,2.875,1.54814453125,0.2029999941587448,1.54814453125,True,0.221,1681,1.6582186524453695,2.5216780658963525,5.14,"(2.5, 6.0]"
-1.119,-4.94,2.875,1.71998046875,0.19599999487400055,1.71998046875,True,0.254,1681,1.905825962539022,2.4347236562138272,4.94,"(2.5, 6.0]"
-1.119,-4.74,2.875,1.7216015624999998,0.23899999260902405,1.7216015624999998,True,0.28,3034,2.1009105098855363,2.968872199278357,4.74,"(2.5, 6.0]"
-1.119,-4.54,2.875,2.04095703125,0.23899999260902405,2.04095703125,True,0.284,1681,2.130923517169615,2.968872199278357,4.54,"(2.5, 6.0]"
-1.119,-4.34,2.875,1.9777343749999998,0.23399999737739563,1.9777343749999998,True,0.301,1681,2.258478798126951,2.906761959534586,4.34,"(2.5, 6.0]"
-1.119,-4.14,2.875,2.65373046875,0.2770000100135803,2.65373046875,True,0.393,1681,2.94877796566077,3.4409106877022313,4.14,"(2.5, 6.0]"
-1.119,-3.94,2.875,2.755859375,0.3059443235397339,2.755859375,True,0.387,1681,2.9037584547346516,3.8004586810595717,3.94,"(2.5, 6.0]"
-1.119,-3.74,2.875,3.080078125,0.3160000145435333,3.080078125,True,0.49,2706,3.676593392299688,3.9253710759923672,3.74,"(2.5, 6.0]"
-1.119,-3.54,2.498046875,2.52890625,0.3160000145435333,2.52890625,True,0.388,1681,2.9112617065556714,3.9253710759923672,3.54,"(2.5, 6.0]"
-1.119,-3.34,2.880859375,2.8887890625,0.26499998569488525,2.8887890625,True,0.437,1681,3.27892104578564,3.291845668069704,3.34,"(2.5, 6.0]"
-1.119,-3.14,2.8671875,2.60509765625,0.2669999897480011,2.60509765625,True,0.406,1681,3.0463202393340274,3.3166898380084584,3.14,"(2.5, 6.0]"
-1.119,-2.94,3.2109375,3.2810937499999997,0.27799999713897705,3.2810937499999997,True,0.471,1681,3.534031607700312,3.453332587568493,2.94,"(2.5, 6.0]"
-1.119,-2.74,3.6875,3.2421875,0.38199999928474426,3.2421875,True,0.541,1681,4.059259235171696,4.745226832940112,2.74,"(2.5, 6.0]"
-1.119,-2.54,3.580078125,3.5339843749999997,0.38199999928474426,3.5339843749999997,True,0.557,2747,4.179311264308013,4.745226832940112,2.54,"(2.5, 6.0]"
-1.119,-2.34,3.654296875,3.5177734375,0.42049598693847656,3.5177734375,True,0.571,1681,4.284356789802289,5.223426293455968,2.34,"(1.5, 2.5]"
-1.119,-2.14,4.505697838345864,4.5033984375,0.4774342179298401,4.5033984375,True,0.617,1681,4.629506373569199,5.9307164034723385,2.14,"(1.5, 2.5]"
-1.119,-1.94,4.296875,5.0869921875,0.5655294060707092,5.0869921875,True,0.778,1681,5.8375299167533825,7.025040098241138,1.94,"(1.5, 2.5]"
-1.119,-1.74,5.69921875,5.6089843749999995,0.5923810005187988,5.6089843749999995,True,0.772,1681,5.792510405827263,7.358592210075891,1.74,"(1.5, 2.5]"
-1.119,-1.54,7.00390625,6.899375,0.5923810005187988,6.899375,True,0.945,2870,7.0905729708636835,7.358592210075891,1.54,"(1.5, 2.5]"
-1.119,-1.34,10.120770676691729,8.034140625,0.716674268245697,8.034140625,True,1.162,1681,8.718778616024974,8.902570613939309,1.34,"(1.0, 1.5]"
-1.119,-1.14,11.7421875,11.431953125,0.9486470222473145,11.431953125,True,1.834,1681,13.76096383975026,11.784150035040245,1.14,"(1.0, 1.5]"
-1.119,-0.94,16.046875,16.185,1.3581875562667847,16.871895108904155,True,2.672,1681,20.04868886576483,16.871487037251136,0.94,"(0.5, 1.0]"
-1.119,-0.74,7.57780192669173,6.6010937499999995,2.278977870941162,28.310284111070334,True,3.765,1681,28.24974310613944,28.309599385118677,0.74,"(0.5, 1.0]"
-1.119,-0.54,6.36686442669173,8.299999999999999,2.278977870941162,28.310284111070334,True,3.474,1681,26.066296826222686,28.309599385118677,0.54,"(0.5, 1.0]"
-1.119,-0.34,3.528034378711442,8.656640625,2.1573269367218018,26.799092381637287,True,3.543,2501,26.58402120187305,26.798444206085158,0.34,"(-0.001, 0.5]"
-1.119,-0.14,3.7269439697265625,13.13734375,1.9399091005325317,24.098249696056293,False,3.591,1681,26.944177289282,24.09766684436566,0.14,"(-0.001, 0.5]"
-1.119,0.06,2.9870359897613525,5.560351562499999,2.007927894592285,24.94320365953149,True,3.836,1681,28.782473985431842,24.942600371383758,0.06,"(-0.001, 0.5]"
-1.119,0.26,3.7097012745706657,9.538515624999999,1.683750033378601,20.916149482963988,False,3.1895,1640,23.93162168314256,20.915643595057546,0.26,"(-0.001, 0.5]"
-0.919,-5.34,2.875,1.6956640625,0.1860000044107437,1.6956640625,True,0.227,1681,1.7032381633714881,2.3105031767262854,5.34,"(2.5, 6.0]"
-0.919,-5.14,2.875,1.53517578125,0.20800000429153442,1.53517578125,True,0.222,1681,1.6657219042663893,2.5837884907432387,5.14,"(2.5, 6.0]"
-0.919,-4.94,2.875,1.8512890624999998,0.2029999941587448,1.8512890624999998,True,0.293,1681,2.198452783558793,2.5216780658963525,4.94,"(2.5, 6.0]"
-0.919,-4.74,2.875,1.7216015624999998,0.20399999618530273,1.7216015624999998,True,0.226,3034,1.6957349115504683,2.5341001508657297,4.74,"(2.5, 6.0]"
-0.919,-4.54,2.875,1.94369140625,0.20399999618530273,1.94369140625,True,0.283,1681,2.123420265348595,2.5341001508657297,4.54,"(2.5, 6.0]"
-0.919,-4.34,2.875,2.06689453125,0.23600000143051147,2.06689453125,True,0.302,1681,2.265982049947971,2.9316061294733404,4.34,"(2.5, 6.0]"
-0.919,-4.14,2.875,2.0798632812499998,0.23600000143051147,2.0798632812499998,True,0.317,1681,2.3785308272632677,2.9316061294733404,4.14,"(2.5, 6.0]"
-0.919,-3.94,2.875,3.20328125,0.3199999928474426,3.20328125,True,0.453,1681,3.3989730749219564,3.9750590456636457,3.94,"(2.5, 6.0]"
-0.919,-3.74,2.875,2.80125,0.31700000166893005,2.80125,True,0.388,2706,2.9112617065556714,3.937792975858629,3.74,"(2.5, 6.0]"
-0.919,-3.54,2.78515625,3.00875,0.31700000166893005,3.00875,True,0.443,1681,3.323940556711759,3.937792975858629,3.54,"(2.5, 6.0]"
-0.919,-3.34,2.294921875,2.3230273437499998,0.3070000112056732,2.3230273437499998,True,0.34,1681,2.5511056191467225,3.8135724963710875,3.34,"(2.5, 6.0]"
-0.919,-3.14,2.611328125,2.90013671875,0.2919999957084656,2.90013671875,True,0.423,1681,3.173875520291363,3.627241406933544,3.14,"(2.5, 6.0]"
-0.919,-2.94,3.244140625,2.5516015624999997,0.3105161190032959,2.5516015624999997,True,0.431,1681,3.2339015348595215,3.857249797680065,2.94,"(2.5, 6.0]"
-0.919,-2.74,3.1953125,3.13681640625,0.35100001096725464,3.13681640625,True,0.493,1681,3.6991031477627474,4.360143124404995,2.74,"(2.5, 6.0]"
-0.919,-2.54,3.146484375,3.21787109375,0.35100001096725464,3.21787109375,True,0.504,2747,3.781638917793965,4.360143124404995,2.54,"(2.5, 6.0]"
-0.919,-2.34,3.650390625,2.8369140625,0.3715503215789795,2.8369140625,True,0.441,1681,3.308934053069719,4.615420311636929,2.34,"(1.5, 2.5]"
-0.919,-2.14,4.29296875,3.9749218749999997,0.4000000059604645,3.9749218749999997,True,0.559,1681,4.194317767950053,4.9688239921826725,2.14,"(1.5, 2.5]"
-0.919,-1.94,4.4375,3.9554687499999996,0.4672594964504242,3.9554687499999996,True,0.586,1681,4.396905567117586,5.804325404853967,1.94,"(1.5, 2.5]"
-0.919,-1.74,4.33984375,4.882734375,0.47224894165992737,4.882734375,True,0.625,1681,4.689532388137357,5.866304591592055,1.74,"(1.5, 2.5]"
-0.919,-1.54,8.375,5.6965234375,0.47224894165992737,5.6965234375,True,0.793,2870,5.9500786940686785,5.866304591592055,1.54,"(1.5, 2.5]"
-0.919,-1.34,7.5078125,9.084609375,0.6044827699661255,9.084609375,True,1.22,1681,9.153967221644121,7.508921113780165,1.34,"(1.0, 1.5]"
-0.919,-1.14,13.234375,15.212343749999999,0.9700714349746704,12.050576831983483,True,2.348,1681,17.617635275754424,12.050285371019793,1.14,"(1.0, 1.5]"
-0.919,-0.94,14.41341635338346,13.954374999999999,1.397085428237915,17.355098487427515,True,2.134,1681,16.01193938605619,17.354678728788524,0.94,"(0.5, 1.0]"
-0.919,-0.74,16.569666353383457,11.29578125,1.6707215309143066,20.75430473185474,True,2.552,1681,19.148298647242456,20.753802758402166,0.74,"(0.5, 1.0]"
-0.919,-0.54,16.578125,12.586171875,1.6707215309143066,20.75430473185474,True,3.292,1681,24.700704994797086,20.753802758402166,0.54,"(0.5, 1.0]"
-0.919,-0.34,3.2644627309383307,14.94,1.953747034072876,24.27014949158852,True,3.0995,2460,23.25632901925078,24.269562482247945,0.34,"(-0.001, 0.5]"
-0.919,-0.14,3.8913679122924805,11.470859375,2.133796215057373,26.506785280215812,False,4.21,1640,31.588690166493237,26.506144174541802,0.14,"(-0.001, 0.5]"
-0.919,0.06,3.4803078174591064,12.77421875,2.4304511547088623,30.191939810047977,False,4.05,1640,30.38816987513007,30.191209573479608,0.06,"(-0.001, 0.5]"
-0.919,0.26,2.8774197101593018,17.80609375,1.9771627187728882,24.561027562396127,True,3.159,1600,23.702772502601455,24.56043351774064,0.26,"(-0.001, 0.5]"
-0.919,0.46,3.608403003305421,15.938593749999999,1.9771627187728882,24.561027562396127,True,2.739,1640,20.551406737773153,24.56043351774064,0.46,"(-0.001, 0.5]"
-0.919,0.66,3.0520052658884147,17.05390625,1.6390655040740967,20.361062162411137,True,2.832,3116,21.249209157127993,20.36056970010976,0.66,"(0.5, 1.0]"
-0.919,0.86,8.961108207702637,11.8015625,1.1581429243087769,14.386868624953749,True,1.699,1681,12.748024843912592,14.386520657329264,0.86,"(0.5, 1.0]"
-0.919,1.06,7.536099910736084,8.805781249999999,0.8375430107116699,8.805781249999999,True,1.21,1681,9.078934703433923,10.404009360240815,1.06,"(1.0, 1.5]"
-0.919,1.26,7.536099910736084,8.014687499999999,0.649651288986206,8.014687499999999,True,0.975,1681,7.315670525494276,8.070007157915171,1.26,"(1.0, 1.5]"
-0.919,1.46,7.536099910736084,6.1958203124999995,0.649651288986206,6.1958203124999995,True,0.884,1681,6.632874609781478,8.070007157915171,1.46,"(1.0, 1.5]"
-0.919,1.66,7.536099910736084,5.3074609375,0.5692399740219116,5.3074609375,True,0.797,1681,5.980091701352758,7.071132995205696,1.66,"(1.5, 2.5]"
-0.919,1.86,7.536099910736084,4.6719921875,0.5561236143112183,4.6719921875,True,0.761,2173,5.709974635796046,6.9082007905820975,1.86,"(1.5, 2.5]"
-0.919,2.06,7.536099910736084,4.607148437499999,0.5349043011665344,4.607148437499999,True,0.748,1681,5.612432362122789,6.6446132138825025,2.06,"(1.5, 2.5]"
-0.919,2.26,7.536099910736084,5.3139453125,0.5916150212287903,5.3139453125,True,0.831,1681,6.235202263267429,7.349077169533402,2.26,"(1.5, 2.5]"
-0.919,2.46,7.536099910736084,4.34453125,0.5916150212287903,4.34453125,True,0.661,1681,4.959649453694069,7.349077169533402,2.46,"(1.5, 2.5]"
-0.919,2.66,7.536099910736084,3.890625,0.5180000066757202,3.890625,True,0.602,1681,4.516957596253902,6.434627056919343,2.66,"(2.5, 6.0]"
-0.719,-5.34,2.875,2.0604101562499997,0.17599999904632568,2.0604101562499997,True,0.272,1681,2.040884495317378,2.186282512135628,5.34,"(2.5, 6.0]"
-0.719,-5.14,2.875,2.2922265625,0.2160000056028366,2.2922265625,True,0.316,1681,2.371027575442248,2.6831649853951416,5.14,"(2.5, 6.0]"
-0.719,-4.94,2.875,1.77671875,0.2070000022649765,1.77671875,True,0.271,1681,2.033381243496358,2.5713664057738614,4.94,"(2.5, 6.0]"
-0.719,-4.74,2.875,2.09931640625,0.2029999941587448,2.09931640625,True,0.298,3034,2.235969042663892,2.5216780658963525,4.74,"(2.5, 6.0]"
-0.719,-4.54,2.875,1.7037695312499999,0.2029999941587448,1.7037695312499999,True,0.268,1681,2.010871488033299,2.5216780658963525,4.54,"(2.5, 6.0]"
-0.719,-4.34,3.83203125,2.0328515625,0.21199999749660492,2.0328515625,True,0.321,1681,2.4085438345473467,2.6334766455176326,4.34,"(2.5, 6.0]"
-0.719,-4.14,3.83203125,2.172265625,0.2409999966621399,2.172265625,True,0.368,1681,2.7611966701352757,2.9937163692171116,4.14,"(2.5, 6.0]"
-0.719,-3.94,3.83203125,2.9422851562499996,0.28991928696632385,2.9422851562499996,True,0.421,1681,3.1588690166493234,3.6013947185219446,3.94,"(2.5, 6.0]"
-0.719,-3.74,3.83203125,2.39111328125,0.29899999499320984,2.39111328125,True,0.385,2706,2.888751951092612,3.714195816616069,3.74,"(2.5, 6.0]"
-0.719,-3.54,3.83203125,3.9100781249999996,0.29899999499320984,3.9100781249999996,True,0.485,1681,3.639077133194589,3.714195816616069,3.54,"(2.5, 6.0]"
-0.719,-3.34,2.58984375,2.6067187499999998,0.3230000138282776,2.6067187499999998,True,0.373,1681,2.7987129292403745,4.012325485674893,3.34,"(2.5, 6.0]"
-0.719,-3.14,1.8671875,2.76720703125,0.2669999897480011,2.76720703125,True,0.397,1681,2.978790972944849,3.3166898380084584,3.14,"(2.5, 6.0]"
-0.719,-2.94,2.15234375,2.3116796875,0.2809999883174896,2.3116796875,True,0.397,1681,2.978790972944849,3.4905986573735093,2.94,"(2.5, 6.0]"
-0.719,-2.74,2.767578125,2.9536328125,0.27900001406669617,2.9536328125,True,0.441,1681,3.308934053069719,3.465754857640986,2.74,"(2.5, 6.0]"
-0.719,-2.54,3.326171875,3.4464453125,0.27900001406669617,3.4464453125,True,0.495,2747,3.7141096514047867,3.465754857640986,2.54,"(2.5, 6.0]"
-0.719,-2.34,3.745932213345865,3.6604296874999998,0.3479999899864197,3.6604296874999998,True,0.545,1681,4.089272242455776,4.322876684393747,2.34,"(1.5, 2.5]"
-0.719,-2.14,3.21484375,3.1676171875,0.35648873448371887,3.1676171875,True,0.522,1681,3.916697450572321,4.428324376126676,2.14,"(1.5, 2.5]"
-0.719,-1.94,5.560385338345864,7.891484374999999,0.44559603929519653,7.891484374999999,True,0.915,1681,6.865475416233091,5.535220644697648,1.94,"(1.5, 2.5]"
-0.719,-1.74,4.984375,5.271796875,0.46188101172447205,5.271796875,True,0.712,1681,5.342315296566077,5.737513545979793,1.74,"(1.5, 2.5]"
-0.719,-1.54,6.77734375,6.4389843749999995,0.46188101172447205,6.4389843749999995,True,0.934,2870,7.008037200832467,5.737513545979793,1.54,"(1.5, 2.5]"
-0.719,-1.34,6.546875,8.88359375,0.608336865901947,8.88359375,True,1.192,1681,8.943876170655567,7.5567969239519694,1.34,"(1.0, 1.5]"
-0.719,-1.14,11.2734375,10.926171875,0.8712058663368225,10.926171875,True,1.66,1681,12.455398022892819,10.822171365698814,1.14,"(1.0, 1.5]"
-0.719,-0.94,4.984375,5.20046875,1.3645356893539429,16.950753905017923,True,2.791,1681,20.94157583246618,16.950343926048674,0.94,"(0.5, 1.0]"
-0.719,-0.74,2.795207977294922,5.6089843749999995,1.9937618970870972,24.767228535243444,True,3.61,1681,27.086739073881372,24.76662950331348,0.74,"(0.5, 1.0]"
-0.719,-0.54,2.438955783843994,8.81875,1.9937618970870972,24.767228535243444,True,3.724,1681,27.94210978147763,24.76662950331348,0.54,"(0.5, 1.0]"
-0.719,-0.34,3.45629100154217,7.7553125,2.3004000186920166,28.576397747726915,True,4.017,2501,30.140562565036426,28.57570658542469,0.34,"(-0.001, 0.5]"
-0.719,-0.14,3.8913679122924805,7.567265624999999,2.5224485397338867,31.334764468743934,False,4.591,1681,34.44742911030177,31.334006591276626,0.14,"(-0.001, 0.5]"
-0.719,0.06,3.3158836364746094,8.54640625,2.7784647941589355,34.51509061067001,True,4.938,1681,37.05105749219563,34.514255812327036,0.06,"(-0.001, 0.5]"
-0.719,0.26,3.4803078174591064,7.100390624999999,2.3439266681671143,29.117101467914463,False,4.3605,1640,32.717929565556716,29.116397227895746,0.26,"(-0.001, 0.5]"
-0.719,0.46,3.608403003305421,13.552343749999999,2.3439266681671143,29.117101467914463,False,3.93,1681,29.487779656607703,29.116397227895746,0.46,"(-0.001, 0.5]"
-0.719,0.66,3.6173274517059326,12.190624999999999,2.2818214893341064,28.345608563156603,False,3.471,3157,26.043787070759628,28.344922982830997,0.66,"(0.5, 1.0]"
-0.719,0.86,8.961108207702637,11.71078125,1.3603334426879883,16.8985520830806,True,1.826,1681,13.700937825182104,16.898143366689364,0.86,"(0.5, 1.0]"
-0.719,1.06,7.727927207946777,9.888671875,0.8889224529266357,9.888671875,True,1.412,1681,10.594591571279917,11.042247863687034,1.06,"(1.0, 1.5]"
-0.719,1.26,7.727927207946777,6.6173046875,0.7033697366714478,6.6173046875,True,1.039,1681,7.795878642039542,8.737300927174815,1.26,"(1.0, 1.5]"
-0.719,1.46,7.727927207946777,6.691875,0.7033697366714478,6.691875,True,0.964,1681,7.233134755463059,8.737300927174815,1.46,"(1.0, 1.5]"
-0.719,1.66,7.727927207946777,5.168046875,0.5863668918609619,5.168046875,True,0.776,1681,5.822523413111343,7.283884592712487,1.66,"(1.5, 2.5]"
-0.719,1.86,7.727927207946777,5.4695703125,0.5509999990463257,5.4695703125,True,0.842,2173,6.317738033298647,6.844554935393215,1.86,"(1.5, 2.5]"
-0.719,2.06,7.727927207946777,5.4306640625,0.5659999847412109,5.4306640625,True,0.895,1681,6.715410379812695,7.0308856546245275,2.06,"(1.5, 2.5]"
-0.719,2.26,7.727927207946777,4.9021875,0.546999990940094,4.9021875,True,0.817,1681,6.130156737773153,6.794866595515706,2.26,"(1.5, 2.5]"
-0.719,2.46,7.727927207946777,4.441796875,0.546999990940094,4.441796875,True,0.723,1681,5.424851066597294,6.794866595515706,2.46,"(1.5, 2.5]"
-0.719,2.66,7.727927207946777,4.3575,0.46299999952316284,4.3575,True,0.689,1681,5.169740504682622,5.751413679325401,2.66,"(2.5, 6.0]"
-0.619,-1.34,6.974447838345864,8.060078125,0.608336865901947,8.060078125,True,1.029,1681,7.720846123829344,7.5567969239519694,1.34,"(1.0, 1.5]"
-0.619,-1.24,9.0625,9.266171875,0.8712058663368225,9.266171875,True,1.199,1681,8.996398933402705,10.822171365698814,1.24,"(1.0, 1.5]"
-0.619,-1.14,11.2734375,10.264765624999999,0.8712058663368225,10.264765624999999,True,1.42,1681,10.654617585848074,10.822171365698814,1.14,"(1.0, 1.5]"
-0.619,-1.04,12.1875,12.85203125,0.8712058663368225,12.85203125,True,1.812,1681,13.595892299687826,10.822171365698814,1.04,"(1.0, 1.5]"
-0.519,-5.34,3.15234375,1.57083984375,0.17599999904632568,1.57083984375,True,0.216,1681,1.6207023933402707,2.186282512135628,5.34,"(2.5, 6.0]"
-0.519,-5.14,3.15234375,1.7475390625,0.2160000056028366,1.7475390625,True,0.266,1681,1.9958649843912593,2.6831649853951416,5.14,"(2.5, 6.0]"
-0.519,-4.94,3.15234375,1.4176464843749998,0.2070000022649765,1.4176464843749998,True,0.252,1681,1.8908194588969824,2.5713664057738614,4.94,"(2.5, 6.0]"
-0.519,-4.74,3.15234375,2.1301171875,0.2029999941587448,2.1301171875,True,0.2795,3034,2.0971588839750264,2.5216780658963525,4.74,"(2.5, 6.0]"
-0.519,-4.54,3.15234375,1.72484375,0.2029999941587448,1.72484375,True,0.272,1681,2.040884495317378,2.5216780658963525,4.54,"(2.5, 6.0]"
-0.519,-4.34,3.15234375,1.582998046875,0.21199999749660492,1.582998046875,True,0.287,1681,2.1534332726326744,2.6334766455176326,4.34,"(2.5, 6.0]"
-0.519,-4.14,3.15234375,1.91775390625,0.2409999966621399,1.91775390625,True,0.312,1681,2.3410145681581684,2.9937163692171116,4.14,"(2.5, 6.0]"
-0.519,-3.94,3.15234375,2.314921875,0.28991928696632385,2.314921875,True,0.379,1681,2.843732440166493,3.6013947185219446,3.94,"(2.5, 6.0]"
-0.519,-3.74,3.15234375,2.7493749999999997,0.29899999499320984,2.7493749999999997,True,0.422,2706,3.1663722684703433,3.714195816616069,3.74,"(2.5, 6.0]"
-0.519,-3.54,2.3828125,3.7868749999999998,0.29899999499320984,3.7868749999999998,True,0.452,1681,3.3914698231009366,3.714195816616069,3.54,"(2.5, 6.0]"
-0.519,-3.34,2.041015625,2.06365234375,0.3230000138282776,2.06365234375,True,0.337,1681,2.528595863683663,4.012325485674893,3.34,"(2.5, 6.0]"
-0.519,-3.14,1.8671875,2.0604101562499997,0.2669999897480011,2.0604101562499997,True,0.326,1681,2.4460600936524455,3.3166898380084584,3.14,"(2.5, 6.0]"
-0.519,-2.94,2.35546875,1.9825976562499998,0.2809999883174896,1.9825976562499998,True,0.349,1681,2.6186348855359,3.4905986573735093,2.94,"(2.5, 6.0]"
-0.519,-2.74,3.15234375,3.015234375,0.27900001406669617,3.015234375,True,0.462,1681,3.4665023413111347,3.465754857640986,2.74,"(2.5, 6.0]"
-0.519,-2.54,3.3828125,2.8498828124999998,0.27900001406669617,2.8498828124999998,True,0.481,2706,3.60906412591051,3.465754857640986,2.54,"(2.5, 6.0]"
-0.519,-2.34,2.880859375,3.3037890625,0.3479999899864197,3.3037890625,True,0.46,1640,3.451495837669095,4.322876684393747,2.34,"(1.5, 2.5]"
-0.519,-2.14,4.3671875,3.9911328124999996,0.35648873448371887,3.9911328124999996,True,0.5865,1640,4.400657193028096,4.428324376126676,2.14,"(1.5, 2.5]"
-0.519,-1.94,4.625,4.059218749999999,0.44559603929519653,4.059218749999999,True,0.574,1640,4.306866545265349,5.535220644697648,1.94,"(1.5, 2.5]"
-0.519,-1.74,4.4296875,4.766015625,0.46188101172447205,4.766015625,True,0.6194999999999999,1640,4.648264503121748,5.737513545979793,1.74,"(1.5, 2.5]"
-0.519,-1.54,4.48046875,6.247695312499999,0.46188101172447205,6.247695312499999,True,0.773,2829,5.800013657648283,5.737513545979793,1.54,"(1.5, 2.5]"
-0.519,-1.44,6.96484375,6.296328125,0.608336865901947,6.296328125,True,0.851,2561,6.3852672996878255,7.5567969239519694,1.44,"(1.0, 1.5]"
-0.519,-1.34,7.87109375,8.481562499999999,0.608336865901947,8.481562499999999,True,1.115,1681,8.366125780437045,7.5567969239519694,1.34,"(1.0, 1.5]"
-0.519,-1.24,4.357235431671143,9.836796875,0.8712058663368225,9.836796875,True,1.256,1681,9.424084287200833,10.822171365698814,1.24,"(1.0, 1.5]"
-0.519,-1.14,9.706708176691729,9.2078125,0.8712058663368225,9.2078125,True,1.301,1681,9.761730619146721,10.822171365698814,1.14,"(1.0, 1.5]"
-0.519,-1.04,2.5793630198428503,10.524140625,0.8712058663368225,10.524140625,True,1.457,1681,10.932237903225808,10.822171365698814,1.04,"(1.0, 1.5]"
-0.519,-0.94,2.630783796310425,12.365703125,1.3645356893539429,16.950753905017923,True,1.775,1681,13.318271982310094,16.950343926048674,0.94,"(0.5, 1.0]"
-0.519,-0.84,2.630783796310425,11.8534375,1.3645356893539429,16.950753905017923,True,1.837,1681,13.78347359521332,16.950343926048674,0.84,"(0.5, 1.0]"
-0.519,-0.74,2.630783796310425,16.522187499999998,1.9937618970870972,24.767228535243444,True,2.587,1681,19.41091246097815,24.76662950331348,0.74,"(0.5, 1.0]"
-0.519,-0.54,3.4803078174591064,7.100390624999999,1.9937618970870972,24.767228535243444,True,3.367,1681,25.26344888137357,24.76662950331348,0.54,"(0.5, 1.0]"
-0.519,-0.34,3.8913679122924805,9.311562499999999,2.3004000186920166,28.576397747726915,True,4.007,2460,30.065530046826222,28.57570658542469,0.34,"(-0.001, 0.5]"
-0.519,-0.14,3.8913679122924805,11.8534375,2.5224485397338867,31.334764468743934,False,4.544499999999999,1640,34.09852790062435,31.334006591276626,0.14,"(-0.001, 0.5]"
-0.519,0.06,5.706805749047072,9.97296875,2.7784647941589355,34.51509061067001,False,4.637499999999999,1640,34.796330319979184,34.514255812327036,0.06,"(-0.001, 0.5]"
-0.519,0.26,3.100039026790992,6.607578125,2.3439266681671143,29.117101467914463,False,3.8815,1600,29.123871943288243,29.116397227895746,0.26,"(-0.001, 0.5]"
-0.519,0.46,3.100039026790992,13.078984375,2.3439266681671143,29.117101467914463,False,3.93,1640,29.487779656607703,29.116397227895746,0.46,"(-0.001, 0.5]"
-0.519,0.66,3.178863763809204,17.52078125,2.2818214893341064,28.345608563156603,True,2.773,3116,20.806517299687826,28.344922982830997,0.66,"(0.5, 1.0]"
-0.519,0.86,8.988511085510254,11.250390625,1.3603334426879883,16.8985520830806,True,1.692,1681,12.695502081165452,16.898143366689364,0.86,"(0.5, 1.0]"
-0.519,1.06,8.440431594848633,10.096171875,0.8889224529266357,10.096171875,True,1.428,1681,10.714643600416233,11.042247863687034,1.06,"(1.0, 1.5]"
-0.519,1.26,7.727927207946777,8.7928125,0.7033697366714478,8.7928125,True,1.203,1681,9.026411940686785,8.737300927174815,1.26,"(1.0, 1.5]"
-0.519,1.46,7.727927207946777,5.998046875,0.7033697366714478,5.998046875,True,0.912,1681,6.842965660770032,8.737300927174815,1.46,"(1.0, 1.5]"
-0.519,1.66,7.727927207946777,5.722460937499999,0.5863668918609619,5.722460937499999,True,0.86,1681,6.452796566077003,7.283884592712487,1.66,"(1.5, 2.5]"
-0.519,1.86,7.727927207946777,6.7437499999999995,0.5509999990463257,6.7437499999999995,True,1.066,2173,7.998466441207077,6.844554935393215,1.86,"(1.5, 2.5]"
-0.519,2.06,7.727927207946777,6.299570312499999,0.5659999847412109,6.299570312499999,True,1.023,1681,7.675826612903226,7.0308856546245275,2.06,"(1.5, 2.5]"
-0.519,2.26,7.727927207946777,5.9688671875,0.546999990940094,5.9688671875,True,0.841,1681,6.310234781477628,6.794866595515706,2.26,"(1.5, 2.5]"
-0.519,2.46,7.727927207946777,4.766015625,0.546999990940094,4.766015625,True,0.749,1681,5.619935613943809,6.794866595515706,2.46,"(1.5, 2.5]"
-0.519,2.66,7.727927207946777,4.0365234375,0.46299999952316284,4.0365234375,True,0.699,1681,5.2447730228928195,5.751413679325401,2.66,"(2.5, 6.0]"
-0.419,-1.44,6.3203125,6.7437499999999995,0.5428850054740906,6.7437499999999995,True,0.879,2583,6.595358350676379,6.74375,1.44,"(1.0, 1.5]"
-0.419,-1.34,4.357235431671143,8.747421874999999,0.5428850054740906,8.747421874999999,True,1.125,1681,8.441158298647244,6.74375,1.34,"(1.0, 1.5]"
-0.419,-1.24,4.357235431671143,7.528359375,0.7452515363693237,7.528359375,True,1.105,1681,8.291093262226847,9.257559147358851,1.24,"(1.0, 1.5]"
-0.419,-1.14,4.357235431671143,8.948437499999999,0.7452515363693237,8.948437499999999,True,1.231,1681,9.236502991675339,9.257559147358851,1.14,"(1.0, 1.5]"
-0.419,-1.04,2.9870359897613525,9.959999999999999,0.7452515363693237,9.959999999999999,True,1.423,1681,10.677127341311135,9.257559147358851,1.04,"(1.0, 1.5]"
-0.419,-0.94,2.630783796310425,12.2684375,0.9924999475479126,12.329191895005126,True,1.826,1681,13.700937825182104,12.328893695325448,0.94,"(0.5, 1.0]"
-0.319,-5.34,3.15234375,1.15259765625,0.16699999570846558,1.15259765625,True,0.191,1640,1.4331210978147764,2.0744839325143483,5.34,"(2.5, 6.0]"
-0.319,-5.14,3.15234375,1.2174414062499999,0.1679999977350235,1.2174414062499999,True,0.209,1640,1.5681796305931321,2.0869060174837255,5.14,"(2.5, 6.0]"
-0.319,-4.94,3.15234375,1.487353515625,0.1679999977350235,1.487353515625,True,0.233,1640,1.7482576742976068,2.0869060174837255,4.94,"(2.5, 6.0]"
-0.319,-4.74,3.15234375,1.82859375,0.21400000154972076,1.82859375,True,0.296,3001,2.220962539021852,2.658320815456387,4.74,"(2.5, 6.0]"
-0.319,-4.54,3.15234375,1.510048828125,0.21400000154972076,1.510048828125,True,0.228,1681,1.710741415192508,2.658320815456387,4.54,"(2.5, 6.0]"
-0.319,-4.34,3.15234375,1.9696289062499999,0.2029999941587448,1.9696289062499999,True,0.303,1681,2.2734853017689907,2.5216780658963525,4.34,"(2.5, 6.0]"
-0.319,-4.14,3.15234375,2.4802734374999997,0.22100000083446503,2.4802734374999997,True,0.37,1681,2.7762031737773154,2.7452752251389123,4.14,"(2.5, 6.0]"
-0.319,-3.94,3.15234375,2.4705468749999997,0.24899999797344208,2.4705468749999997,True,0.349,1681,2.6186348855359,3.093092863869014,3.94,"(2.5, 6.0]"
-0.319,-3.74,3.15234375,2.5905078125,0.30300000309944153,2.5905078125,True,0.4,2682,3.0013007284079087,3.763884156493578,3.74,"(2.5, 6.0]"
-0.319,-3.54,3.15234375,3.2065234375,0.30300000309944153,3.2065234375,True,0.457,1640,3.4289860822060354,3.763884156493578,3.54,"(2.5, 6.0]"
-0.319,-3.34,2.59765625,3.04927734375,0.3100000023841858,3.04927734375,True,0.419,1640,3.143862513007284,3.8508385661761038,3.34,"(2.5, 6.0]"
-0.319,-3.14,2.390625,2.48837890625,0.23499999940395355,2.48837890625,True,0.376,1640,2.821222684703434,2.919184044503963,3.14,"(2.5, 6.0]"
-0.319,-2.94,2.931640625,2.36193359375,0.24199999868869781,2.36193359375,True,0.41,1640,3.076333246618106,3.006138454186489,2.94,"(2.5, 6.0]"
-0.319,-2.74,3.39453125,2.9082421875,0.31334906816482544,2.9082421875,True,0.458,1640,3.4364893340270553,3.892440861561782,2.74,"(2.5, 6.0]"
-0.319,-2.54,6.0625,4.81140625,0.31334906816482544,4.81140625,True,0.762,2721,5.717477887617066,3.892440861561782,2.54,"(2.5, 6.0]"
-0.319,-2.34,2.818359375,2.71533203125,0.37237706780433655,2.71533203125,True,0.413,1681,3.0988430020811655,4.625690202683898,2.34,"(1.5, 2.5]"
-0.319,-2.14,2.904296875,3.18869140625,0.35459426045417786,3.18869140625,True,0.464,1681,3.481508844953174,4.404791106450974,2.14,"(1.5, 2.5]"
-0.319,-1.94,3.373046875,3.456171875,0.394316703081131,3.456171875,True,0.487,1681,3.6540836368366287,4.898225663980487,1.94,"(1.5, 2.5]"
-0.319,-1.74,4.6328125,4.947578125,0.4163999855518341,4.947578125,True,0.605,1681,4.5394673517169615,5.172545519309244,1.74,"(1.5, 2.5]"
-0.319,-1.54,5.98046875,6.08234375,0.4163999855518341,6.08234375,True,0.781,2841,5.860039672216441,5.172545519309244,1.54,"(1.5, 2.5]"
-0.319,-1.44,5.98046875,5.732187499999999,0.5428850054740906,5.732187499999999,True,0.786,2542,5.89755593132154,6.74375,1.44,"(1.0, 1.5]"
-0.319,-1.34,5.782243251800537,8.267578125,0.5428850054740906,8.267578125,True,0.875,1640,6.5653453433923,6.74375,1.34,"(1.0, 1.5]"
-0.319,-1.24,6.796192169189453,7.6515625,0.7452515363693237,7.6515625,True,0.951,1640,7.135592481789802,9.257559147358851,1.24,"(1.0, 1.5]"
-0.319,-1.14,6.796192169189453,7.8071874999999995,0.7452515363693237,7.8071874999999995,True,1.044,1640,7.833394901144642,9.257559147358851,1.14,"(1.0, 1.5]"
-0.319,-1.04,2.9870359897613525,9.091093749999999,0.7452515363693237,9.091093749999999,True,1.367,1640,10.256945239334028,9.257559147358851,1.04,"(1.0, 1.5]"
-0.319,-0.94,2.9870359897613525,12.2684375,0.9924999475479126,12.329191895005126,True,1.7695,1640,13.277004097294485,12.328893695325448,0.94,"(0.5, 1.0]"
-0.319,-0.84,2.5793630198428503,14.14890625,0.9924999475479126,12.329191895005126,True,2.134,1640,16.01193938605619,12.328893695325448,0.84,"(0.5, 1.0]"
-0.319,-0.74,2.5793630198428503,13.876562499999999,1.473205327987671,18.300687304194668,True,2.2895000000000003,1640,17.178695044224767,18.30024467509631,0.74,"(0.5, 1.0]"
-0.319,-0.54,2.360130937475907,16.61296875,1.473205327987671,18.300687304194668,True,2.9395,1640,22.055808727887616,18.30024467509631,0.54,"(0.5, 1.0]"
-0.319,-0.34,2.8666442838826574,6.0272265625,2.206876754760742,27.414618071562014,True,3.967,2481,29.765399973985435,27.413955008613765,0.34,"(-0.001, 0.5]"
-0.319,-0.14,2.8666442838826574,6.218515624999999,2.4554357528686523,30.50230748905158,True,3.999,1681,30.005504032258067,30.5015697457834,0.14,"(-0.001, 0.5]"
-0.319,0.06,5.706805749047072,8.734453125,2.803561210632324,34.826847337047504,False,3.916,1681,29.382734131113423,34.826004998408564,0.06,"(-0.001, 0.5]"
-0.319,0.26,2.9870359897613525,12.975234375,2.2349259853363037,27.7630557184634,True,3.2125000000000004,1640,24.10419647502602,27.76238422803705,0.26,"(-0.001, 0.5]"
-0.319,0.46,3.757735035473243,17.274375,2.2349259853363037,27.7630557184634,True,3.001,1681,22.517258714880334,27.76238422803705,0.46,"(-0.001, 0.5]"
-0.319,0.66,3.0692479610443115,13.9284375,2.062971830368042,25.626979259230335,True,2.096,3157,15.72681581685744,25.62635943296181,0.66,"(0.5, 1.0]"
-0.319,0.86,8.02937126159668,10.05078125,1.2374736070632935,15.372342944885633,True,1.432,1681,10.744656607700312,15.371971142112093,0.86,"(0.5, 1.0]"
-0.319,1.06,7.015423774719238,7.314375,0.937188446521759,7.314375,True,1.153,1681,8.651249349635796,11.641810922207808,1.06,"(1.0, 1.5]"
-0.319,1.26,7.015423774719238,7.534843749999999,0.769866943359375,7.534843749999999,True,1.143,1681,8.576216831425599,9.563333204876233,1.26,"(1.0, 1.5]"
-0.319,1.46,7.536099910736084,5.6187109374999995,0.769866943359375,5.6187109374999995,True,0.858,1681,6.4377900624349635,9.563333204876233,1.46,"(1.0, 1.5]"
-0.319,1.66,7.536099910736084,5.70625,0.6133226752281189,5.70625,True,0.832,1681,6.242705515088449,7.618730945529908,1.66,"(1.5, 2.5]"
-0.319,1.86,7.536099910736084,6.977187499999999,0.6290000081062317,6.977187499999999,True,1.016,2173,7.623303850156088,7.813475711973488,1.86,"(1.5, 2.5]"
-0.319,2.06,7.536099910736084,5.6446484375,0.675000011920929,5.6446484375,True,0.898,1681,6.737920135275755,8.38489050994615,2.06,"(1.5, 2.5]"
-0.319,2.26,7.536099910736084,5.725703125,0.5849999785423279,5.725703125,True,0.868,1681,6.512822580645161,7.26690471373335,2.26,"(1.5, 2.5]"
-0.319,2.46,6.988019943237305,5.38203125,0.5849999785423279,5.38203125,True,0.848,1681,6.362757544224766,7.26690471373335,2.46,"(1.5, 2.5]"
-0.319,2.66,6.988019943237305,4.2894140625,0.4950000047683716,4.2894140625,True,0.7,1681,5.252276274713839,6.148919657933011,2.66,"(2.5, 6.0]"
-0.219,-1.34,2.466359853744507,6.4746484375,0.5240733623504639,6.4746484375,True,0.833,1681,6.250208766909469,6.510070644269458,1.34,"(1.0, 1.5]"
-0.219,-1.24,6.796192169189453,7.865546875,0.6099328398704529,7.865546875,True,0.95,1681,7.128089229968783,7.576622208020577,1.24,"(1.0, 1.5]"
-0.219,-1.14,3.42549991607666,8.3259375,0.6099328398704529,8.3259375,True,1.03,1681,7.728349375650365,7.576622208020577,1.14,"(1.0, 1.5]"
-0.219,-1.04,3.42549991607666,9.538515624999999,0.6099328398704529,9.538515624999999,True,1.305,1681,9.7917436264308,7.576622208020577,1.04,"(1.0, 1.5]"
-0.219,-0.24,2.8666442838826574,5.4663281249999995,2.2270429134368896,27.665129359464466,True,3.268,1681,24.520626951092613,27.664460237531458,0.24,"(-0.001, 0.5]"
-0.219,-0.14,2.8666442838826574,8.766874999999999,2.2270429134368896,27.665129359464466,True,4.242,1681,31.82879422476587,27.664460237531458,0.14,"(-0.001, 0.5]"
-0.219,-0.04,2.548572063446045,7.463515624999999,2.2270429134368896,27.665129359464466,True,4.344,1681,32.59412591050989,27.664460237531458,0.04,"(-0.001, 0.5]"
-0.219,0.06,2.548572063446045,7.774765625,2.516752004623413,31.2640000574337,True,4.076,1681,30.583254422476585,31.26324389150799,0.06,"(-0.001, 0.5]"
-0.119,-5.34,2.53125,1.279853515625,0.1509999930858612,1.279853515625,True,0.209,1640,1.5681796305931321,1.875730943210543,5.34,"(2.5, 6.0]"
-0.119,-5.14,2.53125,1.2652636718749999,0.15700000524520874,1.2652636718749999,True,0.222,1640,1.6657219042663893,1.9502634530268064,5.14,"(2.5, 6.0]"
-0.119,-4.94,2.53125,2.094453125,0.1679999977350235,2.094453125,True,0.288,1640,2.1609365244536938,2.0869060174837255,4.94,"(2.5, 6.0]"
-0.119,-4.74,2.53125,2.4089453124999998,0.20999999344348907,2.4089453124999998,True,0.324,3001,2.4310535900104058,2.608632475578878,4.74,"(2.5, 6.0]"
-0.119,-4.54,2.53125,1.87236328125,0.20999999344348907,1.87236328125,True,0.278,1681,2.0859040062434966,2.608632475578878,4.54,"(2.5, 6.0]"
-0.119,-4.34,2.53125,1.72322265625,0.19699999690055847,1.72322265625,True,0.258,1681,1.935838969823101,2.4471457411832045,4.34,"(2.5, 6.0]"
-0.119,-4.14,2.7109375,1.7848242187499999,0.23800000548362732,1.7848242187499999,True,0.299,1681,2.2434722944849117,2.956450299412095,4.14,"(2.5, 6.0]"
-0.119,-3.94,2.7109375,2.62455078125,0.260987788438797,2.62455078125,True,0.367,1681,2.753693418314256,3.242005913843822,3.94,"(2.5, 6.0]"
-0.119,-3.74,2.7109375,3.24380859375,0.30878946185112,3.24380859375,True,0.431,2706,3.2339015348595215,3.835801159289661,3.74,"(2.5, 6.0]"
-0.119,-3.54,2.7109375,3.2810937499999997,0.30878946185112,3.2810937499999997,True,0.436,1681,3.2714177939646203,3.835801159289661,3.54,"(2.5, 6.0]"
-0.119,-3.34,3.048828125,3.11736328125,0.328000009059906,3.11736328125,True,0.43,1681,3.2263982830385016,4.074435725418663,3.34,"(2.5, 6.0]"
-0.119,-3.14,3.52734375,3.475625,0.28063881397247314,3.475625,True,0.518,1681,3.8866844432882415,3.486112128063167,3.14,"(2.5, 6.0]"
-0.119,-2.94,3.01953125,4.8535546875,0.30304405093193054,4.8535546875,True,0.626,1681,4.697035639958377,3.7644313213026126,2.94,"(2.5, 6.0]"
-0.119,-2.74,3.39453125,4.824375,0.3758629560470581,4.824375,True,0.618,1681,4.637009625390219,4.6689921148749045,2.74,"(2.5, 6.0]"
-0.119,-2.54,6.0625,3.4853515625,0.3758629560470581,3.4853515625,True,0.492,2747,3.6915998959417275,4.6689921148749045,2.54,"(2.5, 6.0]"
-0.119,-2.34,3.181640625,3.7317578124999997,0.44267794489860535,3.7317578124999997,True,0.444,1681,3.3314438085327787,5.4989719016147065,2.34,"(1.5, 2.5]"
-0.119,-2.14,2.51171875,2.67966796875,0.3059999942779541,2.67966796875,True,0.39,1681,2.926268210197711,3.801150226298595,2.14,"(1.5, 2.5]"
-0.119,-1.94,3.5625197887420654,3.2713671874999997,0.29692593216896057,3.2713671874999997,True,0.461,1681,3.458999089490115,3.688431684193925,1.94,"(1.5, 2.5]"
-0.119,-1.74,4.138003826141357,5.4436328125,0.3930000066757202,5.4436328125,True,0.577,1681,4.329376300728407,4.881869582500147,1.74,"(1.5, 2.5]"
-0.119,-1.54,4.987527847290039,5.7873046875,0.3930000066757202,5.7873046875,True,0.717,2870,5.379831555671176,4.881869582500147,1.54,"(1.5, 2.5]"
-0.119,-1.44,4.43944787979126,6.4487109375,0.5240733623504639,6.4487109375,True,0.788,2583,5.91256243496358,6.510070644269458,1.44,"(1.0, 1.5]"
-0.119,-1.34,4.43944787979126,6.5459765625,0.5240733623504639,6.5459765625,True,0.773,1681,5.800013657648283,6.510070644269458,1.34,"(1.0, 1.5]"
-0.119,-1.24,4.43944787979126,6.296328125,0.6099328398704529,6.296328125,True,0.817,1681,6.130156737773153,7.576622208020577,1.24,"(1.0, 1.5]"
-0.119,-1.14,3.42549991607666,7.826640625,0.6099328398704529,7.826640625,True,0.96,1681,7.20312174817898,7.576622208020577,1.14,"(1.0, 1.5]"
-0.119,-1.04,3.42549991607666,9.084609375,0.6099328398704529,9.084609375,True,1.263,1681,9.47660704994797,7.576622208020577,1.04,"(1.0, 1.5]"
-0.119,-0.94,3.3706917762756348,10.102656249999999,0.9119212627410889,10.102656249999999,True,1.464,1681,10.984760665972946,11.327940454424136,0.94,"(0.5, 1.0]"
-0.119,-0.84,2.9048237800598145,12.09984375,0.9119212627410889,12.09984375,True,1.922,1681,14.42125,11.327940454424136,0.84,"(0.5, 1.0]"
-0.119,-0.74,2.9048237800598145,13.772812499999999,1.3952000141143799,17.33167719396745,True,2.221,1681,16.664722294484914,17.331258001806965,0.74,"(0.5, 1.0]"
-0.119,-0.54,2.0004918575286865,10.4009375,1.3952000141143799,17.33167719396745,True,3.298,1681,24.745724505723206,17.331258001806965,0.54,"(0.5, 1.0]"
-0.119,-0.34,2.438955783843994,7.171718749999999,1.9559999704360962,24.29813627870927,True,3.536,2501,26.53149843912591,24.297548592466992,0.34,"(-0.001, 0.5]"
-0.119,-0.24,2.8774197101593018,7.5542968749999995,2.2270429134368896,27.665129359464466,True,4.228,1681,31.723748699271592,27.664460237531458,0.24,"(-0.001, 0.5]"
-0.119,-0.14,2.548572063446045,5.440390625,2.2270429134368896,27.665129359464466,True,4.4,1681,33.014308012487,27.664460237531458,0.14,"(-0.001, 0.5]"
-0.119,-0.04,2.548572063446045,6.2671484374999995,2.2270429134368896,27.665129359464466,True,4.507,1681,33.817155957336105,27.664460237531458,0.04,"(-0.001, 0.5]"
-0.119,0.06,2.548572063446045,6.4227734375,2.516752004623413,31.2640000574337,True,4.263,1681,31.986362513007283,31.26324389150799,0.06,"(-0.001, 0.5]"
-0.119,0.16,2.630783796310425,6.588125,2.516752004623413,31.2640000574337,False,4.679,1681,35.10771527055151,31.26324389150799,0.16,"(-0.001, 0.5]"
-0.119,0.26,4.059179108841975,20.63328125,2.137197256088257,26.5490342371212,True,3.575,1640,26.824125260145685,26.548392109593895,0.26,"(-0.001, 0.5]"
-0.119,0.46,3.535115957260132,19.62171875,2.137197256088257,26.5490342371212,False,3.638,1681,27.296830124869928,26.548392109593895,0.46,"(-0.001, 0.5]"
-0.119,0.66,3.5418900780211713,14.641718749999999,1.9229999780654907,23.8881984852856,True,2.407,3157,18.06032713319459,23.88762071399312,0.66,"(0.5, 1.0]"
-0.119,0.86,8.745262683782363,9.233749999999999,1.13954758644104,14.155870639019131,True,1.349,1681,10.12188670655567,14.155528258421436,0.86,"(0.5, 1.0]"
-0.119,1.06,7.453887939453125,8.034140625,0.8072785139083862,8.034140625,True,1.123,1681,8.426151795005204,10.02806197127414,1.06,"(1.0, 1.5]"
-0.119,1.26,6.988019943237305,7.204140625,0.7488209009170532,7.204140625,True,1.055,1681,7.915930671175858,9.301898007202162,1.26,"(1.0, 1.5]"
-0.119,1.46,6.988019943237305,4.9378515625,0.7488209009170532,4.9378515625,True,0.72,1681,5.4023413111342355,9.301898007202162,1.46,"(1.0, 1.5]"
-0.119,1.66,6.988019943237305,5.1972265625,0.5341753959655762,5.1972265625,True,0.711,1681,5.334812044745057,6.635558709891055,1.66,"(1.5, 2.5]"
-0.119,1.86,6.988019943237305,5.427421874999999,0.5834482908248901,5.427421874999999,True,0.784,2173,5.882549427679501,7.247629556123623,1.86,"(1.5, 2.5]"
-0.119,2.06,6.988019943237305,6.289843749999999,0.6045624017715454,6.289843749999999,True,0.957,1681,7.180611992715921,7.509910304828703,2.06,"(1.5, 2.5]"
-0.119,2.26,6.988019943237305,6.2412109375,0.6019999980926514,6.2412109375,True,0.943,1681,7.075566467221644,7.478079973109647,2.26,"(1.5, 2.5]"
-0.119,2.46,6.988019943237305,5.2491015625,0.6019999980926514,5.2491015625,True,0.796,1681,5.972588449531738,7.478079973109647,2.46,"(1.5, 2.5]"
-0.119,2.66,6.988019943237305,4.4709765625,0.5370000004768372,4.4709765625,True,0.662,1681,4.967152705515089,6.6706461160281645,2.66,"(2.5, 6.0]"
-0.019,-1.44,5.593802731736262,5.2491015625,0.5240733623504639,5.2491015625,True,0.759,2583,5.694968132154006,6.510070644269458,1.44,"(1.0, 1.5]"
-0.019,-1.34,5.593802731736262,6.140703125,0.5240733623504639,6.140703125,True,0.813,1681,6.100143730489074,6.510070644269458,1.34,"(1.0, 1.5]"
-0.019,-1.24,4.631275653839111,6.3319921875,0.6099328398704529,6.3319921875,True,0.831,1681,6.235202263267429,7.576622208020577,1.24,"(1.0, 1.5]"
-0.019,-1.14,2.8155303592968703,7.450546875,0.6099328398704529,7.450546875,True,0.984,1681,7.383199791883455,7.576622208020577,1.14,"(1.0, 1.5]"
-0.019,-1.04,2.222496427091441,9.564453125,0.6099328398704529,9.564453125,True,1.375,1681,10.316971253902185,7.576622208020577,1.04,"(1.0, 1.5]"
-0.019,-0.94,2.719770017423128,11.107734375,0.9119212627410889,11.107734375,True,1.531,1681,11.48747853798127,11.327940454424136,0.94,"(0.5, 1.0]"
-0.019,-0.34,1.9182798862457275,8.70203125,1.9559999704360962,24.29813627870927,True,3.692,2460,27.702005723204998,24.297548592466992,0.34,"(-0.001, 0.5]"
-0.019,-0.24,2.8774197101593018,5.570078124999999,2.2270429134368896,27.665129359464466,True,4.195,1640,31.476141389177943,27.664460237531458,0.24,"(-0.001, 0.5]"
-0.019,-0.14,2.8774197101593018,6.5265234375,2.2270429134368896,27.665129359464466,True,4.4965,1640,33.7383718132154,27.664460237531458,0.14,"(-0.001, 0.5]"
-0.019,-0.04,2.548572063446045,5.596015625,2.2270429134368896,27.665129359464466,True,4.4665,1640,33.51327425858481,27.664460237531458,0.04,"(-0.001, 0.5]"
-0.019,0.06,2.548572063446045,4.91515625,2.516752004623413,31.2640000574337,True,4.816000000000001,1640,36.13566077003122,31.26324389150799,0.06,"(-0.001, 0.5]"
-0.019,0.16,2.630783796310425,7.4829687499999995,2.516752004623413,31.2640000574337,False,4.5095,1640,33.83591408688866,31.26324389150799,0.16,"(-0.001, 0.5]"
0.081,-5.34,2.53125,1.432236328125,0.1589999943971634,1.432236328125,True,0.231,1640,1.7332511706555673,1.9751074378624456,5.34,"(2.5, 6.0]"
0.081,-5.14,2.53125,1.535986328125,0.1589999943971634,1.535986328125,True,0.233,1640,1.7482576742976068,1.9751074378624456,5.14,"(2.5, 6.0]"
0.081,-4.94,2.53125,1.7491601562499999,0.18700000643730164,1.7491601562499999,True,0.25,1640,1.8758129552549427,2.3229252616956626,4.94,"(2.5, 6.0]"
0.081,-4.74,2.53125,2.3311328125,0.25999999046325684,2.3311328125,True,0.366,3001,2.7461901664932364,3.229735428325933,4.74,"(2.5, 6.0]"
0.081,-4.54,2.53125,2.52890625,0.25999999046325684,2.52890625,True,0.388,1681,2.9112617065556714,3.229735428325933,4.54,"(2.5, 6.0]"
0.081,-4.34,2.53125,2.3441015624999997,0.2590000033378601,2.3441015624999997,True,0.365,1681,2.7386869146722166,3.2173135284596714,4.34,"(2.5, 6.0]"
0.081,-4.14,2.53125,2.24359375,0.24400000274181366,2.24359375,True,0.34,1681,2.5511056191467225,3.0309826241252433,4.14,"(2.5, 6.0]"
0.081,-3.94,2.53125,2.4932421875,0.25600001215934753,2.4932421875,True,0.338,1681,2.536099115504683,3.1800474586546548,3.94,"(2.5, 6.0]"
0.081,-3.74,2.53125,2.23548828125,0.2804718613624573,2.23548828125,True,0.366,2682,2.7461901664932364,3.4840382327585595,3.74,"(2.5, 6.0]"
0.081,-3.54,2.53125,2.2273828124999997,0.2804718613624573,2.2273828124999997,True,0.327,1640,2.4535633454734653,3.4840382327585595,3.54,"(2.5, 6.0]"
0.081,-3.34,3.0390625,3.0768359375,0.28600001335144043,3.0768359375,True,0.447,1640,3.3539535639958378,3.552709267323511,3.34,"(2.5, 6.0]"
0.081,-3.14,3.0390625,3.85171875,0.35100001096725464,3.85171875,True,0.564,1640,4.23183402705515,4.360143124404995,3.14,"(2.5, 6.0]"
0.081,-2.94,3.962890625,3.3426953124999996,0.4017840623855591,3.3426953124999996,True,0.459,1640,3.443992585848075,4.990985647773482,2.94,"(2.5, 6.0]"
0.081,-2.74,2.673828125,2.9617382812499997,0.34700000286102295,2.9617382812499997,True,0.405,1640,3.0388169875130076,4.310454784527486,2.74,"(2.5, 6.0]"
0.081,-2.54,2.673828125,2.96984375,0.34700000286102295,2.96984375,True,0.403,2680,3.023810483870968,4.310454784527486,2.54,"(2.5, 6.0]"
0.081,-2.34,2.544921875,2.6634570312499997,0.2980000078678131,2.6634570312499997,True,0.341,1640,2.5586088709677424,3.7017739167498074,2.34,"(1.5, 2.5]"
0.081,-2.14,0.0,2.7785546875,0.2535589635372162,2.7785546875,True,0.398,1640,2.986294224765869,3.149724606707174,2.14,"(1.5, 2.5]"
0.081,-1.94,2.8774197101593018,2.9212109374999997,0.2939999997615814,2.9212109374999997,True,0.398,1640,2.986294224765869,3.6520855768722984,1.94,"(1.5, 2.5]"
0.081,-1.74,4.494255542755127,3.9911328124999996,0.3720000088214874,3.9911328124999996,True,0.475,1640,3.5640446149843914,4.621006353452571,1.74,"(1.5, 2.5]"
0.081,-1.54,3.9221589977579905,4.526093749999999,0.3720000088214874,4.526093749999999,True,0.598,2829,4.486944588969823,4.621006353452571,1.54,"(1.5, 2.5]"
0.081,-1.44,5.593802731736262,4.480703125,0.46700000762939453,4.480703125,True,0.593,2561,4.449428329864724,5.80110201920291,1.44,"(1.0, 1.5]"
0.081,-1.34,5.593802731736262,6.4033203125,0.46700000762939453,6.4033203125,True,0.738,1681,5.537399843912591,5.80110201920291,1.34,"(1.0, 1.5]"
0.081,-1.24,5.891859531402588,6.481132812499999,0.571017861366272,6.481132812499999,True,0.849,1681,6.370260796045786,7.093218018106743,1.24,"(1.0, 1.5]"
0.081,-1.14,2.8155303592968703,7.1328125,0.571017861366272,7.1328125,True,0.91,1681,6.827959157127992,7.093218018106743,1.14,"(1.0, 1.5]"
0.081,-1.04,2.771191032309281,9.6228125,0.571017861366272,9.6228125,True,1.22,1681,9.153967221644121,7.093218018106743,1.04,"(1.0, 1.5]"
0.081,-0.94,2.771191032309281,12.339765625,0.8658999800682068,12.339765625,True,1.623,1681,12.177777705515089,10.756261329202726,0.94,"(0.5, 1.0]"
0.081,-0.84,2.719770017423128,13.50046875,0.8658999800682068,13.50046875,True,1.913,1681,14.353720733610823,10.756261329202726,0.84,"(0.5, 1.0]"
0.081,-0.74,2.5211679935455322,15.536562499999999,1.2748775482177734,15.836988176618304,True,3.243,1681,24.33304565556712,15.83660513571493,0.74,"(0.5, 1.0]"
0.081,-0.54,2.5211679935455322,17.98765625,1.2748775482177734,15.836988176618304,True,3.11,1681,23.33511316337149,15.83660513571493,0.54,"(0.5, 1.0]"
0.081,-0.34,1.9182798862457275,7.268984375,2.165118455886841,26.895881439588084,True,3.505,2501,26.298897632674297,26.89523092304992,0.34,"(-0.001, 0.5]"
0.081,-0.24,2.8774197101593018,9.266171875,2.5985641479492188,32.28029997452445,True,4.455,1681,33.42698686264308,32.279519227887185,0.24,"(-0.001, 0.5]"
0.081,-0.14,2.8774197101593018,7.619140625,2.5985641479492188,32.28029997452445,False,4.565,1681,34.25234456295526,32.279519227887185,0.14,"(-0.001, 0.5]"
0.081,-0.04,2.7403998374938965,6.516796875,2.5985641479492188,32.28029997452445,False,4.476,1681,33.5845551508845,32.279519227887185,0.04,"(-0.001, 0.5]"
0.081,0.06,2.7403998374938965,6.633515624999999,2.7951622009277344,34.72251181276689,False,4.717,1681,35.39283883975026,34.72167199763639,0.06,"(-0.001, 0.5]"
0.081,0.16,2.630783796310425,6.16015625,2.7951622009277344,34.72251181276689,False,4.258,1681,31.948846253902186,34.72167199763639,0.16,"(-0.001, 0.5]"
0.081,0.26,3.237058899456397,7.444062499999999,2.295114755630493,28.510742305968858,False,4.0695,1640,30.534483285639958,28.510052731640272,0.26,"(-0.001, 0.5]"
0.081,0.46,2.9045164513408688,15.290156249999999,2.295114755630493,28.510742305968858,True,2.884,1681,21.639378251821018,28.510052731640272,0.46,"(-0.001, 0.5]"
0.081,0.66,3.5625197887420654,17.002031249999998,1.8083635568618774,22.464143563501583,True,2.297,3157,17.234969432882416,22.4636002350765,0.66,"(0.5, 1.0]"
0.081,0.86,7.3990797996521,10.511171874999999,1.169161319732666,14.523743102269142,True,1.447,1681,10.85720538501561,14.523391824133666,0.86,"(0.5, 1.0]"
0.081,1.06,6.933211803436279,8.215703125,0.7411537170410156,8.215703125,True,1.063,1681,7.975956685744016,9.206655790632054,1.06,"(1.0, 1.5]"
0.081,1.26,6.933211803436279,6.866953124999999,0.6830000281333923,6.866953124999999,True,0.979,1681,7.345683532778356,8.484267189701168,1.26,"(1.0, 1.5]"
0.081,1.46,6.933211803436279,6.4681640625,0.6830000281333923,6.4681640625,True,0.879,1681,6.595358350676379,8.484267189701168,1.46,"(1.0, 1.5]"
0.081,1.66,6.933211803436279,5.2296484375,0.5405722260475159,5.2296484375,True,0.704,1681,5.282289281997919,6.715020515669626,1.66,"(1.5, 2.5]"
0.081,1.86,6.933211803436279,5.168046875,0.5120000243186951,5.168046875,True,0.751,2132,5.634942117585848,6.3600949173093095,1.86,"(1.5, 2.5]"
0.081,2.06,6.933211803436279,6.296328125,0.5347263216972351,6.296328125,True,0.812,1640,6.092640478668055,6.642402342272521,2.06,"(1.5, 2.5]"
0.081,2.26,6.933211803436279,6.614062499999999,0.6017290949821472,6.614062499999999,True,0.995,1640,7.465735561914673,7.474714798472218,2.26,"(1.5, 2.5]"
0.081,2.46,6.933211803436279,5.04484375,0.6017290949821472,5.04484375,True,0.735,1640,5.5148900884495315,7.474714798472218,2.46,"(1.5, 2.5]"
0.081,2.66,6.933211803436279,4.2958984375,0.5,4.2958984375,True,0.636,1640,4.772068158168574,6.211029897676783,2.66,"(2.5, 6.0]"
0.181,-1.34,2.795207977294922,6.7696875,0.46700000762939453,6.7696875,True,0.888,2091,6.662887617065557,5.80110201920291,1.34,"(1.0, 1.5]"
0.181,-1.24,2.795207977294922,6.970703125,0.571017861366272,6.970703125,True,0.913,2101,6.850468912591052,7.093218018106743,1.24,"(1.0, 1.5]"
0.181,-1.14,5.891859531402588,7.813671875,0.571017861366272,7.813671875,True,0.975,2091,7.315670525494276,7.093218018106743,1.14,"(1.0, 1.5]"
0.181,-1.04,5.891859531402588,9.06515625,0.571017861366272,9.06515625,True,1.255,2091,9.416581035379812,7.093218018106743,1.04,"(1.0, 1.5]"
0.181,-0.34,1.9182798862457275,9.68765625,2.165118455886841,26.895881439588084,True,3.778,3091,28.347285379812696,26.89523092304992,0.34,"(-0.001, 0.5]"
0.181,-0.24,3.041844129562378,10.407421874999999,2.5985641479492188,32.28029997452445,False,4.477,2091,33.59205840270552,32.279519227887185,0.24,"(-0.001, 0.5]"
0.181,-0.14,2.7403998374938965,6.3773828125,2.5985641479492188,32.28029997452445,True,4.426,2091,33.20939255983351,32.279519227887185,0.14,"(-0.001, 0.5]"
0.181,-0.04,2.8226118087768555,6.886406249999999,2.5985641479492188,32.28029997452445,False,4.493,2091,33.712110431841836,32.279519227887185,0.04,"(-0.001, 0.5]"
0.181,0.06,2.8226118087768555,7.949843749999999,2.7951622009277344,34.72251181276689,False,3.964,2091,29.742890218522373,34.72167199763639,0.06,"(-0.001, 0.5]"
0.181,0.16,3.343287944793701,15.108593749999999,2.7951622009277344,34.72251181276689,True,3.256,2091,24.430587929240374,34.72167199763639,0.16,"(-0.001, 0.5]"
0.281,-5.34,2.53125,1.30498046875,0.1589999943971634,1.30498046875,True,0.208,2337,1.5606763787721123,1.9751074378624456,5.34,"(2.5, 6.0]"
0.281,-5.14,2.53125,1.352802734375,0.1599999964237213,1.352802734375,True,0.221,2337,1.6582186524453695,1.9875295228318228,5.14,"(2.5, 6.0]"
0.281,-4.94,2.53125,1.9242382812499998,0.19900000095367432,1.9242382812499998,True,0.252,2337,1.8908194588969824,2.471989911121959,4.94,"(2.5, 6.0]"
0.281,-4.74,1.908203125,2.24521484375,0.24799999594688416,2.24521484375,True,0.34,4099,2.5511056191467225,3.080670778899637,4.74,"(2.5, 6.0]"
0.281,-4.54,1.908203125,3.222734375,0.24799999594688416,3.222734375,True,0.45,2255,3.3764633194588973,3.080670778899637,4.54,"(2.5, 6.0]"
0.281,-4.34,1.908203125,3.09953125,0.32199999690055847,3.09953125,True,0.443,2255,3.323940556711759,3.9999032156024,4.34,"(2.5, 6.0]"
0.281,-4.14,1.908203125,2.5824023437499997,0.29499998688697815,2.5824023437499997,True,0.395,2255,2.96378446930281,3.66450747673856,4.14,"(2.5, 6.0]"
0.281,-3.94,1.908203125,2.185234375,0.25600001215934753,2.185234375,True,0.333,2255,2.498582856399584,3.1800474586546548,3.94,"(2.5, 6.0]"
0.281,-3.74,1.908203125,2.0004296875,0.22200000286102295,2.0004296875,True,0.307,3428,2.3034983090530696,2.7576973101082896,3.74,"(2.5, 6.0]"
0.281,-3.54,1.908203125,1.8788476562499998,0.22200000286102295,1.8788476562499998,True,0.265,2050,1.9883617325702394,2.7576973101082896,3.54,"(2.5, 6.0]"
0.281,-3.34,2.513671875,2.6829101562499997,0.2527810037136078,2.6829101562499997,True,0.379,2050,2.843732440166493,3.1400607432599275,3.34,"(2.5, 6.0]"
0.281,-3.14,2.44140625,2.65373046875,0.3199857473373413,2.65373046875,True,0.377,2050,2.828725936524454,3.974882087085352,3.14,"(2.5, 6.0]"
0.281,-2.94,3.523275963345865,3.067109375,0.3247448205947876,3.067109375,True,0.443,2050,3.323940556711759,4.033999579659818,2.94,"(2.5, 6.0]"
0.281,-2.74,2.501953125,2.35220703125,0.26625972986221313,2.35220703125,True,0.343,2050,2.5736153746097816,3.307494285443099,2.74,"(2.5, 6.0]"
0.281,-2.54,0.0,2.6164453125,0.26625972986221313,2.6164453125,True,0.383,3145,2.8737454474505726,3.307494285443099,2.54,"(2.5, 6.0]"
0.281,-2.34,0.0,2.2046875,0.28299999237060547,2.2046875,True,0.336,1845,2.521092611862643,3.5154428273122638,2.34,"(1.5, 2.5]"
0.281,-2.14,0.0,2.1106640624999997,0.23786047101020813,2.1106640624999997,True,0.337,1845,2.528595863683663,2.9547169938397686,2.14,"(1.5, 2.5]"
0.281,-1.94,3.507711887359619,2.88392578125,0.2590000033378601,2.88392578125,True,0.398,1845,2.986294224765869,3.2173135284596714,1.94,"(1.5, 2.5]"
0.281,-1.74,3.9461758136749268,3.6020703125,0.338782399892807,3.6020703125,True,0.507,1845,3.804148673257024,4.208375229081832,1.74,"(1.5, 2.5]"
0.281,-1.54,3.9221589977579905,5.84890625,0.338782399892807,5.84890625,True,0.7,3150,5.252276274713839,4.208375229081832,1.54,"(1.5, 2.5]"
0.281,-1.44,5.590415954589844,5.1258984375,0.4562027156352997,5.1258984375,True,0.722,2835,5.417347814776274,5.666977412424371,1.44,"(1.0, 1.5]"
0.281,-1.34,4.960123538970947,6.7632031249999995,0.4562027156352997,6.7632031249999995,True,0.885,1845,6.640377861602498,5.666977412424371,1.34,"(1.0, 1.5]"
0.281,-1.24,5.621206563218196,6.604335937499999,0.634850263595581,6.604335937499999,True,0.976,1886,7.323173777315296,7.886147935480281,1.24,"(1.0, 1.5]"
0.281,-1.14,2.274531841278076,7.658046874999999,0.634850263595581,7.658046874999999,True,1.097,1845,8.23106724765869,7.886147935480281,1.14,"(1.0, 1.5]"
0.281,-1.04,2.274531841278076,11.179062499999999,0.634850263595581,11.179062499999999,True,1.489,1845,11.17234196149844,7.886147935480281,1.04,"(1.0, 1.5]"
0.281,-0.94,2.0827040672302246,12.469453125,0.8666451573371887,12.469453125,True,1.898,1845,14.241171956295526,10.765517965796157,0.94,"(0.5, 1.0]"
0.281,-0.84,2.0827040672302246,13.273515625,0.8666451573371887,13.273515625,True,1.895,1845,14.218662200832467,10.765517965796157,0.84,"(0.5, 1.0]"
0.281,-0.74,4.055791854858398,11.684843749999999,1.3273037672042847,16.48824555533273,True,1.978,1845,14.841432101977107,16.487846762809674,0.74,"(0.5, 1.0]"
0.281,-0.54,2.384147882461548,9.499609375,1.3273037672042847,16.48824555533273,True,3.704,1845,27.792044745057233,16.487846762809674,0.54,"(0.5, 1.0]"
0.281,-0.34,3.041844129562378,6.552460937499999,1.8690122365951538,23.21754331174104,True,4.302,2663,32.27898933402705,23.216981761232507,0.34,"(-0.001, 0.5]"
0.281,-0.14,3.507711887359619,8.488046875,2.557374954223633,31.768632971722145,True,4.369,1845,32.78170720603538,31.767864600505554,0.14,"(-0.001, 0.5]"
0.281,-0.04,3.343287944793701,10.25828125,2.557374954223633,31.768632971722145,True,4.52,1845,33.91469823100936,31.767864600505554,0.04,"(-0.001, 0.5]"
0.281,0.06,3.343287944793701,8.086015625,2.4407732486724854,30.320164579782425,True,3.955,1845,29.675360952133197,30.31943124190899,0.06,"(-0.001, 0.5]"
0.281,0.26,3.343287944793701,13.65609375,2.0269455909729004,25.179448335067086,True,3.184,1841,23.890353798126952,25.17883933299364,0.26,"(-0.001, 0.5]"
0.281,0.46,3.3706917762756348,15.095625,2.0269455909729004,25.179448335067086,True,2.548,1845,19.118285639958376,25.17883933299364,0.46,"(-0.001, 0.5]"
0.281,0.66,4.141390821987525,10.7640625,1.5328928232192993,19.042146872289432,True,1.685,3388,12.642979318418314,19.041686309898477,0.66,"(0.5, 1.0]"
0.281,0.86,7.292850555333876,8.643671874999999,1.0477935075759888,13.016068417093027,True,1.295,1804,9.716711108220604,13.01575360429218,0.86,"(0.5, 1.0]"
0.281,1.06,6.796192169189453,8.202734375,0.7515833377838135,8.202734375,True,1.113,1804,8.351119276795005,9.336213163141947,1.06,"(1.0, 1.5]"
0.281,1.26,6.631767272949219,7.528359375,0.6700000166893005,7.528359375,True,0.933,1804,7.000533949011447,8.322780270202378,1.26,"(1.0, 1.5]"
0.281,1.46,6.631767272949219,6.16015625,0.6700000166893005,6.16015625,True,0.886,1804,6.647881113423518,8.322780270202378,1.46,"(1.0, 1.5]"
0.281,1.66,6.631767272949219,5.621953125,0.6033351421356201,5.621953125,True,0.795,1804,5.965085197710718,7.494665212246815,1.66,"(1.5, 2.5]"
0.281,1.86,6.631767272949219,5.038359375,0.5099738240242004,5.038359375,True,0.769,2497,5.770000650364204,6.334925336093734,1.86,"(1.5, 2.5]"
0.281,2.06,6.631767272949219,5.232890625,0.48899999260902405,5.232890625,True,0.779,1968,5.845033168574402,6.074387148116748,2.06,"(1.5, 2.5]"
0.281,2.26,6.631767272949219,5.9105078125,0.5809999704360962,5.9105078125,True,0.9455,1968,7.094324596774194,7.21721637385584,2.26,"(1.5, 2.5]"
0.281,2.46,6.933211803436279,4.6330859375,0.5809999704360962,4.6330859375,True,0.7,1968,5.252276274713839,7.21721637385584,2.46,"(1.5, 2.5]"
0.281,2.66,6.933211803436279,3.9522265625,0.461712121963501,3.9522265625,True,0.627,1968,4.704538891779396,5.735415587270188,2.66,"(2.5, 6.0]"
0.381,-1.44,4.932719707489014,4.921640624999999,0.4562027156352997,4.921640624999999,True,0.696,2583,5.222263267429761,5.666977412424371,1.44,"(1.0, 1.5]"
0.381,-1.34,4.960123538970947,5.022148437499999,0.4562027156352997,5.022148437499999,True,0.761,1681,5.709974635796046,5.666977412424371,1.34,"(1.0, 1.5]"
0.381,-1.24,5.124547958374023,7.87203125,0.634850263595581,7.87203125,True,0.986,1722,7.398206295525495,7.886147935480281,1.24,"(1.0, 1.5]"
0.381,-1.14,2.274531841278076,8.825234374999999,0.634850263595581,8.825234374999999,True,1.07,1681,8.028479448491156,7.886147935480281,1.14,"(1.0, 1.5]"
0.381,-1.04,2.274531841278076,9.369921875,0.634850263595581,9.369921875,True,1.361,1681,10.211925728407909,7.886147935480281,1.04,"(1.0, 1.5]"
0.381,-0.94,2.0827040672302246,9.03921875,0.8666451573371887,9.03921875,True,1.683,1681,12.627972814776275,10.765517965796157,0.94,"(0.5, 1.0]"
0.381,-0.14,3.507711887359619,4.9832421875,2.557374954223633,31.768632971722145,True,4.495,1681,33.72711693548387,31.767864600505554,0.14,"(-0.001, 0.5]"
0.481,-5.34,1.908203125,1.37630859375,0.1589999943971634,1.37630859375,True,0.188,1681,1.410611342351717,1.9751074378624456,5.34,"(2.5, 6.0]"
0.481,-5.14,1.908203125,1.40548828125,0.1599999964237213,1.40548828125,True,0.215,1681,1.6131991415192508,1.9875295228318228,5.14,"(2.5, 6.0]"
0.481,-4.94,1.908203125,1.74267578125,0.19900000095367432,1.74267578125,True,0.262,1681,1.96585197710718,2.471989911121959,4.94,"(2.5, 6.0]"
0.481,-4.74,1.908203125,2.10255859375,0.24799999594688416,2.10255859375,True,0.289,2952,2.1684397762747136,3.080670778899637,4.74,"(2.5, 6.0]"
0.481,-4.54,1.908203125,2.19982421875,0.24799999594688416,2.19982421875,True,0.297,1640,2.228465790842872,3.080670778899637,4.54,"(2.5, 6.0]"
0.481,-4.34,1.908203125,2.0458203125,0.32199999690055847,2.0458203125,True,0.274,1640,2.0558909989594176,3.9999032156024,4.34,"(2.5, 6.0]"
0.481,-4.14,1.908203125,3.1692382812499997,0.29499998688697815,3.1692382812499997,True,0.399,1640,2.993797476586889,3.66450747673856,4.14,"(2.5, 6.0]"
0.481,-3.94,1.908203125,1.7896874999999999,0.25600001215934753,1.7896874999999999,True,0.274,1640,2.0558909989594176,3.1800474586546548,3.94,"(2.5, 6.0]"
0.481,-3.74,1.9677734375,1.65189453125,0.22200000286102295,1.65189453125,True,0.268,2583,2.010871488033299,2.7576973101082896,3.74,"(2.5, 6.0]"
0.481,-3.54,1.9677734375,1.88208984375,0.22200000286102295,1.88208984375,True,0.236,1681,1.770767429760666,2.7576973101082896,3.54,"(2.5, 6.0]"
0.481,-3.34,2.27734375,2.28087890625,0.2527810037136078,2.28087890625,True,0.294,1681,2.2059560353798124,3.1400607432599275,3.34,"(2.5, 6.0]"
0.481,-3.14,2.26171875,2.31654296875,0.3199857473373413,2.31654296875,True,0.317,1681,2.3785308272632677,3.974882087085352,3.14,"(2.5, 6.0]"
0.481,-2.94,2.30078125,2.51431640625,0.3247448205947876,2.51431640625,True,0.329,1681,2.468569849115505,4.033999579659818,2.94,"(2.5, 6.0]"
0.481,-2.74,0.0,3.1335742187499998,0.26625972986221313,3.1335742187499998,True,0.448,1681,3.3614568158168576,3.307494285443099,2.74,"(2.5, 6.0]"
0.481,-2.54,0.0,2.85798828125,0.26625972986221313,2.85798828125,True,0.456,2747,3.421482830385016,3.307494285443099,2.54,"(2.5, 6.0]"
0.481,-2.34,0.0,2.38625,0.28299999237060547,2.38625,True,0.388,1681,2.9112617065556714,3.5154428273122638,2.34,"(1.5, 2.5]"
0.481,-2.14,0.0,2.13984375,0.23786047101020813,2.13984375,True,0.354,1681,2.656151144640999,2.9547169938397686,2.14,"(1.5, 2.5]"
0.481,-1.94,3.237058899456397,2.807734375,0.2590000033378601,2.807734375,True,0.434,1681,3.2564112903225806,3.2173135284596714,1.94,"(1.5, 2.5]"
0.481,-1.74,3.7303310946414343,3.5826171875,0.338782399892807,3.5826171875,True,0.54,1681,4.051755983350676,4.208375229081832,1.74,"(1.5, 2.5]"
0.481,-1.54,4.165408134460449,5.025390625,0.338782399892807,5.025390625,True,0.708,2870,5.312302289281998,4.208375229081832,1.54,"(1.5, 2.5]"
0.481,-1.44,4.5524506784023195,6.80859375,0.4562027156352997,6.80859375,True,0.761,2583,5.709974635796046,5.666977412424371,1.44,"(1.0, 1.5]"
0.481,-1.34,5.124547958374023,5.9429296874999995,0.4562027156352997,5.9429296874999995,True,0.776,1681,5.822523413111343,5.666977412424371,1.34,"(1.0, 1.5]"
0.481,-1.24,6.138495922088623,7.210624999999999,0.634850263595581,7.210624999999999,True,0.961,1722,7.210625,7.886147935480281,1.24,"(1.0, 1.5]"
0.481,-1.14,2.205868131236026,8.19625,0.634850263595581,8.19625,True,1.014,1681,7.608297346514048,7.886147935480281,1.14,"(1.0, 1.5]"
0.481,-1.04,2.205868131236026,9.097578125,0.634850263595581,9.097578125,True,1.261,1681,9.461600546305931,7.886147935480281,1.04,"(1.0, 1.5]"
0.481,-0.94,2.0827040672302246,11.029921875,0.8666451573371887,11.029921875,True,1.812,1681,13.595892299687826,10.765517965796157,0.94,"(0.5, 1.0]"
0.481,-0.84,2.0827040672302246,4.2407812499999995,0.8666451573371887,4.2407812499999995,True,2.89,1681,21.68439776274714,10.765517965796157,0.84,"(0.5, 1.0]"
0.481,-0.74,2.0827040672302246,4.42234375,1.3273037672042847,16.48824555533273,True,3.209,1681,24.077935093652446,16.487846762809674,0.74,"(0.5, 1.0]"
0.481,-0.54,2.384147882461548,16.40546875,1.3273037672042847,16.48824555533273,True,3.102,1681,23.27508714880333,16.487846762809674,0.54,"(0.5, 1.0]"
0.481,-0.34,2.767803907394409,10.23234375,1.8690122365951538,23.21754331174104,True,4.052,2419,30.40317637877211,23.216981761232507,0.34,"(-0.001, 0.5]"
0.481,-0.14,3.178863763809204,5.401484375,2.557374954223633,31.768632971722145,True,4.47,1681,33.53953563995837,31.767864600505554,0.14,"(-0.001, 0.5]"
0.481,0.06,4.100131181845987,11.029921875,2.4407732486724854,30.320164579782425,True,3.636,1681,27.28182362122789,30.31943124190899,0.06,"(-0.001, 0.5]"
0.481,0.26,3.535115957260132,11.29578125,2.0269455909729004,25.179448335067086,True,3.337,1681,25.03835132674298,25.17883933299364,0.26,"(-0.001, 0.5]"
0.481,0.46,2.9938102395910966,14.058124999999999,2.0269455909729004,25.179448335067086,True,2.136,1681,16.026945889698233,25.17883933299364,0.46,"(-0.001, 0.5]"
0.481,0.66,13.839017868041992,12.54078125,1.5328928232192993,19.042146872289432,True,1.914,3116,14.361223985431842,19.041686309898477,0.66,"(0.5, 1.0]"
0.481,0.86,2.8872737561849724,11.52921875,1.0477935075759888,13.016068417093027,True,1.695,1681,12.718011836628513,13.01575360429218,0.86,"(0.5, 1.0]"
0.481,1.06,7.484679243618384,8.319453124999999,0.7515833377838135,8.319453124999999,True,1.25,1681,9.379064776274713,9.336213163141947,1.06,"(1.0, 1.5]"
0.481,1.26,7.484679243618384,7.7164062499999995,0.6700000166893005,7.7164062499999995,True,1.066,1681,7.998466441207077,8.322780270202378,1.26,"(1.0, 1.5]"
0.481,1.46,7.484679243618384,5.725703125,0.6700000166893005,5.725703125,True,0.806,1681,6.047620967741936,8.322780270202378,1.46,"(1.0, 1.5]"
0.481,1.66,7.484679243618384,5.8359375,0.6033351421356201,5.8359375,True,0.883,1681,6.625371357960458,7.494665212246815,1.66,"(1.5, 2.5]"
0.481,1.86,7.484679243618384,4.5487890625,0.5099738240242004,4.5487890625,True,0.707,2173,5.304799037460978,6.334925336093734,1.86,"(1.5, 2.5]"
0.481,2.06,7.484679243618384,4.31859375,0.48899999260902405,4.31859375,True,0.594,1681,4.456931581685744,6.074387148116748,2.06,"(1.5, 2.5]"
0.481,2.26,7.484679243618384,5.5214453125,0.5809999704360962,5.5214453125,True,0.777,1681,5.830026664932363,7.21721637385584,2.26,"(1.5, 2.5]"
0.481,2.46,7.484679243618384,5.25234375,0.5809999704360962,5.25234375,True,0.717,1681,5.379831555671176,7.21721637385584,2.46,"(1.5, 2.5]"
0.481,2.66,7.484679243618384,4.0041015625,0.461712121963501,4.0041015625,True,0.63,1681,4.727048647242456,5.735415587270188,2.66,"(2.5, 6.0]"
0.581,-1.34,5.014931678771973,5.5668359375,0.4234444499015808,5.5668359375,True,0.752,1681,5.642445369406868,5.260052276688034,1.34,"(1.0, 1.5]"
0.581,-1.24,6.138495922088623,6.5978515625,0.5873708128929138,6.5978515625,True,0.874,1722,6.55784209157128,7.296355359801207,1.24,"(1.0, 1.5]"
0.581,-1.14,3.1539325732037535,7.78125,0.5873708128929138,7.78125,True,1.084,1681,8.133524973985432,7.296355359801207,1.14,"(1.0, 1.5]"
0.581,-1.04,3.1539325732037535,8.93546875,0.5873708128929138,8.93546875,True,1.287,1681,9.656685093652445,7.296355359801207,1.04,"(1.0, 1.5]"
0.681,-5.34,1.908203125,1.29201171875,0.1340000033378601,1.29201171875,True,0.193,1640,1.4481276014568158,1.6645560540404756,5.34,"(2.5, 6.0]"
0.681,-5.14,1.908203125,1.497080078125,0.14900000393390656,1.497080078125,True,0.225,1640,1.6882316597294487,1.8508869583749037,5.14,"(2.5, 6.0]"
0.681,-4.94,1.728515625,1.474384765625,0.18700000643730164,1.474384765625,True,0.226,1640,1.6957349115504683,2.3229252616956626,4.94,"(2.5, 6.0]"
0.681,-4.74,1.728515625,1.617041015625,0.21699999272823334,1.617041015625,True,0.274,2961,2.0558909989594176,2.6955868852614033,4.74,"(2.5, 6.0]"
0.681,-4.54,1.728515625,1.8610156249999998,0.21699999272823334,1.8610156249999998,True,0.252,1681,1.8908194588969824,2.6955868852614033,4.54,"(2.5, 6.0]"
0.681,-4.34,1.728515625,2.07662109375,0.21799999475479126,2.07662109375,True,0.287,1681,2.1534332726326744,2.7080089702307806,4.34,"(2.5, 6.0]"
0.681,-4.14,1.728515625,1.9226171875,0.2720000147819519,1.9226171875,True,0.301,1681,2.258478798126951,3.37880044795846,4.14,"(2.5, 6.0]"
0.681,-3.94,1.728515625,1.4760058593749998,0.23199999332427979,1.4760058593749998,True,0.264,1681,1.9808584807492198,2.8819177895958314,3.94,"(2.5, 6.0]"
0.681,-3.74,1.728515625,1.86912109375,0.210999995470047,1.86912109375,True,0.272,2624,2.040884495317378,2.6210545605482554,3.74,"(2.5, 6.0]"
0.681,-3.54,1.728515625,1.6632421874999999,0.210999995470047,1.6632421874999999,True,0.228,1681,1.710741415192508,2.6210545605482554,3.54,"(2.5, 6.0]"
0.681,-3.34,2.301935911178589,2.08958984375,0.2150000035762787,2.08958984375,True,0.279,1681,2.0934072580645164,2.6707429004257643,3.34,"(2.5, 6.0]"
0.681,-3.14,1.9912109375,2.0441992187499998,0.23899999260902405,2.0441992187499998,True,0.279,1681,2.0934072580645164,2.968872199278357,3.14,"(2.5, 6.0]"
0.681,-2.94,0.0,1.7313281249999999,0.25169795751571655,1.7313281249999999,True,0.271,1681,2.033381243496358,3.1266070786285924,2.94,"(2.5, 6.0]"
0.681,-2.74,0.0,2.06689453125,0.289000004529953,2.06689453125,True,0.31,1681,2.326008064516129,3.5899753371285277,2.74,"(2.5, 6.0]"
0.681,-2.54,0.0,3.3524218749999997,0.289000004529953,3.3524218749999997,True,0.396,2747,2.9712877211238298,3.5899753371285277,2.54,"(2.5, 6.0]"
0.681,-2.34,0.0,2.45595703125,0.3160000145435333,2.45595703125,True,0.369,1681,2.7686999219562956,3.9253710759923672,2.34,"(1.5, 2.5]"
0.681,-2.14,0.0,2.3570703125,0.2517455518245697,2.3570703125,True,0.366,1681,2.7461901664932364,3.127198297979085,2.14,"(1.5, 2.5]"
0.681,-1.94,3.288479804992676,3.0735937499999997,0.2549999952316284,3.0735937499999997,True,0.444,1681,3.3314438085327787,3.1676251885821625,1.94,"(1.5, 2.5]"
0.681,-1.74,3.014439821243286,2.9828124999999996,0.3312344551086426,2.9828124999999996,True,0.46,1681,3.451495837669095,4.114614207640915,1.74,"(1.5, 2.5]"
0.681,-1.54,3.7303310946414343,3.8387499999999997,0.3312344551086426,3.8387499999999997,True,0.56,2870,4.201821019771073,4.114614207640915,1.54,"(1.5, 2.5]"
0.681,-1.44,4.083195686340332,4.5033984375,0.4234444499015808,4.5033984375,True,0.59,2583,4.426918574401665,5.260052276688034,1.44,"(1.0, 1.5]"
0.681,-1.34,5.425991535186768,5.9915625,0.4234444499015808,5.9915625,True,0.756,1681,5.6724583766909475,5.260052276688034,1.34,"(1.0, 1.5]"
0.681,-1.24,4.7957000732421875,6.1828515625,0.5873708128929138,6.1828515625,True,0.842,1722,6.317738033298647,7.296355359801207,1.24,"(1.0, 1.5]"
0.681,-1.14,4.7957000732421875,6.659453125,0.5873708128929138,6.659453125,True,0.967,1681,7.2556445109261185,7.296355359801207,1.14,"(1.0, 1.5]"
0.681,-1.04,1.9216670756949519,7.982265624999999,0.5873708128929138,7.982265624999999,True,1.161,1681,8.711275364203955,7.296355359801207,1.04,"(1.0, 1.5]"
0.681,-0.94,1.9216670756949519,8.8446875,0.8689014315605164,8.8446875,True,1.267,1681,9.50662005723205,10.793545539113047,0.94,"(0.5, 1.0]"
0.681,-0.84,2.8808068350741736,12.210078124999999,0.8689014315605164,12.210078124999999,True,1.686,1681,12.650482570239333,10.793545539113047,0.84,"(0.5, 1.0]"
0.681,-0.74,2.8808068350741736,11.730234375,1.430999994277954,17.776397444446634,True,1.853,1681,13.903525624349635,17.775967496071356,0.74,"(0.5, 1.0]"
0.681,-0.54,2.534101706698425,14.563906249999999,1.430999994277954,17.776397444446634,True,2.333,1681,17.505086498439127,17.775967496071356,0.54,"(0.5, 1.0]"
0.681,-0.34,3.041844129562378,6.983671875,1.9919655323028564,24.74491344475598,True,3.708,2419,27.822057752341312,24.744314952549377,0.34,"(-0.001, 0.5]"
0.681,-0.14,3.178863763809204,10.018359375,2.5958468914031982,32.246545234822335,True,3.939,1681,29.55530892299688,32.2457653045932,0.14,"(-0.001, 0.5]"
0.681,0.06,3.7029271538096262,11.328203125,2.408339500427246,29.91726087487262,True,4.324,1681,32.44406087408949,29.916537281819185,0.06,"(-0.001, 0.5]"
0.681,0.26,4.1173742444891674,17.88390625,2.065687417984009,25.660713266882095,True,2.947,1681,22.112083116545268,25.66009262470687,0.26,"(-0.001, 0.5]"
0.681,0.46,3.3439096077940516,15.406875,2.065687417984009,25.660713266882095,True,2.484,1681,18.638077523413113,25.66009262470687,0.46,"(-0.001, 0.5]"
0.681,0.66,3.0452310160586706,14.12296875,1.3732283115386963,17.058736789300575,True,2.319,3116,17.40004097294485,17.0583241986061,0.66,"(0.5, 1.0]"
0.681,0.86,8.443819067531958,9.642265625,1.1893333196640015,14.774326952347844,True,1.55,1681,11.630040322580646,14.773969613472582,0.86,"(0.5, 1.0]"
0.681,1.06,6.8235955238342285,8.137890624999999,0.7915647029876709,8.137890624999999,True,1.032,1681,7.743355879292404,9.832864072404133,1.06,"(1.0, 1.5]"
0.681,1.26,7.484679243618384,8.254609375,0.6874336004257202,8.254609375,True,1.105,1681,8.291093262226847,8.539341289823486,1.26,"(1.0, 1.5]"
0.681,1.46,7.484679243618384,4.9443359375,0.6874336004257202,4.9443359375,True,0.832,1681,6.242705515088449,8.539341289823486,1.46,"(1.0, 1.5]"
0.681,1.66,7.484679243618384,5.414453125,0.558738112449646,5.414453125,True,0.839,1681,6.295228277835588,6.940678242792487,1.66,"(1.5, 2.5]"
0.681,1.86,7.484679243618384,4.7465625,0.5519999861717224,4.7465625,True,0.759,2173,5.694968132154006,6.856976835259477,1.86,"(1.5, 2.5]"
0.681,2.06,7.484679243618384,4.1532421875,0.4449999928474426,4.1532421875,True,0.662,1681,4.967152705515089,5.527816520082841,2.06,"(1.5, 2.5]"
0.681,2.26,7.484679243618384,4.769257812499999,0.5130000114440918,4.769257812499999,True,0.798,1681,5.987594953173778,6.372516817175572,2.26,"(1.5, 2.5]"
0.681,2.46,7.484679243618384,4.2569921875,0.5130000114440918,4.2569921875,True,0.696,1681,5.222263267429761,6.372516817175572,2.46,"(1.5, 2.5]"
0.681,2.66,7.484679243618384,4.856796875,0.4819999933242798,4.856796875,True,0.725,1681,5.439857570239334,5.987432738434223,2.66,"(2.5, 6.0]"
0.781,-1.44,4.823103904724121,4.769257812499999,0.37127789855003357,4.769257812499999,True,0.635,2583,4.764564906347555,4.612036256481732,1.44,"(1.0, 1.5]"
0.781,-1.34,5.511590979153052,5.219921875,0.37127789855003357,5.219921875,True,0.743,1681,5.57491610301769,4.612036256481732,1.34,"(1.0, 1.5]"
0.781,-1.24,4.7957000732421875,6.156914062499999,0.5154587030410767,6.156914062499999,True,0.797,1722,5.980091701352758,6.403058831211651,1.24,"(1.0, 1.5]"
0.781,-1.14,5.0423359870910645,5.87484375,0.5154587030410767,5.87484375,True,0.855,1681,6.415280306971904,6.403058831211651,1.14,"(1.0, 1.5]"
0.781,-1.04,1.9216670756949519,8.526953125,0.5154587030410767,8.526953125,True,1.154,1681,8.658752601456815,6.403058831211651,1.04,"(1.0, 1.5]"
0.781,-0.94,1.9216670756949519,8.0925,0.7197272777557373,8.0925,True,1.119,1681,8.396138787721124,8.940495280628813,0.94,"(0.5, 1.0]"
0.881,-5.34,2.3293399810791016,1.0804589843749999,0.12600000202655792,1.0804589843749999,True,0.157,1681,1.178010535900104,1.565179559388573,5.34,"(2.5, 6.0]"
0.881,-5.14,2.3293399810791016,1.49302734375,0.1509999930858612,1.49302734375,True,0.227,1681,1.7032381633714881,1.875730943210543,5.14,"(2.5, 6.0]"
0.881,-4.94,2.3293399810791016,1.78158203125,0.20600000023841858,1.78158203125,True,0.275,1681,2.0633942507804375,2.558944320804484,4.94,"(2.5, 6.0]"
0.881,-4.74,2.3293399810791016,2.250078125,0.20800000429153442,2.250078125,True,0.329,2952,2.468569849115505,2.5837884907432387,4.74,"(2.5, 6.0]"
0.881,-4.54,2.3293399810791016,1.8204882812499998,0.20800000429153442,1.8204882812499998,True,0.286,1640,2.1459300208116545,2.5837884907432387,4.54,"(2.5, 6.0]"
0.881,-4.34,2.3293399810791016,2.37490234375,0.20100000500679016,2.37490234375,True,0.344,1640,2.581118626430801,2.4968340810607135,4.34,"(2.5, 6.0]"
0.881,-4.14,2.3293399810791016,1.9355859375,0.2150000035762787,1.9355859375,True,0.282,1640,2.115917013527575,2.6707429004257643,4.14,"(2.5, 6.0]"
0.881,-3.94,2.3293399810791016,1.60650390625,0.19300000369548798,1.60650390625,True,0.267,1640,2.003368236212279,2.3974575864088106,3.94,"(2.5, 6.0]"
0.881,-3.74,2.3293399810791016,1.7669921874999999,0.210999995470047,1.7669921874999999,True,0.248,2560,1.8608064516129033,2.6210545605482554,3.74,"(2.5, 6.0]"
0.881,-3.54,2.3293399810791016,1.8415625,0.210999995470047,1.8415625,True,0.2555,1640,1.9170808402705517,2.6210545605482554,3.54,"(2.5, 6.0]"
0.881,-3.34,2.466359853744507,1.7086328124999999,0.20100000500679016,1.7086328124999999,True,0.241,1640,1.8082836888657647,2.4968340810607135,3.34,"(2.5, 6.0]"
0.881,-3.14,2.8774197101593018,1.9226171875,0.21579411625862122,1.9226171875,True,0.291,1640,2.1834462799167533,2.680607415650072,3.14,"(2.5, 6.0]"
0.881,-2.94,0.0,1.8253515624999999,0.20800000429153442,1.8253515624999999,True,0.313,1640,2.3485178199791883,2.5837884907432387,2.94,"(2.5, 6.0]"
0.881,-2.74,0.0,1.9145117187499998,0.216946542263031,1.9145117187499998,True,0.317,1640,2.3785308272632677,2.6949229203865706,2.74,"(2.5, 6.0]"
0.881,-2.54,0.0,2.5613281249999997,0.216946542263031,2.5613281249999997,True,0.417,2680,3.1288560093652444,2.6949229203865706,2.54,"(2.5, 6.0]"
0.881,-2.34,0.0,2.2225195312499997,0.28299999237060547,2.2225195312499997,True,0.426,1640,3.1963852757544227,3.5154428273122638,2.34,"(1.5, 2.5]"
0.881,-2.14,3.754347801208496,3.2519140625,0.30128273367881775,3.2519140625,True,0.491,1640,3.6840966441207077,3.7425521330658573,2.14,"(1.5, 2.5]"
0.881,-1.94,4.000983715057373,3.12546875,0.3050000071525574,3.12546875,True,0.519,1640,3.8941876951092613,3.7887283264323326,1.94,"(1.5, 2.5]"
0.881,-1.74,2.9870359897613525,2.64076171875,0.27650436758995056,2.64076171875,True,0.479,1640,3.5940576222684704,3.434753787878788,1.74,"(1.5, 2.5]"
0.881,-1.54,3.9735796451568604,3.890625,0.27650436758995056,3.890625,True,0.543,2829,4.074265738813736,3.434753787878788,1.54,"(1.5, 2.5]"
0.881,-1.44,4.658679962158203,4.57796875,0.37127789855003357,4.57796875,True,0.643,2561,4.824590920915713,4.612036256481732,1.44,"(1.0, 1.5]"
0.881,-1.34,5.151951789855957,5.8975390625,0.37127789855003357,5.8975390625,True,0.735,1681,5.5148900884495315,4.612036256481732,1.34,"(1.0, 1.5]"
0.881,-1.24,5.480799674987793,5.842421874999999,0.5154587030410767,5.842421874999999,True,0.81,1722,6.077633975026015,6.403058831211651,1.24,"(1.0, 1.5]"
0.881,-1.14,5.0423359870910645,6.542734374999999,0.5154587030410767,6.542734374999999,True,0.948,1681,7.113082726326743,6.403058831211651,1.14,"(1.0, 1.5]"
0.881,-1.04,5.0423359870910645,8.993828125,0.5154587030410767,8.993828125,True,1.13,1681,8.47867455775234,6.403058831211651,1.04,"(1.0, 1.5]"
0.881,-0.94,2.1649158000946045,8.604765624999999,0.7197272777557373,8.604765624999999,True,1.12,1681,8.403642039542145,8.940495280628813,0.94,"(0.5, 1.0]"
0.881,-0.84,1.9866361582189573,8.54640625,0.7197272777557373,8.54640625,True,1.183,1681,8.87634690426639,8.940495280628813,0.84,"(0.5, 1.0]"
0.881,-0.74,3.2336716651916504,11.153125,1.0736665725708008,13.33747295119007,True,1.509,1681,11.322406997918835,13.337150364746805,0.74,"(0.5, 1.0]"
0.881,-0.54,2.0953304713830017,12.754765625,1.0736665725708008,13.33747295119007,True,2.08,1681,15.606763787721125,13.337150364746805,0.54,"(0.5, 1.0]"
0.881,-0.34,2.9313061219408993,13.05953125,1.4624181985855103,18.166685696714413,True,3.497,2419,26.23887161810614,18.166246308642453,0.34,"(-0.001, 0.5]"
0.881,-0.14,3.99728939049226,10.27125,2.396512269973755,29.770338757437948,True,4.314,1681,32.369028355879294,29.76961871791249,0.14,"(-0.001, 0.5]"
0.881,0.06,2.9870359897613525,9.493125,2.487947463989258,30.906179676885188,True,4.377,1681,32.84173322060354,30.905432165372822,0.06,"(-0.001, 0.5]"
0.881,0.26,2.4115519523620605,10.874296874999999,1.8191267251968384,22.597847517973147,True,3.497,1681,26.23887161810614,22.59730095572084,0.26,"(-0.001, 0.5]"
0.881,0.46,2.4115519523620605,15.16046875,1.8191267251968384,22.597847517973147,True,2.899,1681,21.75192702913632,22.59730095572084,0.46,"(-0.001, 0.5]"
0.881,0.66,3.0726350859591833,13.409687499999999,1.568872332572937,19.489097299042694,True,2.071,3116,15.539234521331947,19.488625926496848,0.66,"(0.5, 1.0]"
0.881,0.86,4.572773427891552,9.746015625,1.2377618551254272,15.375923666154375,True,1.544,1681,11.585020811654527,15.375551776775815,0.86,"(0.5, 1.0]"
0.881,1.06,6.8235955238342285,6.1860937499999995,0.7277143001556396,6.1860937499999995,True,0.982,1681,7.368193288241415,9.039710550467229,1.06,"(1.0, 1.5]"
0.881,1.26,6.8235955238342285,5.965624999999999,0.6542523503303528,5.965624999999999,True,0.894,1681,6.7079071279916755,8.127161817054251,1.26,"(1.0, 1.5]"
0.881,1.46,6.8235955238342285,6.2541796875,0.6542523503303528,6.2541796875,True,0.964,1681,7.233134755463059,8.127161817054251,1.46,"(1.0, 1.5]"
0.881,1.66,6.8235955238342285,5.9429296874999995,0.560621976852417,5.9429296874999995,True,0.884,1681,6.632874609781478,6.964079719050046,1.66,"(1.5, 2.5]"
0.881,1.86,7.484679243618384,5.0578125,0.5540000200271606,5.0578125,True,0.772,2173,5.792510405827263,6.881821375404463,1.86,"(1.5, 2.5]"
0.881,2.06,7.484679243618384,4.9605468749999995,0.48399999737739563,4.9605468749999995,True,0.772,1681,5.792510405827263,6.012276908372978,2.06,"(1.5, 2.5]"
0.881,2.26,7.484679243618384,4.610390625,0.5109999775886536,4.610390625,True,0.735,1681,5.5148900884495315,6.347672277030586,2.26,"(1.5, 2.5]"
0.881,2.46,7.484679243618384,5.3593359375,0.5109999775886536,5.3593359375,True,0.819,1681,6.145163241415192,6.347672277030586,2.46,"(1.5, 2.5]"
0.881,2.66,7.484679243618384,5.1096875,0.48349136114120483,5.1096875,True,0.792,1681,5.9425754422476595,6.005958598632931,2.66,"(2.5, 6.0]"
0.981,-1.44,4.360622904354468,4.7173828124999995,0.37127789855003357,4.7173828124999995,True,0.601,2583,4.509454344432882,4.612036256481732,1.44,"(1.0, 1.5]"
0.981,-1.34,4.908702871853247,4.931367187499999,0.37127789855003357,4.931367187499999,True,0.74,1681,5.552406347554631,4.612036256481732,1.34,"(1.0, 1.5]"
0.981,-1.24,5.511590979153052,6.571914062499999,0.5154587030410767,6.571914062499999,True,0.843,1722,6.325241285119667,6.403058831211651,1.24,"(1.0, 1.5]"
0.981,-1.14,1.836067795753479,6.698359375,0.5154587030410767,6.698359375,True,0.896,1681,6.722913631633715,6.403058831211651,1.14,"(1.0, 1.5]"
0.981,-1.04,5.470331339011515,7.852578125,0.5154587030410767,7.852578125,True,1.097,1681,8.23106724765869,6.403058831211651,1.04,"(1.0, 1.5]"
1.081,-5.34,2.3293399810791016,1.213388671875,0.12600000202655792,1.213388671875,True,0.164,1681,1.2305332986472426,1.565179559388573,5.34,"(2.5, 6.0]"
1.081,-5.14,2.3293399810791016,1.258779296875,0.14100000262260437,1.258779296875,True,0.182,1681,1.3655918314255984,1.751510463723001,5.14,"(2.5, 6.0]"
1.081,-4.94,2.3293399810791016,1.6300097656249999,0.16599999368190765,1.6300097656249999,True,0.25,1681,1.8758129552549427,2.062061847544971,4.94,"(2.5, 6.0]"
1.081,-4.74,2.3293399810791016,1.7021484375,0.20399999618530273,1.7021484375,True,0.246,2993,1.8457999479708638,2.5341001508657297,4.74,"(2.5, 6.0]"
1.081,-4.54,2.3293399810791016,1.587861328125,0.20399999618530273,1.587861328125,True,0.244,1681,1.830793444328824,2.5341001508657297,4.54,"(2.5, 6.0]"
1.081,-4.34,2.3293399810791016,1.9550390624999998,0.20100000500679016,1.9550390624999998,True,0.293,1681,2.198452783558793,2.4968340810607135,4.34,"(2.5, 6.0]"
1.081,-4.14,2.3293399810791016,1.70701171875,0.2226918339729309,1.70701171875,True,0.28,1681,2.1009105098855363,2.7662912775486963,4.14,"(2.5, 6.0]"
1.081,-3.94,2.3293399810791016,1.18826171875,0.17100000381469727,1.18826171875,True,0.219,1681,1.64321214880333,2.1241722723918572,3.94,"(2.5, 6.0]"
1.081,-3.74,2.3293399810791016,1.438720703125,0.17100000381469727,1.438720703125,True,0.214,2624,1.605695889698231,2.1241722723918572,3.74,"(2.5, 6.0]"
1.081,-3.54,2.466359853744507,1.4273730468749999,0.17100000381469727,1.4273730468749999,True,0.213,1681,1.5981926378772113,2.1241722723918572,3.54,"(2.5, 6.0]"
1.081,-3.34,2.466359853744507,1.6713476562499998,0.20100000500679016,1.6713476562499998,True,0.242,1681,1.8157869406867846,2.4968340810607135,3.34,"(2.5, 6.0]"
1.081,-3.14,3.041844129562378,2.5321484375,0.22499999403953552,2.5321484375,True,0.339,1681,2.5436023673257027,2.7949633799133062,3.14,"(2.5, 6.0]"
1.081,-2.94,0.0,2.4348828124999997,0.25999999046325684,2.4348828124999997,True,0.367,1681,2.753693418314256,3.229735428325933,2.94,"(2.5, 6.0]"
1.081,-2.74,0.0,2.31978515625,0.25099998712539673,2.31978515625,True,0.325,1681,2.4385568418314256,3.117936848704653,2.74,"(2.5, 6.0]"
1.081,-2.54,2.86017712435328,2.79638671875,0.25099998712539673,2.79638671875,True,0.371,2747,2.7837064255983353,3.117936848704653,2.54,"(2.5, 6.0]"
1.081,-2.34,2.9115980298895585,3.1189843749999997,0.289000004529953,3.1189843749999997,True,0.429,1681,3.2188950312174818,3.5899753371285277,2.34,"(1.5, 2.5]"
1.081,-2.14,4.192811965942383,4.211601562499999,0.34235095977783203,4.211601562499999,True,0.624,1681,4.682029136316337,4.252704093356913,2.14,"(1.5, 2.5]"
1.081,-1.94,3.5659068043070627,2.89365234375,0.3179999887943268,2.89365234375,True,0.43,1681,3.2263982830385016,3.950214875724891,1.94,"(1.5, 2.5]"
1.081,-1.74,3.288479804992676,3.13033203125,0.31535032391548157,3.13033203125,True,0.457,1681,3.4289860822060354,3.9173005801622276,1.74,"(1.5, 2.5]"
1.081,-1.54,3.8673509673068396,3.1935546875,0.31535032391548157,3.1935546875,True,0.516,2870,3.871677939646202,3.9173005801622276,1.54,"(1.5, 2.5]"
1.081,-1.44,4.000983715057373,3.663671875,0.34299999475479126,3.663671875,True,0.565,2583,4.23933727887617,4.260766444649977,1.44,"(1.0, 1.5]"
1.081,-1.34,4.71348762512207,5.1258984375,0.34299999475479126,5.1258984375,True,0.742,1681,5.5674128511966705,4.260766444649977,1.34,"(1.0, 1.5]"
1.081,-1.24,5.343779563903809,6.088828125,0.5157975554466248,6.088828125,True,0.837,1722,6.280221774193548,6.407268076055169,1.24,"(1.0, 1.5]"
1.081,-1.14,6.028879642486572,6.4227734375,0.5157975554466248,6.4227734375,True,0.881,1681,6.610364854318418,6.407268076055169,1.14,"(1.0, 1.5]"
1.081,-1.04,6.54955530166626,8.28703125,0.5157975554466248,8.28703125,True,1.068,1681,8.013472944849116,6.407268076055169,1.04,"(1.0, 1.5]"
1.081,-0.94,6.54955530166626,7.50890625,0.6427134275436401,7.50890625,True,0.943,1681,7.075566467221644,7.983824628223739,0.94,"(0.5, 1.0]"
1.081,-0.84,5.453395843505859,8.13140625,0.6427134275436401,8.13140625,True,0.978,1681,7.338180280957336,7.983824628223739,0.84,"(0.5, 1.0]"
1.081,-0.74,5.453395843505859,8.59828125,0.755278468132019,8.59828125,True,1.124,1681,8.433655046826225,9.382114293278983,0.74,"(0.5, 1.0]"
1.081,-0.54,2.712995767593384,13.47453125,0.755278468132019,13.47453125,True,2.084,1681,15.636776795005204,9.382114293278983,0.54,"(0.5, 1.0]"
1.081,-0.34,3.1514599323272705,14.680625,1.3171883821487427,16.362588598121025,True,3.049,2419,22.877414802289284,16.362192844796706,0.34,"(-0.001, 0.5]"
1.081,-0.14,3.178863763809204,10.25828125,2.134831428527832,26.5196450748799,True,3.955,1681,29.675360952133197,26.5190036581728,0.14,"(-0.001, 0.5]"
1.081,0.06,3.238602439263709,10.614921875,2.6530215740203857,32.95678973938367,True,3.886,1681,29.157636576482833,32.955992630844264,0.06,"(-0.001, 0.5]"
1.081,0.26,3.1274429873416296,14.382343749999999,2.2991936206817627,28.56141143704053,True,3.609,1681,27.079235822060355,28.56072063720432,0.26,"(-0.001, 0.5]"
1.081,0.46,2.8293860586065995,16.17203125,2.2991936206817627,28.56141143704053,False,2.989,1681,22.427219693028096,28.56072063720432,0.46,"(-0.001, 0.5]"
1.081,0.66,3.43012299394249,11.898828125,1.6390266418457031,20.360579401809975,True,1.814,3116,13.610898803329865,20.360086951184876,0.66,"(0.5, 1.0]"
1.081,0.86,7.316867351531982,11.081796875,1.2134658098220825,15.074109438783633,True,1.645,1681,12.342849245577524,15.073744849227047,0.86,"(0.5, 1.0]"
1.081,1.06,7.316867351531982,7.56078125,0.7455700039863586,7.56078125,True,1.102,1681,8.268583506763788,9.261515171140543,1.06,"(1.0, 1.5]"
1.081,1.26,6.768787860870361,6.78265625,0.6095591187477112,6.78265625,True,0.964,1681,7.233134755463059,7.571979821887092,1.26,"(1.0, 1.5]"
1.081,1.46,6.768787860870361,6.4876171875,0.6095591187477112,6.4876171875,True,0.922,1681,6.91799817898023,7.571979821887092,1.46,"(1.0, 1.5]"
1.081,1.66,6.768787860870361,5.9818359375,0.6589999794960022,5.9818359375,True,0.911,1681,6.835462408949012,8.186137150436112,1.66,"(1.5, 2.5]"
1.081,1.86,6.768787860870361,6.228242187499999,0.5979999899864197,6.228242187499999,True,0.995,2173,7.465735561914673,7.428391633232138,1.86,"(1.5, 2.5]"
1.081,2.06,6.768787860870361,5.8359375,0.5529999732971191,5.8359375,True,0.95,1681,7.128089229968783,6.869398735125739,2.06,"(1.5, 2.5]"
1.081,2.26,6.768787860870361,5.6835546875,0.5490000247955322,5.6835546875,True,0.864,1681,6.482809573361083,6.819711135660691,2.26,"(1.5, 2.5]"
1.081,2.46,6.768787860870361,4.843828125,0.5490000247955322,4.843828125,True,0.803,1681,6.025111212278877,6.819711135660691,2.46,"(1.5, 2.5]"
1.081,2.66,6.768787860870361,5.6025,0.5225880146026611,5.6025,True,0.774,1681,5.807516909469303,6.4916195657293585,2.66,"(2.5, 6.0]"
1.181,-1.44,4.823103904724121,4.9183984375,0.34299999475479126,4.9183984375,True,0.61,2583,4.576983610822061,4.260766444649977,1.44,"(1.0, 1.5]"
1.181,-1.34,5.0423359870910645,5.92671875,0.34299999475479126,5.92671875,True,0.761,1681,5.709974635796046,4.260766444649977,1.34,"(1.0, 1.5]"
1.181,-1.24,5.069739818572998,5.894296874999999,0.5157975554466248,5.894296874999999,True,0.757,1722,5.6799616285119665,6.407268076055169,1.24,"(1.0, 1.5]"
1.181,-1.14,5.700031757354736,6.1828515625,0.5157975554466248,6.1828515625,True,0.807,1681,6.0551242195629555,6.407268076055169,1.14,"(1.0, 1.5]"
1.181,-1.04,5.700031757354736,6.481132812499999,0.5157975554466248,6.481132812499999,True,0.81,1681,6.077633975026015,6.407268076055169,1.04,"(1.0, 1.5]"
1.181,-0.94,6.138495922088623,6.3125390625,0.6427134275436401,6.3125390625,True,0.854,1681,6.407777055150884,7.983824628223739,0.94,"(0.5, 1.0]"
1.281,-5.34,2.192319631576538,1.351181640625,0.1420000046491623,1.351181640625,True,0.187,1681,1.4031080905306972,1.7639325486923783,5.34,"(2.5, 6.0]"
1.281,-5.14,2.192319631576538,1.58380859375,0.1589999943971634,1.58380859375,True,0.224,1681,1.6807284079084288,1.9751074378624456,5.14,"(2.5, 6.0]"
1.281,-4.94,2.192319631576538,1.437099609375,0.1679999977350235,1.437099609375,True,0.212,1681,1.5906893860561915,2.0869060174837255,4.94,"(2.5, 6.0]"
1.281,-4.74,2.192319631576538,1.654326171875,0.17900000512599945,1.654326171875,True,0.229,2993,1.7182446670135276,2.2235487670437597,4.74,"(2.5, 6.0]"
1.281,-4.54,2.192319631576538,1.49951171875,0.17900000512599945,1.49951171875,True,0.227,1681,1.7032381633714881,2.2235487670437597,4.54,"(2.5, 6.0]"
1.281,-4.34,2.192319631576538,1.61947265625,0.18000000715255737,1.61947265625,True,0.257,1681,1.9283357180020813,2.235970852013137,4.34,"(2.5, 6.0]"
1.281,-4.14,2.1649158000946045,1.540849609375,0.19300000369548798,1.540849609375,True,0.258,1681,1.935838969823101,2.3974575864088106,4.14,"(2.5, 6.0]"
1.281,-3.94,2.1649158000946045,1.391708984375,0.15800000727176666,1.391708984375,True,0.23,1681,1.7257479188345475,1.9626855379961836,3.94,"(2.5, 6.0]"
1.281,-3.74,2.1649158000946045,1.540849609375,0.15800000727176666,1.540849609375,True,0.247,2601,1.8533031997918834,1.9626855379961836,3.74,"(2.5, 6.0]"
1.281,-3.54,2.1649158000946045,2.107421875,0.15800000727176666,2.107421875,True,0.281,1640,2.108413761706556,1.9626855379961836,3.54,"(2.5, 6.0]"
1.281,-3.34,0.0,2.73154296875,0.2150000035762787,2.73154296875,True,0.359,1640,2.693667403746098,2.6707429004257643,3.34,"(2.5, 6.0]"
1.281,-3.14,2.5211679935455322,2.1203906249999998,0.2669999897480011,2.1203906249999998,True,0.308,1640,2.3110015608740895,3.3166898380084584,3.14,"(2.5, 6.0]"
1.281,-2.94,2.712995767593384,2.37814453125,0.23999999463558197,2.37814453125,True,0.333,1640,2.498582856399584,2.9812942842477343,2.94,"(2.5, 6.0]"
1.281,-2.74,2.603379964828491,1.7118749999999998,0.21199999749660492,1.7118749999999998,True,0.247,1640,1.8533031997918834,2.6334766455176326,2.74,"(2.5, 6.0]"
1.281,-2.54,2.86017712435328,1.8448046875,0.21199999749660492,1.8448046875,True,0.302,2721,2.265982049947971,2.6334766455176326,2.54,"(2.5, 6.0]"
1.281,-2.34,2.5759758949279785,3.1043945312499996,0.21699999272823334,3.1043945312499996,True,0.456,1681,3.421482830385016,2.6955868852614033,2.34,"(1.5, 2.5]"
1.281,-2.14,2.5759758949279785,2.30681640625,0.2770000100135803,2.30681640625,True,0.423,1681,3.173875520291363,3.4409106877022313,2.14,"(1.5, 2.5]"
1.281,-1.94,3.5625197887420654,3.391328125,0.33520156145095825,3.391328125,True,0.509,1681,3.8191551768990637,4.163893839839686,1.94,"(1.5, 2.5]"
1.281,-1.74,3.6447317600250244,3.21625,0.33328014612197876,3.21625,True,0.522,1681,3.916697450572321,4.140025903731394,1.74,"(1.5, 2.5]"
1.281,-1.54,3.672135591506958,3.4626562499999998,0.33328014612197876,3.4626562499999998,True,0.527,2870,3.9542137096774197,4.140025903731394,1.54,"(1.5, 2.5]"
1.281,-1.44,4.275023937225342,4.4969140625,0.36800000071525574,4.4969140625,True,0.586,2583,4.396905567117586,4.571318013575062,1.44,"(1.0, 1.5]"
1.281,-1.34,4.47023896525677,4.931367187499999,0.36800000071525574,4.931367187499999,True,0.664,1681,4.982159209157128,4.571318013575062,1.34,"(1.0, 1.5]"
1.281,-1.24,4.384639263153076,5.0610546874999995,0.46700000762939453,5.0610546874999995,True,0.656,1722,4.92213319458897,5.80110201920291,1.24,"(1.0, 1.5]"
1.281,-1.14,5.700031757354736,6.0434375,0.46700000762939453,6.0434375,True,0.713,1681,5.349818548387097,5.80110201920291,1.14,"(1.0, 1.5]"
1.281,-1.04,5.700031757354736,6.5265234375,0.46700000762939453,6.5265234375,True,0.78,1681,5.852536420395422,5.80110201920291,1.04,"(1.0, 1.5]"
1.281,-0.94,6.138495922088623,8.124921875,0.5646250247955322,8.124921875,True,1.002,1681,7.518258324661811,7.013805819963091,0.94,"(0.5, 1.0]"
1.281,-0.84,3.3426809185429622,7.398671875,0.5646250247955322,7.398671875,True,1.004,1681,7.53326482830385,7.013805819963091,0.84,"(0.5, 1.0]"
1.281,-0.74,2.3293399810791016,8.49453125,0.7039473652839661,8.49453125,True,1.184,1681,8.883850156087409,8.744476264339024,0.74,"(0.5, 1.0]"
1.281,-0.54,2.4423430378275706,12.625078125,0.7039473652839661,12.625078125,True,1.93,1681,14.481276014568158,8.744476264339024,0.54,"(0.5, 1.0]"
1.281,-0.34,3.041844129562378,8.332421875,1.2514444589614868,15.545893900142692,True,3.639,2378,27.304333376690945,15.54551789978348,0.34,"(-0.001, 0.5]"
1.281,-0.14,2.7403998374938965,7.8071874999999995,1.953595757484436,24.268270279309764,True,3.36,1640,25.210926118626432,24.267683315420708,0.14,"(-0.001, 0.5]"
1.281,0.06,5.210146706803401,10.80296875,2.1652770042419434,26.897850984371967,True,3.83,1640,28.737454474505725,26.897200420197457,0.06,"(-0.001, 0.5]"
1.281,0.26,3.288479804992676,9.862734374999999,2.330965280532837,28.9560904414017,True,3.811,1640,28.59489268990635,28.955390095671998,0.26,"(-0.001, 0.5]"
1.281,0.46,3.7337182195563066,12.41109375,2.330965280532837,28.9560904414017,False,2.742,1640,20.57391649323621,28.955390095671998,0.46,"(-0.001, 0.5]"
1.281,0.66,4.141390821987525,10.4009375,1.4169230461120605,17.601528523131186,True,1.589,3075,11.922667143600416,17.601102804218534,0.66,"(0.5, 1.0]"
1.281,0.86,4.357235431671143,9.240234375,1.0200952291488647,12.6719904242095,True,1.414,1681,10.609598074921957,12.671683933442095,0.86,"(0.5, 1.0]"
1.281,1.06,6.960615634918213,8.481562499999999,0.8205999732017517,8.481562499999999,True,1.173,1681,8.801314386056193,10.193541935177693,1.06,"(1.0, 1.5]"
1.281,1.26,6.933211803436279,6.10828125,0.64546138048172,6.10828125,True,0.933,1681,7.000533949011447,8.017959863935385,1.26,"(1.0, 1.5]"
1.281,1.46,6.933211803436279,7.722890625,0.64546138048172,7.722890625,True,1.006,1681,7.54827133194589,8.017959863935385,1.46,"(1.0, 1.5]"
1.281,1.66,6.933211803436279,8.423203124999999,0.6525149345397949,8.423203124999999,True,1.198,1681,8.988895681581687,8.10557953421455,1.66,"(1.5, 2.5]"
1.281,1.86,6.933211803436279,8.18328125,0.790739119052887,8.18328125,True,1.198,2173,8.988895681581687,9.822608619400164,1.86,"(1.5, 2.5]"
1.281,2.06,6.083688259124756,5.5246875,0.6156814098358154,5.5246875,True,0.861,1681,6.460299817898023,7.648031287868084,2.06,"(1.5, 2.5]"
1.281,2.26,6.083688259124756,4.535820312499999,0.5188024044036865,4.535820312499999,True,0.721,1681,5.4098445629552545,6.444594489475796,2.26,"(1.5, 2.5]"
1.281,2.46,6.083688259124756,4.9119140625,0.5188024044036865,4.9119140625,True,0.801,1681,6.010104708636837,6.444594489475796,2.46,"(1.5, 2.5]"
1.281,2.66,6.083688259124756,5.346367187499999,0.5550000071525574,5.346367187499999,True,0.805,1681,6.040117715920916,6.894243275270724,2.66,"(2.5, 6.0]"
1.381,-1.44,4.549063682556152,4.675234375,0.36800000071525574,4.675234375,True,0.589,2561,4.419415322580645,4.571318013575062,1.44,"(1.0, 1.5]"
1.381,-1.34,4.110599994659424,4.480703125,0.36800000071525574,4.480703125,True,0.629,1681,4.719545395421436,4.571318013575062,1.34,"(1.0, 1.5]"
1.381,-1.24,4.384639263153076,5.356093749999999,0.46700000762939453,5.356093749999999,True,0.706,1722,5.2972957856399585,5.80110201920291,1.24,"(1.0, 1.5]"
1.381,-1.14,4.384639263153076,5.343125,0.46700000762939453,5.343125,True,0.73,1681,5.477373829344433,5.80110201920291,1.14,"(1.0, 1.5]"
1.381,-1.04,2.9870359897613525,5.647890625,0.46700000762939453,5.647890625,True,0.788,1681,5.91256243496358,5.80110201920291,1.04,"(1.0, 1.5]"
1.481,-5.34,2.192319631576538,1.326865234375,0.1420000046491623,1.326865234375,True,0.202,1681,1.5156568678459938,1.7639325486923783,5.34,"(2.5, 6.0]"
1.481,-5.14,2.192319631576538,1.1315234374999998,0.1589999943971634,1.1315234374999998,True,0.173,1681,1.2980625650364204,1.9751074378624456,5.14,"(2.5, 6.0]"
1.481,-4.94,2.192319631576538,1.3900878906249998,0.1679999977350235,1.3900878906249998,True,0.174,1681,1.3055658168574402,2.0869060174837255,4.94,"(2.5, 6.0]"
1.481,-4.74,2.192319631576538,1.4022460937499999,0.17900000512599945,1.4022460937499999,True,0.283,2993,2.123420265348595,2.2235487670437597,4.74,"(2.5, 6.0]"
1.481,-4.54,2.192319631576538,2.0069140625,0.17900000512599945,2.0069140625,True,0.304,1681,2.2809885535900105,2.2235487670437597,4.54,"(2.5, 6.0]"
1.481,-4.34,2.192319631576538,1.400625,0.18000000715255737,1.400625,True,0.224,1681,1.6807284079084288,2.235970852013137,4.34,"(2.5, 6.0]"
1.481,-4.14,2.192319631576538,1.17853515625,0.19300000369548798,1.17853515625,True,0.214,1681,1.605695889698231,2.3974575864088106,4.14,"(2.5, 6.0]"
1.481,-3.94,2.192319631576538,1.458984375,0.15800000727176666,1.458984375,True,0.211,1681,1.5831861342351716,1.9626855379961836,3.94,"(2.5, 6.0]"
1.481,-3.74,2.192319631576538,2.07662109375,0.15800000727176666,2.07662109375,True,0.32,2624,2.401040582726327,1.9626855379961836,3.74,"(2.5, 6.0]"
1.481,-3.54,2.192319631576538,1.9372070312499998,0.15800000727176666,1.9372070312499998,True,0.329,1681,2.468569849115505,1.9626855379961836,3.54,"(2.5, 6.0]"
1.481,-3.34,2.192319631576538,2.3278906249999998,0.2150000035762787,2.3278906249999998,True,0.322,1681,2.4160470863683665,2.6707429004257643,3.34,"(2.5, 6.0]"
1.481,-3.14,2.6581878662109375,2.4219140625,0.2669999897480011,2.4219140625,True,0.316,1681,2.371027575442248,3.3166898380084584,3.14,"(2.5, 6.0]"
1.481,-2.94,2.603379964828491,1.7524023437499998,0.23999999463558197,1.7524023437499998,True,0.256,1681,1.9208324661810614,2.9812942842477343,2.94,"(2.5, 6.0]"
1.481,-2.74,2.0004918575286865,1.576513671875,0.21199999749660492,1.576513671875,True,0.226,1681,1.6957349115504683,2.6334766455176326,2.74,"(2.5, 6.0]"
1.481,-2.54,2.055299997329712,1.66486328125,0.21199999749660492,1.66486328125,True,0.306,2747,2.2959950572320498,2.6334766455176326,2.54,"(2.5, 6.0]"
1.481,-2.34,2.438955783843994,2.3586914062499997,0.21699999272823334,2.3586914062499997,True,0.395,1681,2.96378446930281,2.6955868852614033,2.34,"(1.5, 2.5]"
1.481,-2.14,3.4803078174591064,2.1690234375,0.2770000100135803,2.1690234375,True,0.382,1681,2.8662421956295527,3.4409106877022313,2.14,"(1.5, 2.5]"
1.481,-1.94,2.9048237800598145,2.78666015625,0.33520156145095825,2.78666015625,True,0.41,1681,3.076333246618106,4.163893839839686,1.94,"(1.5, 2.5]"
1.481,-1.74,3.754347801208496,3.77390625,0.33328014612197876,3.77390625,True,0.553,1681,4.149298257023934,4.140025903731394,1.74,"(1.5, 2.5]"
1.481,-1.54,4.5524506784023195,4.2407812499999995,0.33328014612197876,4.2407812499999995,True,0.661,2870,4.959649453694069,4.140025903731394,1.54,"(1.5, 2.5]"
1.481,-1.34,5.151951789855957,5.813242187499999,0.36800000071525574,5.813242187499999,True,0.804,1681,6.032614464099897,4.571318013575062,1.34,"(1.0, 1.5]"
1.481,-1.24,5.151951789855957,5.6187109374999995,0.46700000762939453,5.6187109374999995,True,0.782,1722,5.867542924037461,5.80110201920291,1.24,"(1.0, 1.5]"
1.481,-1.14,6.443326534185195,6.1050390624999995,0.46700000762939453,6.1050390624999995,True,0.778,1681,5.8375299167533825,5.80110201920291,1.14,"(1.0, 1.5]"
1.481,-1.04,6.443326534185195,6.21203125,0.46700000762939453,6.21203125,True,0.864,1681,6.482809573361083,5.80110201920291,1.04,"(1.0, 1.5]"
1.481,-0.94,6.443326534185195,8.293515625,0.5646250247955322,8.293515625,True,1.089,1681,8.17104123309053,7.013805819963091,0.94,"(0.5, 1.0]"
1.481,-0.74,2.603379964828491,8.65015625,0.7039473652839661,8.65015625,True,1.283,1681,9.626672086368366,8.744476264339024,0.74,"(0.5, 1.0]"
1.481,-0.54,2.4937639236450195,15.536562499999999,0.7039473652839661,15.536562499999999,True,2.416,1681,18.127856399583766,8.744476264339024,0.54,"(0.5, 1.0]"
1.481,-0.34,2.8053691136209586,14.30453125,1.2514444589614868,15.545893900142692,True,2.97,2419,22.284657908428724,15.54551789978348,0.34,"(-0.001, 0.5]"
1.481,-0.14,3.4529037475585938,14.200781249999999,1.953595757484436,24.268270279309764,True,3.359,1681,25.20342286680541,24.267683315420708,0.14,"(-0.001, 0.5]"
1.481,0.06,3.3192706520396067,15.640312499999999,2.1652770042419434,26.897850984371967,True,3.256,1681,24.430587929240374,26.897200420197457,0.06,"(-0.001, 0.5]"
1.481,0.26,2.6341709212252966,16.185,2.330965280532837,28.9560904414017,True,3.255,1681,24.423084677419354,28.955390095671998,0.26,"(-0.001, 0.5]"
1.481,0.46,4.138003826141357,15.9775,2.330965280532837,28.9560904414017,True,2.538,1681,19.04325312174818,28.955390095671998,0.46,"(-0.001, 0.5]"
1.481,0.66,7.4092413034654205,12.579687499999999,1.4169230461120605,17.601528523131186,True,1.923,3116,14.428753251821021,17.601102804218534,0.66,"(0.5, 1.0]"
1.481,0.86,7.3990797996521,8.7928125,1.0200952291488647,12.6719904242095,True,1.385,1681,10.392003772112384,12.671683933442095,0.86,"(0.5, 1.0]"
1.481,1.06,6.933211803436279,7.7034375,0.8205999732017517,7.7034375,True,1.072,1681,8.043485952133196,10.193541935177693,1.06,"(1.0, 1.5]"
1.481,1.26,6.083688259124756,7.32734375,0.64546138048172,7.32734375,True,0.97,1681,7.278154266389178,8.017959863935385,1.26,"(1.0, 1.5]"
1.481,1.46,6.083688259124756,6.4551953125,0.64546138048172,6.4551953125,True,0.808,1681,6.062627471383975,8.017959863935385,1.46,"(1.0, 1.5]"
1.481,1.66,6.083688259124756,6.5103124999999995,0.6525149345397949,6.5103124999999995,True,0.972,1681,7.293160770031218,8.10557953421455,1.66,"(1.5, 2.5]"
1.481,1.86,6.083688259124756,7.100390624999999,0.790739119052887,7.100390624999999,True,1.063,2173,7.975956685744016,9.822608619400164,1.86,"(1.5, 2.5]"
1.481,2.06,6.083688259124756,5.5862890625,0.6156814098358154,5.5862890625,True,0.894,1681,6.7079071279916755,7.648031287868084,2.06,"(1.5, 2.5]"
1.481,2.26,6.083688259124756,4.42234375,0.5188024044036865,4.42234375,True,0.71,1681,5.327308792924037,6.444594489475796,2.26,"(1.5, 2.5]"
1.481,2.46,6.083688259124756,5.489023437499999,0.5188024044036865,5.489023437499999,True,0.862,1681,6.467803069719043,6.444594489475796,2.46,"(1.5, 2.5]"
1.481,2.66,6.083688259124756,4.81140625,0.5550000071525574,4.81140625,True,0.722,1681,5.417347814776274,6.894243275270724,2.66,"(2.5, 6.0]"
1.581,-1.34,4.7957000732421875,5.5019921875,0.43085455894470215,5.5019921875,True,0.693,1681,5.199753511966701,5.352101094311777,1.34,"(1.0, 1.5]"
1.681,-5.34,2.192319631576538,1.432236328125,0.1340000033378601,1.432236328125,True,0.219,2009,1.64321214880333,1.6645560540404756,5.34,"(2.5, 6.0]"
1.681,-5.14,2.192319631576538,1.70052734375,0.1589999943971634,1.70052734375,True,0.221,2009,1.6582186524453695,1.9751074378624456,5.14,"(2.5, 6.0]"
1.681,-4.94,2.192319631576538,1.388466796875,0.1589999943971634,1.388466796875,True,0.166,2009,1.245539802289282,1.9751074378624456,4.94,"(2.5, 6.0]"
1.681,-4.74,2.192319631576538,1.391708984375,0.16899999976158142,1.391708984375,True,0.23,3832,1.7257479188345475,2.0993281024531028,4.74,"(2.5, 6.0]"
1.681,-4.54,2.192319631576538,1.2174414062499999,0.16899999976158142,1.2174414062499999,True,0.225,2255,1.6882316597294487,2.0993281024531028,4.54,"(2.5, 6.0]"
1.681,-4.34,2.192319631576538,1.4816796875,0.1809999942779541,1.4816796875,True,0.235,2255,1.763264177939646,2.248392751879399,4.34,"(2.5, 6.0]"
1.681,-4.14,2.192319631576538,1.360908203125,0.1469999998807907,1.360908203125,True,0.228,2255,1.710741415192508,1.8260427884361492,4.14,"(2.5, 6.0]"
1.681,-3.94,2.192319631576538,1.66,0.15800000727176666,1.66,True,0.249,2255,1.868309703433923,1.9626855379961836,3.94,"(2.5, 6.0]"
1.681,-3.74,2.192319631576538,1.454931640625,0.18400000035762787,1.454931640625,True,0.225,3521,1.6882316597294487,2.285659006787531,3.74,"(2.5, 6.0]"
1.681,-3.54,1.8086637258529663,1.381171875,0.18400000035762787,1.381171875,True,0.24,2296,1.800780437044745,2.285659006787531,3.54,"(2.5, 6.0]"
1.681,-3.34,1.836067795753479,1.91775390625,0.20100000500679016,1.91775390625,True,0.249,2296,1.868309703433923,2.4968340810607135,3.34,"(2.5, 6.0]"
1.681,-3.14,2.384147882461548,2.1884765625,0.23499999940395355,2.1884765625,True,0.298,2296,2.235969042663892,2.919184044503963,3.14,"(2.5, 6.0]"
1.681,-2.94,1.7812598943710327,1.705390625,0.22226174175739288,1.705390625,True,0.249,2296,1.868309703433923,2.760948646329767,2.94,"(2.5, 6.0]"
1.681,-2.74,1.9182798862457275,1.796171875,0.1739322692155838,1.796171875,True,0.239,2318,1.7932771852237253,2.1605970485375163,2.74,"(2.5, 6.0]"
1.681,-2.54,2.274531841278076,1.66486328125,0.1739322692155838,1.66486328125,True,0.292,3689,2.190949531737773,2.1605970485375163,2.54,"(2.5, 6.0]"
1.681,-2.34,2.712995767593384,1.9096484375,0.19599999487400055,1.9096484375,True,0.377,2255,2.828725936524454,2.4347236562138272,2.34,"(1.5, 2.5]"
1.681,-2.14,2.712995767593384,3.12060546875,0.24699999392032623,3.12060546875,True,0.487,2255,3.6540836368366287,3.0682486939302596,2.14,"(1.5, 2.5]"
1.681,-1.94,3.507711887359619,2.91310546875,0.3099650740623474,2.91310546875,True,0.448,2255,3.3614568158168576,3.850404684473676,1.94,"(1.5, 2.5]"
1.681,-1.74,3.3706917762756348,3.6474609375,0.3609657287597656,3.6474609375,True,0.523,2255,3.9242007023933407,4.483937866727185,1.74,"(1.5, 2.5]"
1.681,-1.54,4.740891933441162,3.9846484374999998,0.3609657287597656,3.9846484374999998,True,0.649,3792,4.869610431841831,4.483937866727185,1.54,"(1.5, 2.5]"
1.681,-1.34,4.7957000732421875,4.9573046875,0.43085455894470215,4.9573046875,True,0.767,2173,5.754994146722165,5.352101094311777,1.34,"(1.0, 1.5]"
1.681,-1.14,1.8040477727588853,9.019765625,0.5120434761047363,9.019765625,True,1.257,2200,9.431587539021852,6.360634677993729,1.14,"(1.0, 1.5]"
1.681,-0.94,3.5625197887420654,8.248125,0.6312222480773926,8.248125,True,1.313,2173,9.85176964099896,7.841080509774873,0.94,"(0.5, 1.0]"
1.681,-0.74,2.8259989336917273,11.522734374999999,0.8577015399932861,11.522734374999999,True,1.651,2173,12.387868756503643,10.654419816363438,0.74,"(0.5, 1.0]"
1.681,-0.54,3.0692479610443115,12.819609374999999,0.8577015399932861,12.819609374999999,True,2.2865,2200,17.15618528876171,10.654419816363438,0.54,"(0.5, 1.0]"
1.681,-0.34,3.0692479610443115,14.135937499999999,1.4846538305282593,18.442904727059123,True,2.981,3209,22.367193678459937,18.442458658222755,0.34,"(-0.001, 0.5]"
1.681,-0.14,3.3980960845947266,8.656640625,1.8127118349075317,22.518159439845114,True,3.238,2255,24.29552939646202,22.51761480496644,0.14,"(-0.001, 0.5]"
1.681,0.06,5.946667671203613,8.8965625,1.8774467706680298,23.32232013252211,True,2.976,2255,22.32967741935484,23.32175604783172,0.06,"(-0.001, 0.5]"
1.681,0.26,3.096652030944824,12.877968749999999,1.8812471628189087,23.3695299729057,True,3.187,2255,23.91286355359001,23.368964746375728,0.26,"(-0.001, 0.5]"
1.681,0.46,3.2644627309383307,10.459296875,1.8812471628189087,23.3695299729057,True,2.712,2255,20.34881893860562,23.368964746375728,0.46,"(-0.001, 0.5]"
1.681,0.66,4.960123538970947,10.173984375,1.5075263977050781,18.727035996336372,True,1.413,4180,10.602094823100938,18.72658305536644,0.66,"(0.5, 1.0]"
1.681,0.86,7.515470070946486,9.81734375,1.0008437633514404,12.432841780763235,True,1.248,2255,9.364058272632674,12.432541074158287,0.86,"(0.5, 1.0]"
1.681,1.06,6.083688259124756,7.204140625,0.7342743277549744,7.204140625,True,1.006,2255,7.54827133194589,9.121199605565334,1.06,"(1.0, 1.5]"
1.681,1.26,6.083688259124756,6.12125,0.6369580030441284,6.12125,True,0.911,2255,6.835462408949012,7.912330400943161,1.26,"(1.0, 1.5]"
1.681,1.46,6.083688259124756,4.9897265625,0.6369580030441284,4.9897265625,True,0.784,2255,5.882549427679501,7.912330400943161,1.46,"(1.0, 1.5]"
1.681,1.66,6.083688259124756,5.0869921875,0.5818012952804565,5.0869921875,True,0.75,2255,5.627438865764828,7.227170478987987,1.66,"(1.5, 2.5]"
1.681,1.86,6.083688259124756,4.9637890625,0.6776841282844543,4.9637890625,True,0.772,2937,5.792510405827263,8.418232763911549,1.86,"(1.5, 2.5]"
1.681,2.06,6.083688259124756,5.70625,0.6038978099822998,5.70625,True,0.862,2255,6.467803069719043,7.501654705883193,2.06,"(1.5, 2.5]"
1.681,2.26,6.083688259124756,4.769257812499999,0.492000013589859,4.769257812499999,True,0.798,2255,5.987594953173778,6.111653588127996,2.26,"(1.5, 2.5]"
1.681,2.46,6.083688259124756,4.286171875,0.492000013589859,4.286171875,True,0.709,2255,5.319805541103017,6.111653588127996,2.46,"(1.5, 2.5]"
1.681,2.66,6.083688259124756,4.2440234375,0.5099999904632568,4.2440234375,True,0.621,2255,4.659519380853278,6.335250377164325,2.66,"(2.5, 6.0]"
1.881,-5.34,1.9456839561462402,1.1615136718749999,0.12399999797344208,1.1615136718749999,True,0.169,1681,1.2680495577523414,1.5403353894498184,5.34,"(2.5, 6.0]"
1.881,-5.14,1.9456839561462402,1.325244140625,0.1589999943971634,1.325244140625,True,0.188,1681,1.410611342351717,1.9751074378624456,5.14,"(2.5, 6.0]"
1.881,-4.94,1.9456839561462402,1.281474609375,0.1589999943971634,1.281474609375,True,0.188,1681,1.410611342351717,1.9751074378624456,4.94,"(2.5, 6.0]"
1.881,-4.74,1.9456839561462402,1.310654296875,0.1589999943971634,1.310654296875,True,0.194,3034,1.4556308532778357,1.9751074378624456,4.74,"(2.5, 6.0]"
1.881,-4.54,1.9456839561462402,1.375498046875,0.1589999943971634,1.375498046875,True,0.205,1681,1.538166623309053,1.9751074378624456,4.54,"(2.5, 6.0]"
1.881,-4.34,1.9456839561462402,1.406298828125,0.15299999713897705,1.406298828125,True,0.203,1681,1.5231601196670137,1.9005751131492974,4.34,"(2.5, 6.0]"
1.881,-4.14,1.9456839561462402,1.89830078125,0.17000000178813934,1.89830078125,True,0.267,1681,2.003368236212279,2.11175018742248,4.14,"(2.5, 6.0]"
1.881,-3.94,1.9456839561462402,1.7799609374999998,0.19499999284744263,1.7799609374999998,True,0.249,1681,1.868309703433923,2.42230157124445,3.94,"(2.5, 6.0]"
1.881,-3.74,1.9456839561462402,1.6048828124999999,0.18400000035762787,1.6048828124999999,True,0.237,2561,1.7782706815816858,2.285659006787531,3.74,"(2.5, 6.0]"
1.881,-3.54,1.9456839561462402,1.7621289062499998,0.18400000035762787,1.7621289062499998,True,0.244,1640,1.830793444328824,2.285659006787531,3.54,"(2.5, 6.0]"
1.881,-3.34,1.890876054763794,1.6510839843749998,0.1720000058412552,1.6510839843749998,True,0.235,1640,1.763264177939646,2.1365943573612345,3.34,"(2.5, 6.0]"
1.881,-3.14,2.384147882461548,1.7378125,0.19300000369548798,1.7378125,True,0.235,1640,1.763264177939646,2.3974575864088106,3.14,"(2.5, 6.0]"
1.881,-2.94,2.110107898712158,1.9809765625,0.20965871214866638,1.9809765625,True,0.275,1640,2.0633942507804375,2.604393058927555,2.94,"(2.5, 6.0]"
1.881,-2.74,2.356743812561035,1.571650390625,0.18199999630451202,1.571650390625,True,0.285,1680,2.1384267689906347,2.2608148368487764,2.74,"(2.5, 6.0]"
1.881,-2.54,2.3875350073764197,1.8934374999999999,0.18199999630451202,1.8934374999999999,True,0.326,2681,2.4460600936524455,2.2608148368487764,2.54,"(2.5, 6.0]"
1.881,-2.34,2.466359853744507,2.4251562499999997,0.21470852196216583,2.4251562499999997,True,0.338,1681,2.536099115504683,2.6671220983860082,2.34,"(1.5, 2.5]"
1.881,-2.14,2.9870359897613525,2.963359375,0.27570295333862305,2.963359375,True,0.427,1681,3.203888527575442,3.4247985721279495,2.14,"(1.5, 2.5]"
1.881,-1.94,3.178863763809204,2.6099609375,0.3047583997249603,2.6099609375,True,0.395,1681,2.96378446930281,3.7857270645197207,1.94,"(1.5, 2.5]"
1.881,-1.74,3.507711887359619,3.21625,0.35735923051834106,3.21625,True,0.513,1681,3.8491681841831427,4.439137729920372,1.74,"(1.5, 2.5]"
1.881,-1.54,5.480799674987793,4.81140625,0.35735923051834106,4.81140625,True,0.708,2870,5.312302289281998,4.439137729920372,1.54,"(1.5, 2.5]"
1.881,-1.34,5.508203506469727,6.571914062499999,0.47600001096725464,6.571914062499999,True,0.83,1681,6.2276990114464095,5.91290059882419,1.34,"(1.0, 1.5]"
1.881,-1.14,6.522151947021484,7.63859375,0.6110000014305115,7.63859375,True,0.984,1722,7.383199791883455,7.589878552730927,1.14,"(1.0, 1.5]"
1.881,-0.94,3.2336716651916504,11.11421875,0.9300535917282104,11.11421875,True,1.691,1681,12.687998829344433,11.553181329331183,0.94,"(0.5, 1.0]"
1.881,-0.74,3.672135591506958,13.4615625,1.0881999731063843,13.518012088278065,True,2.16,1681,16.207023933402706,13.517685135229646,0.74,"(0.5, 1.0]"
1.881,-0.54,3.014439821243286,13.260546875,1.0881999731063843,13.518012088278065,True,2.102,1722,15.771835327783558,13.517685135229646,0.54,"(0.5, 1.0]"
1.881,-0.34,3.6789099506865766,14.888124999999999,1.3919999599456787,17.2919249682693,True,2.91,2419,21.834462799167536,17.291506737574988,0.34,"(-0.001, 0.5]"
1.881,-0.14,4.549063682556152,9.6228125,1.643568992614746,20.41700611943784,True,3.568,1681,26.771602497398543,20.416512304049398,0.14,"(-0.001, 0.5]"
1.881,0.06,3.4630651223032096,15.251249999999999,1.8008400201797485,22.37068348049377,True,3.33,1681,24.985828563995838,22.37014241253856,0.06,"(-0.001, 0.5]"
1.881,0.26,4.083195686340332,16.82046875,2.0489354133605957,25.452613830566406,True,3.097,1681,23.237570889698233,25.451998221582794,0.26,"(-0.001, 0.5]"
1.881,0.46,4.083195686340332,15.05671875,2.0489354133605957,25.452613830566406,True,2.291,1681,17.189949921956295,25.451998221582794,0.46,"(-0.001, 0.5]"
1.881,0.66,6.768787860870361,10.79,1.4751999378204346,18.325465066092356,True,1.437,3116,10.782172866805412,18.3250218377073,0.66,"(0.5, 1.0]"
1.881,0.86,6.7413835525512695,9.06515625,0.885065495967865,9.06515625,True,1.25,1681,9.379064776274713,10.994336513717078,0.86,"(0.5, 1.0]"
1.881,1.06,6.3851318359375,6.96421875,0.6906465291976929,6.96421875,True,0.953,1681,7.1505989854318415,8.579252483147142,1.06,"(1.0, 1.5]"
1.881,1.26,5.864455223083496,5.923476562499999,0.5960000157356262,5.923476562499999,True,0.831,1681,6.235202263267429,7.403547833499615,1.26,"(1.0, 1.5]"
1.881,1.46,5.864455223083496,5.5149609375,0.5960000157356262,5.5149609375,True,0.885,1681,6.640377861602498,7.403547833499615,1.46,"(1.0, 1.5]"
1.881,1.66,5.864455223083496,4.60390625,0.5611575841903687,4.60390625,True,0.757,1681,5.6799616285119665,6.970733065428912,1.66,"(1.5, 2.5]"
1.881,1.86,5.864455223083496,4.6006640625,0.5239999890327454,4.6006640625,True,0.721,2214,5.4098445629552545,6.509159196529375,1.86,"(1.5, 2.5]"
1.881,2.06,5.864455223083496,5.732187499999999,0.5320476293563843,5.732187499999999,True,0.82,1681,6.152666493236212,6.609127465841117,2.06,"(1.5, 2.5]"
1.881,2.26,5.864455223083496,5.651132812499999,0.5089008212089539,5.651132812499999,True,0.79,1681,5.92756893860562,6.321596430962159,2.26,"(1.5, 2.5]"
1.881,2.46,5.864455223083496,4.850312499999999,0.5089008212089539,4.850312499999999,True,0.735,1681,5.5148900884495315,6.321596430962159,2.46,"(1.5, 2.5]"
1.881,2.66,5.864455223083496,4.454765624999999,0.4779999852180481,4.454765624999999,True,0.754,1681,5.657451873048908,5.937744398556714,2.66,"(2.5, 6.0]"
2.081,-5.34,1.9456839561462402,0.9961621093749999,0.1420000046491623,0.9961621093749999,True,0.157,1681,1.178010535900104,1.7639325486923783,5.34,"(2.5, 6.0]"
2.081,-5.14,1.9456839561462402,1.277421875,0.12399999797344208,1.277421875,True,0.179,1681,1.343082075962539,1.5403353894498184,5.14,"(2.5, 6.0]"
2.081,-4.94,1.9456839561462402,1.54814453125,0.1599999964237213,1.54814453125,True,0.207,1681,1.5531731269510927,1.9875295228318228,4.94,"(2.5, 6.0]"
2.081,-4.74,1.9456839561462402,1.3114648437499998,0.1589999943971634,1.3114648437499998,True,0.193,2993,1.4481276014568158,1.9751074378624456,4.74,"(2.5, 6.0]"
2.081,-4.54,1.9456839561462402,1.70052734375,0.1589999943971634,1.70052734375,True,0.213,1640,1.5981926378772113,1.9751074378624456,4.54,"(2.5, 6.0]"
2.081,-4.34,1.9456839561462402,2.0798632812499998,0.17399999499320984,2.0798632812499998,True,0.257,1640,1.9283357180020813,2.1614383421968735,4.34,"(2.5, 6.0]"
2.081,-4.14,1.9456839561462402,1.83994140625,0.1889999955892563,1.83994140625,True,0.245,1640,1.838296696149844,2.3477692465313016,4.14,"(2.5, 6.0]"
2.081,-3.94,1.507219910621643,1.448447265625,0.17900000512599945,1.448447265625,True,0.244,1640,1.830793444328824,2.2235487670437597,3.94,"(2.5, 6.0]"
2.081,-3.74,1.507219910621643,1.93072265625,0.1809999942779541,1.93072265625,True,0.266,2542,1.9958649843912593,2.248392751879399,3.74,"(2.5, 6.0]"
2.081,-3.54,1.507219910621643,1.330107421875,0.1809999942779541,1.330107421875,True,0.2,1681,1.5006503642039544,2.248392751879399,3.54,"(2.5, 6.0]"
2.081,-3.34,1.5620280504226685,1.30173828125,0.16099999845027924,1.30173828125,True,0.2,1681,1.5006503642039544,1.9999516078012,3.34,"(2.5, 6.0]"
2.081,-3.14,1.9182798862457275,1.7378125,0.16195620596408844,1.7378125,True,0.255,1681,1.9133292143600418,2.0118296747145044,3.14,"(2.5, 6.0]"
2.081,-2.94,2.3293399810791016,2.1657812499999998,0.1899999976158142,2.1657812499999998,True,0.328,1681,2.461066597294485,2.360191331500679,2.94,"(2.5, 6.0]"
2.081,-2.74,2.1649158000946045,1.692421875,0.2029806673526764,1.692421875,True,0.291,1722,2.1834462799167533,2.5214379871557173,2.74,"(2.5, 6.0]"
2.081,-2.54,2.0827040672302246,2.13984375,0.2029806673526764,2.13984375,True,0.307,2665,2.3034983090530696,2.5214379871557173,2.54,"(2.5, 6.0]"
2.081,-2.34,2.438955783843994,2.3603125,0.23068559169769287,2.3603125,True,0.36,1640,2.7011706555671178,2.865590213995259,2.34,"(1.5, 2.5]"
2.081,-2.14,4.000983715057373,2.7201953125,0.25,2.7201953125,True,0.478,1640,3.5865543704474505,3.1055149488383913,2.14,"(1.5, 2.5]"
2.081,-1.94,4.028387546539307,3.5955859374999997,0.3330809473991394,3.5955859374999997,True,0.572,1640,4.291860041623309,4.137551445285125,1.94,"(1.5, 2.5]"
2.081,-1.74,4.607258818203345,3.21787109375,0.3490663468837738,3.21787109375,True,0.55,1640,4.126788501560875,4.336123033535868,1.74,"(1.5, 2.5]"
2.081,-1.54,4.963510792954524,4.9021875,0.3490663468837738,4.9021875,True,0.668,2829,5.012172216441208,4.336123033535868,1.54,"(1.5, 2.5]"
2.081,-1.34,5.26156759262085,7.833125,0.46601787209510803,7.833125,True,0.902,1681,6.7679331425598335,5.788901872868862,1.34,"(1.0, 1.5]"
2.081,-1.14,7.210639021450415,8.715,0.6193437576293945,8.715,True,1.054,1722,7.908427419354839,7.693525191151305,1.14,"(1.0, 1.5]"
2.081,-0.94,2.603379964828491,9.53203125,0.8549734354019165,9.53203125,True,1.374,1681,10.309468002081166,10.620531138001466,0.94,"(0.5, 1.0]"
2.081,-0.74,3.538502972825129,14.5509375,1.4040740728378296,17.44191394829602,True,2.249,1681,16.874813345473466,17.441492089897135,0.74,"(0.5, 1.0]"
2.081,-0.54,3.8091559410095215,15.860781249999999,1.4040740728378296,17.44191394829602,True,2.5415,1722,19.06951450312175,17.441492089897135,0.54,"(0.5, 1.0]"
2.081,-0.34,3.6789099506865766,13.344843749999999,1.5796231031417847,19.622647243997324,True,2.6935,2378,20.210008779916752,19.622172641349202,0.34,"(-0.001, 0.5]"
2.081,-0.14,4.360622904354468,15.134531249999998,1.8728314638137817,23.26498712812151,True,2.964,1640,22.239638397502603,23.264424430114342,0.14,"(-0.001, 0.5]"
2.081,0.06,4.357235431671143,4.87625,2.1039490699768066,26.136013291637347,False,3.5780000000000003,1640,26.846635015608744,26.135381153630416,0.06,"(-0.001, 0.5]"
2.081,0.26,4.466851711273193,16.599999999999998,1.7583783864974976,21.843209770155248,True,2.63,1640,19.733552289282,21.84268145992924,0.26,"(-0.001, 0.5]"
2.081,0.46,3.672135591506958,13.014140625,1.7583783864974976,21.843209770155248,True,1.995,1640,14.968987382934445,21.84268145992924,0.46,"(-0.001, 0.5]"
2.081,0.66,6.796192169189453,9.71359375,1.2518590688705444,15.551044333795582,True,1.379,3075,10.346984261186265,15.55066820886554,0.66,"(0.5, 1.0]"
2.081,0.86,6.576959609985352,7.768281249999999,0.8050768971443176,7.768281249999999,True,1.026,1681,7.698336368366285,10.000713356184425,0.86,"(0.5, 1.0]"
2.081,1.06,6.54955530166626,6.8734375,0.7090874910354614,6.8734375,True,0.997,1681,7.480742065556712,8.808327213779737,1.06,"(1.0, 1.5]"
2.081,1.26,6.54955530166626,5.9915625,0.6010000109672546,5.9915625,True,0.917,1681,6.88048191987513,7.465658073243386,1.26,"(1.0, 1.5]"
2.081,1.46,6.54955530166626,6.6367578125,0.6010000109672546,6.6367578125,True,0.921,1681,6.91049492715921,7.465658073243386,1.46,"(1.0, 1.5]"
2.081,1.66,6.54955530166626,4.9767578125,0.5960000157356262,4.9767578125,True,0.781,1681,5.860039672216441,7.403547833499615,1.66,"(1.5, 2.5]"
2.081,1.86,6.54955530166626,4.8470703125,0.5048149824142456,4.8470703125,True,0.777,2173,5.830026664932363,6.270841897140118,1.86,"(1.5, 2.5]"
2.081,2.06,6.54955530166626,4.4871875,0.5319011807441711,4.4871875,True,0.721,1640,5.4098445629552545,6.607308272423258,2.06,"(1.5, 2.5]"
2.081,2.26,6.54955530166626,4.9378515625,0.5109999775886536,4.9378515625,True,0.766,1640,5.747490894901145,6.347672277030586,2.26,"(1.5, 2.5]"
2.081,2.46,6.54955530166626,4.5941796875,0.5109999775886536,4.5941796875,True,0.72,1640,5.4023413111342355,6.347672277030586,2.46,"(1.5, 2.5]"
2.081,2.66,6.768787860870361,4.4255859375,0.5099999904632568,4.4255859375,True,0.741,1640,5.559909599375651,6.335250377164325,2.66,"(2.5, 6.0]"
2.281,-5.34,1.9456839561462402,1.08451171875,0.12800000607967377,1.08451171875,True,0.17,1681,1.2755528095733613,1.5900237293273274,5.34,"(2.5, 6.0]"
2.281,-5.14,1.507219910621643,1.193935546875,0.14100000262260437,1.193935546875,True,0.184,1681,1.3805983350676378,1.751510463723001,5.14,"(2.5, 6.0]"
2.281,-4.94,1.507219910621643,1.23689453125,0.14499999582767487,1.23689453125,True,0.187,1681,1.4031080905306972,1.8011986184973947,4.94,"(2.5, 6.0]"
2.281,-4.74,1.507219910621643,1.276611328125,0.1589999943971634,1.276611328125,True,0.191,3034,1.4331210978147764,1.9751074378624456,4.74,"(2.5, 6.0]"
2.281,-4.54,1.507219910621643,1.4857324218749999,0.1589999943971634,1.4857324218749999,True,0.219,1681,1.64321214880333,1.9751074378624456,4.54,"(2.5, 6.0]"
2.281,-4.34,1.507219910621643,1.36009765625,0.1589999943971634,1.36009765625,True,0.213,1681,1.5981926378772113,1.9751074378624456,4.34,"(2.5, 6.0]"
2.281,-4.14,1.507219910621643,1.74267578125,0.1720000058412552,1.74267578125,True,0.251,1681,1.8833162070759626,2.1365943573612345,4.14,"(2.5, 6.0]"
2.281,-3.94,1.507219910621643,1.471953125,0.16099999845027924,1.471953125,True,0.249,1681,1.868309703433923,1.9999516078012,3.94,"(2.5, 6.0]"
2.281,-3.74,1.507219910621643,1.7799609374999998,0.17100000381469727,1.7799609374999998,True,0.262,2583,1.96585197710718,2.1241722723918572,3.74,"(2.5, 6.0]"
2.281,-3.54,1.644239902496338,1.469521484375,0.17100000381469727,1.469521484375,True,0.196,1681,1.4706373569198752,2.1241722723918572,3.54,"(2.5, 6.0]"
2.281,-3.34,1.644239902496338,1.40873046875,0.1720000058412552,1.40873046875,True,0.238,1681,1.7857739334027054,2.1365943573612345,3.34,"(2.5, 6.0]"
2.281,-3.14,1.890876054763794,1.562734375,0.17299999296665192,1.562734375,True,0.25,1681,1.8758129552549427,2.1490162572274962,3.14,"(2.5, 6.0]"
2.281,-2.94,1.9182798862457275,1.55625,0.1899999976158142,1.55625,True,0.274,1681,2.0558909989594176,2.360191331500679,2.94,"(2.5, 6.0]"
2.281,-2.74,2.4115519523620605,1.7021484375,0.19300000369548798,1.7021484375,True,0.316,1722,2.371027575442248,2.3974575864088106,2.74,"(2.5, 6.0]"
2.281,-2.54,2.274531841278076,2.0798632812499998,0.19300000369548798,2.0798632812499998,True,0.348,2706,2.6111316337148804,2.3974575864088106,2.54,"(2.5, 6.0]"
2.281,-2.34,2.1649158000946045,2.405703125,0.23658643662929535,2.405703125,True,0.375,1681,2.813719432882414,2.938890862578734,2.34,"(1.5, 2.5]"
2.281,-2.14,4.000983715057373,3.8160546875,0.2965330183506012,3.8160546875,True,0.545,1681,4.089272242455776,3.6835508852478442,2.14,"(1.5, 2.5]"
2.281,-1.94,4.357235431671143,4.6557812499999995,0.4001454710960388,4.6557812499999995,True,0.648,1681,4.8621071800208115,4.970630968794916,1.94,"(1.5, 2.5]"
2.281,-1.74,4.607258818203345,4.7725,0.46040815114974976,4.7725,True,0.714,1681,5.357321800208116,5.719217583850374,1.74,"(1.5, 2.5]"
2.281,-1.54,5.453395843505859,5.8910546875,0.46040815114974976,5.8910546875,True,0.75,2870,5.627438865764828,5.719217583850374,1.54,"(1.5, 2.5]"
2.281,-1.34,5.9500544483500315,8.034140625,0.5243270993232727,8.034140625,True,0.953,1681,7.1505989854318415,6.513222580117981,1.34,"(1.0, 1.5]"
2.281,-1.14,7.210639021450415,10.1415625,0.670235276222229,10.1415625,True,1.387,1722,10.407010275754423,8.325702678187842,1.14,"(1.0, 1.5]"
2.281,-0.94,2.8226118087768555,12.009062499999999,0.848943829536438,12.009062499999999,True,1.716,1681,12.875580124869927,10.545631013398078,0.94,"(0.5, 1.0]"
2.281,-0.74,3.2096549586245886,14.1878125,1.531999945640564,19.03105522534862,True,2.425,1681,18.195385665972942,19.030594931225497,0.74,"(0.5, 1.0]"
2.281,-0.54,3.2096549586245886,5.5473828124999995,1.531999945640564,19.03105522534862,True,3.0535,1722,22.911179435483874,19.030594931225497,0.54,"(0.5, 1.0]"
2.281,-0.34,5.316375732421875,15.0178125,1.7404974699020386,21.621086582634018,True,2.686,2419,20.153734391259107,21.620563644784717,0.34,"(-0.001, 0.5]"
2.281,-0.14,5.316375732421875,11.99609375,1.754606008529663,21.796347932045503,False,3.292,1681,24.700704994797086,21.795820755242122,0.14,"(-0.001, 0.5]"
2.281,0.06,4.850507736206055,13.552343749999999,1.9449999332427979,24.1614898539478,True,4.185,1681,31.40110887096774,24.160905472700726,0.06,"(-0.001, 0.5]"
2.281,0.26,4.525046846920386,14.563906249999999,1.7568070888519287,21.823690544744455,True,2.431,1681,18.240405176899063,21.823162706619684,0.26,"(-0.001, 0.5]"
2.281,0.46,4.631275653839111,13.040078124999999,1.7568070888519287,21.823690544744455,True,2.093,1681,15.704306061394382,21.823162706619684,0.46,"(-0.001, 0.5]"
2.281,0.66,6.54955530166626,8.851171875,1.2046667337417603,14.964804145860375,True,1.301,3116,9.761730619146721,14.96444220001342,0.66,"(0.5, 1.0]"
2.281,0.86,7.919755458831787,8.047109375,0.8371388912200928,8.047109375,True,1.148,1681,8.613733090530697,10.398989363751976,0.86,"(0.5, 1.0]"
2.281,1.06,6.768787860870361,7.43109375,0.7487053275108337,7.43109375,True,1.043,1681,7.825891649323621,9.300462347439352,1.06,"(1.0, 1.5]"
2.281,1.26,6.768787860870361,6.5103124999999995,0.6499407291412354,6.5103124999999995,True,0.953,1681,7.1505989854318415,8.07360260082812,1.26,"(1.0, 1.5]"
2.281,1.46,6.768787860870361,5.7937890625,0.6499407291412354,5.7937890625,True,0.856,1681,6.422783558792924,8.07360260082812,1.46,"(1.0, 1.5]"
2.281,1.66,6.768787860870361,4.986484375,0.5410000085830688,4.986484375,True,0.797,1681,5.980091701352758,6.7203344559056735,1.66,"(1.5, 2.5]"
2.281,1.86,6.768787860870361,5.0869921875,0.5207945704460144,5.0869921875,True,0.775,2214,5.815020161290323,6.469341295175866,1.86,"(1.5, 2.5]"
2.281,2.06,6.768787860870361,4.8535546875,0.49954965710639954,4.8535546875,True,0.744,1681,5.58241935483871,6.205435711324065,2.06,"(1.5, 2.5]"
2.281,2.26,6.768787860870361,4.3542578125,0.5130000114440918,4.3542578125,True,0.718,1681,5.387334807492196,6.372516817175572,2.26,"(1.5, 2.5]"
2.281,2.46,6.768787860870361,3.7187890625,0.5130000114440918,3.7187890625,True,0.614,1681,4.606996618106139,6.372516817175572,2.46,"(1.5, 2.5]"
2.281,2.66,6.768787860870361,3.9133203125,0.44699999690055847,3.9133203125,True,0.635,1681,4.764564906347555,5.552660690021596,2.66,"(2.5, 6.0]"
2.481,-5.34,1.9182798862457275,0.95158203125,0.12800000607967377,0.95158203125,True,0.131,1681,0.98292598855359,1.5900237293273274,5.34,"(2.5, 6.0]"
2.481,-5.14,1.9182798862457275,1.0537109375,0.14100000262260437,1.0537109375,True,0.17,1681,1.2755528095733613,1.751510463723001,5.14,"(2.5, 6.0]"
2.481,-4.94,1.9182798862457275,1.0707324218749998,0.14499999582767487,1.0707324218749998,True,0.176,1681,1.3205723204994797,1.8011986184973947,4.94,"(2.5, 6.0]"
2.481,-4.74,1.9182798862457275,1.270126953125,0.1589999943971634,1.270126953125,True,0.188,2993,1.410611342351717,1.9751074378624456,4.74,"(2.5, 6.0]"
2.481,-4.54,1.9182798862457275,1.599208984375,0.1589999943971634,1.599208984375,True,0.238,1640,1.7857739334027054,1.9751074378624456,4.54,"(2.5, 6.0]"
2.481,-4.34,1.9182798862457275,1.555439453125,0.1589999943971634,1.555439453125,True,0.223,1640,1.673225156087409,1.9751074378624456,4.34,"(2.5, 6.0]"
2.481,-4.14,1.9182798862457275,1.3900878906249998,0.1720000058412552,1.3900878906249998,True,0.229,1640,1.7182446670135276,2.1365943573612345,4.14,"(2.5, 6.0]"
2.481,-3.94,1.644239902496338,1.639736328125,0.16099999845027924,1.639736328125,True,0.234,1640,1.7557609261186267,1.9999516078012,3.94,"(2.5, 6.0]"
2.481,-3.74,1.890876054763794,1.78806640625,0.17100000381469727,1.78806640625,True,0.267,2520,2.003368236212279,2.1241722723918572,3.74,"(2.5, 6.0]"
2.481,-3.54,1.890876054763794,1.586240234375,0.17100000381469727,1.586240234375,True,0.233,1640,1.7482576742976068,2.1241722723918572,3.54,"(2.5, 6.0]"
2.481,-3.34,2.027895927429199,1.7280859375,0.1720000058412552,1.7280859375,True,0.208,1640,1.5606763787721123,2.1365943573612345,3.34,"(2.5, 6.0]"
2.481,-3.14,1.7812598943710327,1.8156249999999998,0.17299999296665192,1.8156249999999998,True,0.205,1640,1.538166623309053,2.1490162572274962,3.14,"(2.5, 6.0]"
2.481,-2.94,1.9182798862457275,1.49302734375,0.1899999976158142,1.49302734375,True,0.246,1640,1.8457999479708638,2.360191331500679,2.94,"(2.5, 6.0]"
2.481,-2.74,2.301935911178589,1.9874609374999999,0.19300000369548798,1.9874609374999999,True,0.275,1680,2.0633942507804375,2.3974575864088106,2.74,"(2.5, 6.0]"
2.481,-2.54,2.767803907394409,2.25494140625,0.19300000369548798,2.25494140625,True,0.338,2640,2.536099115504683,2.3974575864088106,2.54,"(2.5, 6.0]"
2.481,-2.34,3.100039026790992,2.81908203125,0.23658643662929535,2.81908203125,True,0.431,1640,3.2339015348595215,2.938890862578734,2.34,"(1.5, 2.5]"
2.481,-2.14,3.096652030944824,3.10763671875,0.2965330183506012,3.10763671875,True,0.448,1640,3.3614568158168576,3.6835508852478442,2.14,"(1.5, 2.5]"
2.481,-1.94,3.343287944793701,3.4140234375,0.4001454710960388,3.4140234375,True,0.527,1640,3.9542137096774197,4.970630968794916,1.94,"(1.5, 2.5]"
2.481,-1.74,3.4803078174591064,3.4496875,0.46040815114974976,3.4496875,True,0.529,1640,3.9692202133194594,5.719217583850374,1.74,"(1.5, 2.5]"
2.481,-1.54,4.610646072186921,7.080937499999999,0.46040815114974976,7.080937499999999,True,1.042,2829,7.818388397502602,5.719217583850374,1.54,"(1.5, 2.5]"
2.481,-1.34,6.686575889587402,8.254609375,0.5243270993232727,8.254609375,True,1.079,1681,8.096008714880332,6.513222580117981,1.34,"(1.0, 1.5]"
2.481,-1.14,4.972757683660751,9.7525,0.670235276222229,9.7525,True,1.342,1722,10.069363943808535,8.325702678187842,1.14,"(1.0, 1.5]"
2.481,-0.94,2.9596316814422607,12.255468749999999,0.848943829536438,12.255468749999999,True,1.87,1681,14.031080905306974,10.545631013398078,0.94,"(0.5, 1.0]"
2.481,-0.74,2.7403998374938965,10.51765625,1.531999945640564,19.03105522534862,True,3.025,1681,22.697336758584807,19.030594931225497,0.74,"(0.5, 1.0]"
2.481,-0.54,3.5625197887420654,6.5589453125,1.531999945640564,19.03105522534862,True,3.198,1722,23.99539932362123,19.030594931225497,0.54,"(0.5, 1.0]"
2.481,-0.34,3.8639636039733887,16.3925,1.7404974699020386,21.621086582634018,True,2.624,2419,19.68853277835588,21.620563644784717,0.34,"(-0.001, 0.5]"
2.481,-0.14,3.8639636039733887,17.585625,1.754606008529663,21.796347932045503,True,2.863,1681,21.481809963579604,21.795820755242122,0.14,"(-0.001, 0.5]"
2.481,0.06,3.538502972825129,16.30171875,1.9449999332427979,24.1614898539478,True,2.76,1681,20.708975026014567,24.160905472700726,0.06,"(-0.001, 0.5]"
2.481,0.26,3.322658015373058,17.002031249999998,1.7568070888519287,21.823690544744455,True,3.01,1681,22.58478798126951,21.823162706619684,0.26,"(-0.001, 0.5]"
2.481,0.46,3.9221589977579905,12.437031249999999,1.7568070888519287,21.823690544744455,True,1.912,1681,14.346217481789802,21.823162706619684,0.46,"(-0.001, 0.5]"
2.481,0.66,6.960615634918213,10.64734375,1.2046667337417603,14.964804145860375,True,1.576,3116,11.82512486992716,14.96444220001342,0.66,"(0.5, 1.0]"
2.481,0.86,7.727927207946777,8.766874999999999,0.8371388912200928,8.766874999999999,True,1.182,1681,8.868843652445369,10.398989363751976,0.86,"(0.5, 1.0]"
2.481,1.06,7.618311882019043,8.36484375,0.7487053275108337,8.36484375,True,1.147,1681,8.606229838709679,9.300462347439352,1.06,"(1.0, 1.5]"
2.481,1.26,6.768787860870361,5.3690625,0.6499407291412354,5.3690625,True,0.77,1681,5.777503902185224,8.07360260082812,1.26,"(1.0, 1.5]"
2.481,1.46,6.768787860870361,4.4385546875,0.6499407291412354,4.4385546875,True,0.647,1681,4.854603928199793,8.07360260082812,1.46,"(1.0, 1.5]"
2.481,1.66,6.768787860870361,5.1064453125,0.5410000085830688,5.1064453125,True,0.748,1681,5.612432362122789,6.7203344559056735,1.66,"(1.5, 2.5]"
2.481,1.86,6.768787860870361,5.1712890625,0.5207945704460144,5.1712890625,True,0.814,2173,6.107646982310094,6.469341295175866,1.86,"(1.5, 2.5]"
2.481,2.06,6.768787860870361,4.2180859375,0.49954965710639954,4.2180859375,True,0.6775,1640,5.083453108740895,6.205435711324065,2.06,"(1.5, 2.5]"
2.481,2.26,6.768787860870361,3.7382421875,0.5130000114440918,3.7382421875,True,0.615,1640,4.614499869927159,6.372516817175572,2.26,"(1.5, 2.5]"
2.481,2.46,6.768787860870361,4.039765625,0.5130000114440918,4.039765625,True,0.626,1640,4.697035639958377,6.372516817175572,2.46,"(1.5, 2.5]"
2.481,2.66,6.768787860870361,3.8419921875,0.44699999690055847,3.8419921875,True,0.65,1640,4.877113683662851,5.552660690021596,2.66,"(2.5, 6.0]"
2.681,-5.34,1.9182798862457275,1.349560546875,0.10999999940395355,1.349560546875,True,0.158,1640,1.185513787721124,1.3664265700847675,5.34,"(2.5, 6.0]"
2.681,-5.14,1.9182798862457275,1.0982910156249999,0.12399999797344208,1.0982910156249999,True,0.163,1640,1.2230300468262227,1.5403353894498184,5.14,"(2.5, 6.0]"
2.681,-4.94,1.9182798862457275,1.160703125,0.12300000339746475,1.160703125,True,0.162,1640,1.2155267950052029,1.527913397031999,4.94,"(2.5, 6.0]"
2.681,-4.74,1.9182798862457275,1.164755859375,0.14900000393390656,1.164755859375,True,0.174,3001,1.3055658168574402,1.8508869583749037,4.74,"(2.5, 6.0]"
2.681,-4.54,1.9182798862457275,1.385224609375,0.14900000393390656,1.385224609375,True,0.196,1681,1.4706373569198752,1.8508869583749037,4.54,"(2.5, 6.0]"
2.681,-4.34,1.9182798862457275,1.3900878906249998,0.1589999943971634,1.3900878906249998,True,0.194,1681,1.4556308532778357,1.9751074378624456,4.34,"(2.5, 6.0]"
2.681,-4.14,1.9182798862457275,1.5789453125,0.17000000178813934,1.5789453125,True,0.234,1681,1.7557609261186267,2.11175018742248,4.14,"(2.5, 6.0]"
2.681,-3.94,1.9182798862457275,1.56759765625,0.17100000381469727,1.56759765625,True,0.262,1681,1.96585197710718,2.1241722723918572,3.94,"(2.5, 6.0]"
2.681,-3.74,1.9182798862457275,1.6243359375,0.18400000035762787,1.6243359375,True,0.243,2583,1.8232901925078044,2.285659006787531,3.74,"(2.5, 6.0]"
2.681,-3.54,1.7538559436798096,1.56759765625,0.18400000035762787,1.56759765625,True,0.249,1681,1.868309703433923,2.285659006787531,3.54,"(2.5, 6.0]"
2.681,-3.34,2.2471277713775635,1.76375,0.1860000044107437,1.76375,True,0.241,1681,1.8082836888657647,2.3105031767262854,3.34,"(2.5, 6.0]"
2.681,-3.14,2.110107898712158,1.796171875,0.1720000058412552,1.796171875,True,0.239,1681,1.7932771852237253,2.1365943573612345,3.14,"(2.5, 6.0]"
2.681,-2.94,2.466359853744507,1.8739843749999998,0.17299999296665192,1.8739843749999998,True,0.257,1681,1.9283357180020813,2.1490162572274962,2.94,"(2.5, 6.0]"
2.681,-2.74,2.4149390772769324,2.211171875,0.2070000022649765,2.211171875,True,0.302,1722,2.265982049947971,2.5713664057738614,2.74,"(2.5, 6.0]"
2.681,-2.54,2.712995767593384,2.16416015625,0.2070000022649765,2.16416015625,True,0.346,2706,2.5961251300728407,2.5713664057738614,2.54,"(2.5, 6.0]"
2.681,-2.34,2.7437869624087683,2.25818359375,0.23180440068244934,2.25818359375,True,0.374,1681,2.8062161810613944,2.8794881261034826,2.34,"(1.5, 2.5]"
2.681,-2.14,3.511098883205787,2.80287109375,0.2980000078678131,2.80287109375,True,0.423,1681,3.173875520291363,3.7017739167498074,2.14,"(1.5, 2.5]"
2.681,-1.94,3.3980960845947266,3.3362109374999998,0.3499999940395355,3.3362109374999998,True,0.54,1681,4.051755983350676,4.347720854332501,1.94,"(1.5, 2.5]"
2.681,-1.74,3.2336716651916504,3.0427929687499997,0.37463340163230896,3.0427929687499997,True,0.482,1681,3.6165673777315295,4.6537185164132495,1.74,"(1.5, 2.5]"
2.681,-1.54,4.384639263153076,4.6784765625,0.37463340163230896,4.6784765625,True,0.663,2870,4.974655957336108,4.6537185164132495,1.54,"(1.5, 2.5]"
2.681,-1.34,5.645223617553711,8.423203124999999,0.6709575057029724,8.423203124999999,True,1.124,1681,8.433655046826225,8.334674255983604,1.34,"(1.0, 1.5]"
2.681,-1.14,3.2096549586245886,9.50609375,0.8260564804077148,9.50609375,True,1.3605,1722,10.208174102497399,10.261322993963944,1.14,"(1.0, 1.5]"
2.681,-0.94,3.4529037475585938,12.080390625,1.1267553567886353,13.99696095389609,True,1.716,1681,12.875580124869927,13.996622416763367,0.94,"(0.5, 1.0]"
2.681,-0.74,5.371183395385742,13.915468749999999,1.6140000820159912,20.049690459825978,True,2.263,1681,16.979858870967742,20.049205528508203,0.74,"(0.5, 1.0]"
2.681,-0.54,4.305815022690852,16.029374999999998,1.6140000820159912,20.049690459825978,True,2.461,1722,18.465502731529657,20.049205528508203,0.54,"(0.5, 1.0]"
2.681,-0.34,4.220215797424316,13.435625,1.7251578569412231,21.43053238436302,True,2.926,2378,21.954514828303854,21.430014055347886,0.34,"(-0.001, 0.5]"
2.681,-0.14,3.124056100845337,14.90109375,1.8639498949050903,23.154657079566338,True,2.9375,1640,22.040802224245578,23.154097050054027,0.14,"(-0.001, 0.5]"
2.681,0.06,3.014439821243286,16.58703125,1.8919999599456787,23.503105092492902,True,2.8565,1640,21.433038826742976,23.502536635251772,0.06,"(-0.001, 0.5]"
2.681,0.26,3.428887040991532,9.227265625,1.8942500352859497,23.531056338955896,True,3.42,1640,25.661121227887616,23.530487205672667,0.26,"(-0.001, 0.5]"
2.681,0.46,3.2986409413187125,14.71953125,1.8942500352859497,23.531056338955896,True,2.327,1640,17.460066987513006,23.530487205672667,0.46,"(-0.001, 0.5]"
2.681,0.66,6.035654369153474,12.6834375,1.189160704612732,14.77218266599667,True,1.906,3075,14.301197970863683,14.771825378984135,0.66,"(0.5, 1.0]"
2.681,0.86,5.621206563218196,10.5825,0.9842174053192139,12.226303171667253,True,1.517,1681,11.382433012486992,12.226007460503011,0.86,"(0.5, 1.0]"
2.681,1.06,8.471222461614394,9.5709375,0.8042575120925903,9.5709375,True,1.386,1681,10.399507023933403,9.99053490607645,1.06,"(1.0, 1.5]"
2.681,1.26,8.471222461614394,6.1633984375,0.6234418153762817,6.1633984375,True,0.901,1681,6.7604298907388145,7.744431509527949,1.26,"(1.0, 1.5]"
2.681,1.46,8.471222461614394,5.07078125,0.6234418153762817,5.07078125,True,0.73,1681,5.477373829344433,7.744431509527949,1.46,"(1.0, 1.5]"
2.681,1.66,8.276007652282715,4.247265625,0.4913603663444519,4.247265625,True,0.681,1681,5.109714490114465,6.1037078517976155,1.66,"(1.5, 2.5]"
2.681,1.86,8.276007652282715,4.6460546874999995,0.5288547277450562,4.6460546874999995,True,0.7705,2214,5.781255528095733,6.569465051104518,1.86,"(1.5, 2.5]"
2.681,2.06,8.276007652282715,4.351015625,0.48804810643196106,4.351015625,True,0.722,1681,5.417347814776274,6.062562761106901,2.06,"(1.5, 2.5]"
2.681,2.26,8.276007652282715,4.4320703125,0.46094810962677,4.4320703125,True,0.724,1681,5.432354318418314,5.725924980338927,2.26,"(1.5, 2.5]"
2.681,2.46,8.276007652282715,4.526093749999999,0.46094810962677,4.526093749999999,True,0.751,1681,5.634942117585848,5.725924980338927,2.46,"(1.5, 2.5]"
2.681,2.66,8.276007652282715,3.9489843749999998,0.45500001311302185,3.9489843749999998,True,0.636,1681,4.772068158168574,5.652037369776614,2.66,"(2.5, 6.0]"
2.881,-5.34,1.9182798862457275,1.0755957031249999,0.10700000077486038,1.0755957031249999,True,0.163,1681,1.2230300468262227,1.3291604077281935,5.34,"(2.5, 6.0]"
2.881,-5.14,1.9182798862457275,1.12017578125,0.13199999928474426,1.12017578125,True,0.148,1681,1.110481269510926,1.639711884101721,5.14,"(2.5, 6.0]"
2.881,-4.94,1.9182798862457275,1.0982910156249999,0.11999999731779099,1.0982910156249999,True,0.146,1681,1.0954747658688866,1.4906471421238672,4.94,"(2.5, 6.0]"
2.881,-4.74,1.9182798862457275,1.290390625,0.15600000321865082,1.290390625,True,0.183,3034,1.3730950832466182,1.9378413680574291,4.74,"(2.5, 6.0]"
2.881,-4.54,1.9182798862457275,1.6940429687499998,0.15600000321865082,1.6940429687499998,True,0.23,1681,1.7257479188345475,1.9378413680574291,4.54,"(2.5, 6.0]"
2.881,-4.34,1.9182798862457275,1.40873046875,0.15399999916553497,1.40873046875,True,0.22,1681,1.6507154006243496,1.9129971981186746,4.34,"(2.5, 6.0]"
2.881,-4.14,1.9182798862457275,1.3900878906249998,0.17000000178813934,1.3900878906249998,True,0.224,1681,1.6807284079084288,2.11175018742248,4.14,"(2.5, 6.0]"
2.881,-3.94,1.9182798862457275,2.1657812499999998,0.1860000044107437,2.1657812499999998,True,0.301,1681,2.258478798126951,2.3105031767262854,3.94,"(2.5, 6.0]"
2.881,-3.74,1.9182798862457275,1.72484375,0.1979999989271164,1.72484375,True,0.268,2583,2.010871488033299,2.4595678261525817,3.74,"(2.5, 6.0]"
2.881,-3.54,1.9182798862457275,1.6891796875,0.1979999989271164,1.6891796875,True,0.241,1681,1.8082836888657647,2.4595678261525817,3.54,"(2.5, 6.0]"
2.881,-3.34,2.027895927429199,1.344697265625,0.1860000044107437,1.344697265625,True,0.191,1681,1.4331210978147764,2.3105031767262854,3.34,"(2.5, 6.0]"
2.881,-3.14,2.438955783843994,1.91775390625,0.18799999356269836,1.91775390625,True,0.251,1681,1.8833162070759626,2.3353471615619243,3.14,"(2.5, 6.0]"
2.881,-2.94,2.301935911178589,2.2598046875,0.1940000057220459,2.2598046875,True,0.291,1681,2.1834462799167533,2.409879671378188,2.94,"(2.5, 6.0]"
2.881,-2.74,2.356743812561035,3.1676171875,0.2240000069141388,3.1676171875,True,0.352,1722,2.6411446409989594,2.782541480047044,2.74,"(2.5, 6.0]"
2.881,-2.54,2.7403998374938965,2.23548828125,0.2240000069141388,2.23548828125,True,0.361,2706,2.708673907388137,2.782541480047044,2.54,"(2.5, 6.0]"
2.881,-2.34,2.7437869624087683,2.807734375,0.2510555684566498,2.807734375,True,0.414,1681,3.1063462539021853,3.118627283324984,2.34,"(1.5, 2.5]"
2.881,-2.14,3.206267833709717,3.0427929687499997,0.27900001406669617,3.0427929687499997,True,0.439,1681,3.2939275494276794,3.465754857640986,2.14,"(1.5, 2.5]"
2.881,-1.94,3.4803078174591064,3.4205078125,0.3409999907016754,3.4205078125,True,0.508,1681,3.811651925078044,4.235922274711222,1.94,"(1.5, 2.5]"
2.881,-1.74,3.3158836364746094,3.1351953125,0.3569999933242798,3.1351953125,True,0.458,1681,3.4364893340270553,4.434675264015027,1.74,"(1.5, 2.5]"
2.881,-1.54,4.850507736206055,6.711328125,0.3569999933242798,6.711328125,True,0.8,2870,6.0026014568158175,4.434675264015027,1.54,"(1.5, 2.5]"
2.881,-1.34,5.645223617553711,8.20921875,0.5198318362236023,8.20921875,True,1.022,1681,7.668323361082207,6.457382153098029,1.34,"(1.0, 1.5]"
2.881,-1.14,6.854387304836646,8.384296875,0.7541332840919495,8.384296875,True,1.196,1722,8.973889177939647,9.367888748656554,1.14,"(1.0, 1.5]"
2.881,-0.94,6.854387304836646,9.681171874999999,0.9779655337333679,12.148640170600844,True,1.393,1681,10.45202978668054,12.14834633783076,0.94,"(0.5, 1.0]"
2.881,-0.74,3.8981419237036454,12.145234375,1.3905999660491943,17.274533739741543,True,1.827,1681,13.708441077003123,17.27411592967973,0.74,"(0.5, 1.0]"
2.881,-0.54,4.853894990189631,15.04375,1.3905999660491943,17.274533739741543,True,2.8425,1722,21.3279933012487,17.27411592967973,0.54,"(0.5, 1.0]"
2.881,-0.34,4.329831600189209,14.019218749999999,1.8164477348327637,22.564568134568493,True,3.183,2419,23.88285054630593,22.56402237722713,0.34,"(-0.001, 0.5]"
2.881,-0.14,3.9221589977579905,16.236874999999998,2.006389856338501,24.924097594267092,True,3.261,1681,24.468104188345475,24.92349476822771,0.14,"(-0.001, 0.5]"
2.881,0.06,3.6173274517059326,14.3953125,1.9261212348937988,23.92697186203477,True,3.117,1681,23.387635926118627,23.926393152951018,0.06,"(-0.001, 0.5]"
2.881,0.26,2.4937639236450195,17.31328125,1.9005937576293945,23.60986034322229,True,2.938,1681,22.04455385015609,23.60928930394806,0.26,"(-0.001, 0.5]"
2.881,0.46,4.15155946043201,15.88671875,1.9005937576293945,23.60986034322229,True,2.459,1681,18.45049622788762,23.60928930394806,0.46,"(-0.001, 0.5]"
2.881,0.66,4.71348762512207,11.51625,1.4435882568359375,17.932773376843944,True,1.804,3116,13.535866285119667,17.932339646286238,0.66,"(0.5, 1.0]"
2.881,0.86,8.522643089294434,11.211484375,1.1626595258712769,14.442975476661823,True,1.69,1681,12.680495577523413,14.442626152010426,0.86,"(0.5, 1.0]"
2.881,1.06,8.276007652282715,8.643671874999999,1.0004242658615112,12.427630631820016,True,1.367,1681,10.256945239334028,12.427330051254385,1.06,"(1.0, 1.5]"
2.881,1.26,8.276007652282715,7.204140625,0.6722221970558167,7.204140625,True,1.007,1681,7.555774583766909,8.350384327591302,1.26,"(1.0, 1.5]"
2.881,1.46,8.276007652282715,4.526093749999999,0.6722221970558167,4.526093749999999,True,0.643,1681,4.824590920915713,8.350384327591302,1.46,"(1.0, 1.5]"
2.881,1.66,8.276007652282715,5.0513281249999995,0.5070000290870667,5.0513281249999995,True,0.691,1681,5.184747008324662,6.297984677565539,1.66,"(1.5, 2.5]"
2.881,1.86,8.276007652282715,4.292656249999999,0.5040000081062317,4.292656249999999,True,0.741,2214,5.559909599375651,6.260718237554292,1.86,"(1.5, 2.5]"
2.881,2.06,8.276007652282715,5.3982421875,0.5387071371078491,5.3982421875,True,0.902,1681,6.7679331425598335,6.691852269337433,2.06,"(1.5, 2.5]"
2.881,2.26,8.276007652282715,4.351015625,0.5230000019073486,4.351015625,True,0.778,1681,5.8375299167533825,6.496737296663113,2.26,"(1.5, 2.5]"
2.881,2.46,8.276007652282715,3.7641796875,0.5230000019073486,3.7641796875,True,0.649,1681,4.869610431841831,6.496737296663113,2.46,"(1.5, 2.5]"
2.881,2.66,8.276007652282715,3.4788671874999997,0.4779999852180481,3.4788671874999997,True,0.585,1681,4.389402315296566,5.937744398556714,2.66,"(2.5, 6.0]"
3.081,-5.34,1.9182798862457275,0.8875488281249999,0.10000000149011612,0.8875488281249999,True,0.14,1681,1.0504552549427681,1.2422059980456681,5.34,"(2.5, 6.0]"
3.081,-5.14,2.027895927429199,1.049658203125,0.11100000143051147,1.049658203125,True,0.128,1681,0.9604162330905307,1.3788486550541448,5.14,"(2.5, 6.0]"
3.081,-4.94,2.027895927429199,0.97427734375,0.12099999934434891,0.97427734375,True,0.151,1681,1.1329910249739854,1.5030692270932444,4.94,"(2.5, 6.0]"
3.081,-4.74,2.027895927429199,1.059384765625,0.12999999523162842,1.059384765625,True,0.18,3034,1.3505853277835589,1.6148677141629666,4.74,"(2.5, 6.0]"
3.081,-4.54,2.027895927429199,1.274990234375,0.12999999523162842,1.274990234375,True,0.199,1681,1.4931471123829345,1.6148677141629666,4.54,"(2.5, 6.0]"
3.081,-4.34,2.027895927429199,1.9744921874999999,0.16899999976158142,1.9744921874999999,True,0.278,1681,2.0859040062434966,2.0993281024531028,4.34,"(2.5, 6.0]"
3.081,-4.14,2.027895927429199,1.9485546875,0.2029999941587448,1.9485546875,True,0.308,1681,2.3110015608740895,2.5216780658963525,4.14,"(2.5, 6.0]"
3.081,-3.94,2.027895927429199,1.75078125,0.2070000022649765,1.75078125,True,0.262,1681,1.96585197710718,2.5713664057738614,3.94,"(2.5, 6.0]"
3.081,-3.74,2.027895927429199,2.6229296874999997,0.22300000488758087,2.6229296874999997,True,0.359,2583,2.693667403746098,2.770119395077667,3.74,"(2.5, 6.0]"
3.081,-3.54,2.027895927429199,1.6105566406249998,0.22300000488758087,1.6105566406249998,True,0.291,1681,2.1834462799167533,2.770119395077667,3.54,"(2.5, 6.0]"
3.081,-3.34,1.6168358325958252,1.518154296875,0.1770000010728836,1.518154296875,True,0.207,1681,1.5531731269510927,2.198704597105005,3.34,"(2.5, 6.0]"
3.081,-3.14,2.301935911178589,2.0587890625,0.17599999904632568,2.0587890625,True,0.261,1681,1.9583487252861604,2.186282512135628,3.14,"(2.5, 6.0]"
3.081,-2.94,2.2471277713775635,1.9469335937499999,0.21699999272823334,1.9469335937499999,True,0.26,1681,1.9508454734651406,2.6955868852614033,2.94,"(2.5, 6.0]"
3.081,-2.74,2.301935911178589,2.3846289062499997,0.22300000488758087,2.3846289062499997,True,0.289,1722,2.1684397762747136,2.770119395077667,2.74,"(2.5, 6.0]"
3.081,-2.54,2.603379964828491,2.94390625,0.22300000488758087,2.94390625,True,0.422,2747,3.1663722684703433,2.770119395077667,2.54,"(2.5, 6.0]"
3.081,-2.34,2.9082109049746863,2.7283007812499998,0.26100000739097595,2.7283007812499998,True,0.445,1722,3.338947060353798,3.242157698398426,2.34,"(1.5, 2.5]"
3.081,-2.14,2.712995767593384,2.6975,0.2770000100135803,2.6975,True,0.45,1722,3.3764633194588973,3.4409106877022313,2.14,"(1.5, 2.5]"
3.081,-1.94,2.9048237800598145,2.7785546875,0.30300000309944153,2.7785546875,True,0.416,1722,3.1213527575442246,3.763884156493578,1.94,"(1.5, 2.5]"
3.081,-1.74,3.6447317600250244,3.7447265625,0.3721149265766144,3.7447265625,True,0.528,1722,3.9617169614984395,4.622433868678305,1.74,"(1.5, 2.5]"
3.081,-1.54,5.01831867461814,6.205546875,0.3721149265766144,6.205546875,True,0.84,2998,6.302731529656608,4.622433868678305,1.54,"(1.5, 2.5]"
3.081,-1.34,5.480799674987793,9.032734375,0.5670769214630127,9.032734375,True,1.1324999999999998,1804,8.49743268730489,7.044263426978561,1.34,"(1.0, 1.5]"
3.081,-1.14,2.767803907394409,10.848359375,0.7342221736907959,10.848359375,True,1.597,1845,11.982693158168574,9.120551744661539,1.14,"(1.0, 1.5]"
3.081,-0.94,3.511098883205787,12.41109375,1.0519840717315674,13.068125114677855,True,1.9135,1804,14.357472359521331,13.067809042809044,0.94,"(0.5, 1.0]"
3.081,-0.74,3.8981419237036454,14.61578125,1.3273169994354248,16.48840993087484,True,2.076,1804,15.576750780437045,16.488011134376123,0.74,"(0.5, 1.0]"
3.081,-0.54,4.525046846920386,14.991874999999999,1.3273169994354248,16.48840993087484,True,2.501,1848,18.765632804370448,16.488011134376123,0.54,"(0.5, 1.0]"
3.081,-0.34,4.138003826141357,15.095625,1.6305595636367798,20.255398306046953,True,2.856,2596,21.429287200832466,20.254908399381694,0.34,"(-0.001, 0.5]"
3.081,-0.14,3.288479804992676,13.195703125,1.8071051836013794,22.44851159753266,True,3.017,1804,22.63731074401665,22.447968647189718,0.14,"(-0.001, 0.5]"
3.081,0.06,3.6447317600250244,13.70796875,2.05049991607666,25.47204864691503,True,3.221,1804,24.167974115504684,25.47143256787174,0.06,"(-0.001, 0.5]"
3.081,0.26,3.576068179051679,14.369375,2.0482916831970215,25.444617182571694,True,3.6525,1804,27.405627276274714,25.444001766998802,0.26,"(-0.001, 0.5]"
3.081,0.46,4.128157282234135,13.305937499999999,2.0482916831970215,25.444617182571694,True,2.316,1807,17.37753121748179,25.444001766998802,0.46,"(-0.001, 0.5]"
3.081,0.66,5.782243251800537,12.813125,1.4303125143051147,17.76785732056043,True,1.819,3274,13.648415062434964,17.767427578740637,0.66,"(0.5, 1.0]"
3.081,0.86,8.02937126159668,12.333281249999999,1.1537142992019653,14.33185464847162,True,2.023,1722,15.179078433922998,14.331508011441247,0.86,"(0.5, 1.0]"
3.081,1.06,9.951038382107154,10.186953124999999,1.1255526542663574,13.982020549892638,True,1.567,1722,11.75759560353798,13.98168237411561,1.06,"(1.0, 1.5]"
3.081,1.26,9.951038382107154,8.559375,0.8216521739959717,8.559375,True,1.547,1722,11.607530567117585,10.206612436360212,1.26,"(1.0, 1.5]"
3.081,1.46,9.951038382107154,6.228242187499999,0.8216521739959717,6.228242187499999,True,0.958,1723,7.188115244536941,10.206612436360212,1.46,"(1.0, 1.5]"
3.081,1.66,8.276007652282715,5.0351171875,0.5521087050437927,5.0351171875,True,0.749,1722,5.619935613943809,6.858327347589218,1.66,"(1.5, 2.5]"
3.081,1.86,8.276007652282715,5.427421874999999,0.5535780191421509,5.427421874999999,True,0.882,2227,6.617868106139438,6.8765792551771785,1.86,"(1.5, 2.5]"
3.081,2.06,8.276007652282715,3.9814062499999996,0.5408048033714294,3.9814062499999996,True,0.688,1681,5.162237252861602,6.717909605094324,2.06,"(1.5, 2.5]"
3.081,2.26,8.276007652282715,4.441796875,0.546999990940094,4.441796875,True,0.75,1681,5.627438865764828,6.794866595515706,2.26,"(1.5, 2.5]"
3.081,2.46,8.276007652282715,5.1777734375,0.546999990940094,5.1777734375,True,0.85,1681,6.377764047866806,6.794866595515706,2.46,"(1.5, 2.5]"
3.081,2.66,8.276007652282715,3.67015625,0.5260000228881836,3.67015625,True,0.596,1681,4.471938085327784,6.534003736674361,2.66,"(2.5, 6.0]"
3.281,-5.34,2.027895927429199,0.87052734375,0.11699999868869781,0.87052734375,True,0.154,1681,1.1555007804370447,1.453380979767293,5.34,"(2.5, 6.0]"
3.281,-5.14,2.027895927429199,0.9572558593749999,0.10599999874830246,0.9572558593749999,True,0.134,1681,1.0054357440166495,1.3167383227588163,5.14,"(2.5, 6.0]"
3.281,-4.94,2.027895927429199,1.033447265625,0.11400000005960464,1.033447265625,True,0.168,1681,1.2605463059313216,1.416114817410719,4.94,"(2.5, 6.0]"
3.281,-4.74,2.027895927429199,1.00021484375,0.12600000202655792,1.00021484375,True,0.155,2952,1.1630040322580646,1.565179559388573,4.74,"(2.5, 6.0]"
3.281,-4.54,2.027895927429199,1.5303125,0.12600000202655792,1.5303125,True,0.204,1681,1.5306633714880333,1.565179559388573,4.54,"(2.5, 6.0]"
3.281,-4.34,2.027895927429199,2.29708984375,0.19699999690055847,2.29708984375,True,0.297,1681,2.228465790842872,2.4471457411832045,4.34,"(2.5, 6.0]"
3.281,-4.14,2.027895927429199,1.67783203125,0.20399999618530273,1.67783203125,True,0.227,1681,1.7032381633714881,2.5341001508657297,4.14,"(2.5, 6.0]"
3.281,-3.94,2.027895927429199,2.00853515625,0.19499999284744263,2.00853515625,True,0.272,1722,2.040884495317378,2.42230157124445,3.94,"(2.5, 6.0]"
3.281,-3.74,2.027895927429199,1.5165332031249998,0.19300000369548798,1.5165332031249998,True,0.231,2583,1.7332511706555673,2.3974575864088106,3.74,"(2.5, 6.0]"
3.281,-3.54,2.027895927429199,1.6762109374999998,0.19300000369548798,1.6762109374999998,True,0.251,1722,1.8833162070759626,2.3974575864088106,3.54,"(2.5, 6.0]"
3.281,-3.34,1.7264518737792969,1.1671875,0.1850000023841858,1.1671875,True,0.191,1681,1.4331210978147764,2.298081091756908,3.34,"(2.5, 6.0]"
3.281,-3.14,2.1649158000946045,1.7799609374999998,0.1720000058412552,1.7799609374999998,True,0.255,1681,1.9133292143600418,2.1365943573612345,3.14,"(2.5, 6.0]"
3.281,-2.94,2.356743812561035,1.84642578125,0.1979999989271164,1.84642578125,True,0.273,1681,2.0483877471383978,2.4595678261525817,2.94,"(2.5, 6.0]"
3.281,-2.74,2.548572063446045,2.08796875,0.23100000619888306,2.08796875,True,0.353,1681,2.6486478928199793,2.8694958897295697,2.74,"(2.5, 6.0]"
3.281,-2.54,2.603379964828491,3.04927734375,0.23100000619888306,3.04927734375,True,0.474,2747,3.5565413631633715,2.8694958897295697,2.54,"(2.5, 6.0]"
3.281,-2.34,3.3706917762756348,4.351015625,0.33000001311302185,4.351015625,True,0.539,1681,4.044252731529657,4.099279895357418,2.34,"(1.5, 2.5]"
3.281,-2.14,4.579854768021662,4.18890625,0.3709999918937683,4.18890625,True,0.57,1681,4.276853537981269,4.608584083380078,2.14,"(1.5, 2.5]"
3.281,-1.94,3.9461758136749268,4.2375390625,0.37299999594688416,4.2375390625,True,0.572,1681,4.291860041623309,4.633428253318833,1.94,"(1.5, 2.5]"
3.281,-1.74,4.165408134460449,4.1532421875,0.4209921061992645,4.1532421875,True,0.604,1681,4.531964099895942,5.229589116579103,1.74,"(1.5, 2.5]"
3.281,-1.54,5.0423359870910645,4.506640625,0.4209921061992645,4.506640625,True,0.699,2870,5.2447730228928195,5.229589116579103,1.54,"(1.5, 2.5]"
3.281,-1.34,5.782243251800537,6.737265625,0.5059999823570251,6.737265625,True,0.854,1681,6.407777055150884,6.285562037286815,1.34,"(1.0, 1.5]"
3.281,-1.14,3.589923620223999,11.107734375,0.8192321062088013,11.107734375,True,1.629,1681,12.222797216441208,10.176550209599172,1.14,"(1.0, 1.5]"
3.281,-0.94,3.178863763809204,15.251249999999999,1.5673388242721558,19.470047506486406,True,2.629,1681,19.726049037460978,19.469576594687872,0.94,"(0.5, 1.0]"
3.281,-0.74,4.768295764923096,14.87515625,1.5148333311080933,18.81780535538004,True,2.422,1681,18.172875910509887,18.81735021901936,0.74,"(0.5, 1.0]"
3.281,-0.54,3.3980960845947266,14.04515625,1.5148333311080933,18.81780535538004,True,2.314,1722,17.36252471383975,18.81735021901936,0.54,"(0.5, 1.0]"
3.281,-0.34,3.9461758136749268,8.980859375,1.6687170267105103,20.729404058515655,True,3.393,2419,25.45853342872008,20.72890268732257,0.34,"(-0.001, 0.5]"
3.281,-0.14,3.8913679122924805,9.32453125,1.9363332986831665,24.053829797306417,True,3.416,1681,25.631108220603537,24.05324801997651,0.14,"(-0.001, 0.5]"
3.281,0.06,3.6447317600250244,16.37953125,1.9654934406280518,24.416067585441635,True,2.797,1681,20.986595343392302,24.41547704685687,0.06,"(-0.001, 0.5]"
3.281,0.26,4.686083793640137,14.07109375,1.4858334064483643,18.45755784407906,True,2.079,1681,15.599260535900106,18.45711142083546,0.26,"(-0.001, 0.5]"
3.281,0.46,7.083780156042343,10.36203125,1.4858334064483643,18.45755784407906,True,1.907,1722,14.308701222684704,18.45711142083546,0.46,"(-0.001, 0.5]"
3.281,0.66,7.083780156042343,11.029921875,1.1800000667572021,14.658385922449716,True,1.674,3116,12.560443548387097,14.658031387779165,0.66,"(0.5, 1.0]"
3.281,0.86,8.443819067531958,10.284218749999999,1.0624419450759888,13.198036584794892,True,1.601,1681,12.012706165452654,13.19771737082568,0.86,"(0.5, 1.0]"
3.281,1.06,8.056775093078613,10.46578125,1.1425199508666992,14.192794420704338,True,1.537,1681,11.532498048907389,14.192451147050555,1.06,"(1.0, 1.5]"
3.281,1.26,8.056775093078613,8.202734375,0.8952982425689697,8.202734375,True,1.283,1681,9.626672086368366,11.121448303866703,1.26,"(1.0, 1.5]"
3.281,1.46,8.056775093078613,8.111953125,0.8952982425689697,8.111953125,True,1.165,1722,8.741288371488034,11.121448303866703,1.46,"(1.0, 1.5]"
3.281,1.66,8.056775093078613,6.0239843749999995,0.7619893550872803,6.0239843749999995,True,0.916,1681,6.8729786680541105,9.465477332317096,1.66,"(1.5, 2.5]"
3.281,1.86,8.056775093078613,5.2847656249999995,0.6086991429328918,5.2847656249999995,True,0.866,2214,6.4978160770031215,7.561297150892849,1.86,"(1.5, 2.5]"
3.281,2.06,8.056775093078613,4.545546874999999,0.5299999713897705,4.545546874999999,True,0.784,1681,5.882549427679501,6.583691336139408,2.06,"(1.5, 2.5]"
3.281,2.26,8.056775093078613,4.81140625,0.5139999985694885,4.81140625,True,0.761,1681,5.709974635796046,6.384938717041834,2.26,"(1.5, 2.5]"
3.281,2.46,8.276007652282715,4.08515625,0.5139999985694885,4.08515625,True,0.708,1681,5.312302289281998,6.384938717041834,2.46,"(1.5, 2.5]"
3.281,2.66,8.276007652282715,3.7706640625,0.49399998784065247,3.7706640625,True,0.696,1681,5.222263267429761,6.136497387860519,2.66,"(2.5, 6.0]"
3.481,-5.34,2.027895927429199,1.03912109375,0.11699999868869781,1.03912109375,True,0.138,1681,1.0354487513007284,1.453380979767293,5.34,"(2.5, 6.0]"
3.481,-5.14,2.027895927429199,0.9434765625,0.10599999874830246,0.9434765625,True,0.137,1681,1.0279454994797088,1.3167383227588163,5.14,"(2.5, 6.0]"
3.481,-4.94,2.027895927429199,1.044794921875,0.11400000005960464,1.044794921875,True,0.171,1681,1.2830560613943809,1.416114817410719,4.94,"(2.5, 6.0]"
3.481,-4.74,2.027895927429199,0.978330078125,0.12600000202655792,0.978330078125,True,0.139,2952,1.0429520031217483,1.565179559388573,4.74,"(2.5, 6.0]"
3.481,-4.54,2.027895927429199,1.04560546875,0.12600000202655792,1.04560546875,True,0.147,1681,1.1029780176899062,1.565179559388573,4.54,"(2.5, 6.0]"
3.481,-4.34,2.027895927429199,1.5165332031249998,0.19699999690055847,1.5165332031249998,True,0.161,1681,1.2080235431841833,2.4471457411832045,4.34,"(2.5, 6.0]"
3.481,-4.14,2.027895927429199,1.7718554687499999,0.20399999618530273,1.7718554687499999,True,0.204,1681,1.5306633714880333,2.5341001508657297,4.14,"(2.5, 6.0]"
3.481,-3.94,2.027895927429199,1.70052734375,0.19499999284744263,1.70052734375,True,0.246,1722,1.8457999479708638,2.42230157124445,3.94,"(2.5, 6.0]"
3.481,-3.74,2.027895927429199,1.3900878906249998,0.19300000369548798,1.3900878906249998,True,0.218,2583,1.6357088969823101,2.3974575864088106,3.74,"(2.5, 6.0]"
3.481,-3.54,1.7264518737792969,1.560302734375,0.19300000369548798,1.560302734375,True,0.247,1722,1.8533031997918834,2.3974575864088106,3.54,"(2.5, 6.0]"
3.481,-3.34,1.7264518737792969,2.0441992187499998,0.1850000023841858,2.0441992187499998,True,0.247,1681,1.8533031997918834,2.298081091756908,3.34,"(2.5, 6.0]"
3.481,-3.14,2.356743812561035,1.437099609375,0.1720000058412552,1.437099609375,True,0.207,1681,1.5531731269510927,2.1365943573612345,3.14,"(2.5, 6.0]"
3.481,-2.94,2.356743812561035,1.78806640625,0.1979999989271164,1.78806640625,True,0.26,1681,1.9508454734651406,2.4595678261525817,2.94,"(2.5, 6.0]"
3.481,-2.74,2.548572063446045,1.85939453125,0.23100000619888306,1.85939453125,True,0.262,1681,1.96585197710718,2.8694958897295697,2.74,"(2.5, 6.0]"
3.481,-2.54,2.603379964828491,3.6312499999999996,0.23100000619888306,3.6312499999999996,True,0.458,2747,3.4364893340270553,2.8694958897295697,2.54,"(2.5, 6.0]"
3.481,-2.34,4.579854768021662,6.361171874999999,0.33000001311302185,6.361171874999999,True,0.681,1681,5.109714490114465,4.099279895357418,2.34,"(1.5, 2.5]"
3.481,-2.14,4.579854768021662,5.9688671875,0.3709999918937683,5.9688671875,True,0.648,1681,4.8621071800208115,4.608584083380078,2.14,"(1.5, 2.5]"
3.481,-1.94,3.918771743774414,4.42234375,0.37299999594688416,4.42234375,True,0.664,1681,4.982159209157128,4.633428253318833,1.94,"(1.5, 2.5]"
3.481,-1.74,4.165408134460449,6.866953124999999,0.4209921061992645,6.866953124999999,True,0.957,1681,7.180611992715921,5.229589116579103,1.74,"(1.5, 2.5]"
3.481,-1.54,5.014931678771973,5.589531249999999,0.4209921061992645,5.589531249999999,True,0.713,2870,5.349818548387097,5.229589116579103,1.54,"(1.5, 2.5]"
3.481,-1.34,5.014931678771973,5.8002734375,0.5059999823570251,5.8002734375,True,0.816,1681,6.122653485952133,6.285562037286815,1.34,"(1.0, 1.5]"
3.481,-1.14,3.6173274517059326,10.997499999999999,0.8192321062088013,10.997499999999999,True,1.583,1681,11.877647632674298,10.176550209599172,1.14,"(1.0, 1.5]"
3.481,-0.94,3.6173274517059326,12.041484375,1.5673388242721558,19.470047506486406,True,1.867,1681,14.008571149843913,19.469576594687872,0.94,"(0.5, 1.0]"
3.481,-0.74,3.3980960845947266,12.916875,1.5148333311080933,18.81780535538004,True,1.959,1681,14.698870317377732,18.81735021901936,0.74,"(0.5, 1.0]"
3.481,-0.54,3.3980960845947266,11.06234375,1.5148333311080933,18.81780535538004,True,2.524,1722,18.938207596253903,18.81735021901936,0.54,"(0.5, 1.0]"
3.481,-0.34,3.3980960845947266,8.124921875,1.6687170267105103,20.729404058515655,True,3.344,2419,25.090874089490114,20.72890268732257,0.34,"(-0.001, 0.5]"
3.481,-0.14,3.8913679122924805,10.251796875,1.9363332986831665,24.053829797306417,True,3.518,1681,26.396439906347553,24.05324801997651,0.14,"(-0.001, 0.5]"
3.481,0.06,4.686083793640137,15.095625,1.9654934406280518,24.416067585441635,True,2.584,1681,19.38840270551509,24.41547704685687,0.06,"(-0.001, 0.5]"
3.481,0.26,4.686083793640137,15.251249999999999,1.4858334064483643,18.45755784407906,True,2.257,1681,16.934839360041625,18.45711142083546,0.26,"(-0.001, 0.5]"
3.481,0.46,7.083780156042343,11.198515624999999,1.4858334064483643,18.45755784407906,True,1.7545,1722,13.164455319979188,18.45711142083546,0.46,"(-0.001, 0.5]"
3.481,0.66,7.083780156042343,9.89515625,1.1800000667572021,14.658385922449716,True,1.3635000000000002,3116,10.230683857960459,14.658031387779165,0.66,"(0.5, 1.0]"
3.481,0.86,8.608243010097876,12.38515625,1.0624419450759888,13.198036584794892,True,1.852,1681,13.896022372528616,13.19771737082568,0.86,"(0.5, 1.0]"
3.481,1.06,8.608243010097876,10.33609375,1.1425199508666992,14.192794420704338,True,1.482,1681,11.119819198751301,14.192451147050555,1.06,"(1.0, 1.5]"
3.481,1.26,8.056775093078613,9.22078125,0.8952982425689697,9.22078125,True,1.395,1681,10.46703629032258,11.121448303866703,1.26,"(1.0, 1.5]"
3.481,1.46,8.056775093078613,7.5542968749999995,0.8952982425689697,7.5542968749999995,True,1.19,1722,8.928869667013528,11.121448303866703,1.46,"(1.0, 1.5]"
3.481,1.66,8.056775093078613,7.009609374999999,0.7619893550872803,7.009609374999999,True,1.09,1681,8.178544484911551,9.465477332317096,1.66,"(1.5, 2.5]"
3.481,1.86,8.056775093078613,5.362578125,0.6086991429328918,5.362578125,True,0.854,2173,6.407777055150884,7.561297150892849,1.86,"(1.5, 2.5]"
3.481,2.06,8.056775093078613,5.4112109375,0.5299999713897705,5.4112109375,True,0.797,1640,5.980091701352758,6.583691336139408,2.06,"(1.5, 2.5]"
3.481,2.26,8.056775093078613,4.143515625,0.5139999985694885,4.143515625,True,0.691,1640,5.184747008324662,6.384938717041834,2.26,"(1.5, 2.5]"
3.481,2.46,8.056775093078613,4.6428125,0.5139999985694885,4.6428125,True,0.74,1640,5.552406347554631,6.384938717041834,2.46,"(1.5, 2.5]"
3.481,2.66,8.056775093078613,3.7025781249999996,0.49399998784065247,3.7025781249999996,True,0.6575,1640,4.9333880723205,6.136497387860519,2.66,"(2.5, 6.0]"
3.681,-5.34,2.027895927429199,0.790283203125,0.125,0.790283203125,True,0.126,1681,0.9454097294484912,1.5527574744191956,5.34,"(2.5, 6.0]"
3.681,-5.14,2.027895927429199,0.821083984375,0.09700000286102295,0.821083984375,True,0.141,1681,1.0579585067637876,1.204939835689094,5.14,"(2.5, 6.0]"
3.681,-4.94,2.027895927429199,0.9037597656249999,0.10999999940395355,0.9037597656249999,True,0.144,1681,1.0804682622268469,1.3664265700847675,4.94,"(2.5, 6.0]"
3.681,-4.74,2.027895927429199,1.0601953124999999,0.13699999451637268,1.0601953124999999,True,0.171,2952,1.2830560613943809,1.701822123845492,4.74,"(2.5, 6.0]"
3.681,-4.54,2.027895927429199,1.50275390625,0.13699999451637268,1.50275390625,True,0.182,1681,1.3655918314255984,1.701822123845492,4.54,"(2.5, 6.0]"
3.681,-4.34,2.027895927429199,1.23203125,0.14800000190734863,1.23203125,True,0.188,1681,1.410611342351717,1.8384648734055264,4.34,"(2.5, 6.0]"
3.681,-4.14,2.027895927429199,1.4127832031249998,0.1469999998807907,1.4127832031249998,True,0.232,1681,1.740754422476587,1.8260427884361492,4.14,"(2.5, 6.0]"
3.681,-3.94,2.027895927429199,1.48005859375,0.19499999284744263,1.48005859375,True,0.255,1722,1.9133292143600418,2.42230157124445,3.94,"(2.5, 6.0]"
3.681,-3.74,2.027895927429199,1.80103515625,0.20200000703334808,1.80103515625,True,0.255,2583,1.9133292143600418,2.5092561660300907,3.74,"(2.5, 6.0]"
3.681,-3.54,1.7264518737792969,1.90802734375,0.20200000703334808,1.90802734375,True,0.265,1722,1.9883617325702394,2.5092561660300907,3.54,"(2.5, 6.0]"
3.681,-3.34,1.7264518737792969,1.4249414062499999,0.1860000044107437,1.4249414062499999,True,0.22,1681,1.6507154006243496,2.3105031767262854,3.34,"(2.5, 6.0]"
3.681,-3.14,2.356743812561035,1.601640625,0.1720000058412552,1.601640625,True,0.249,1681,1.868309703433923,2.1365943573612345,3.14,"(2.5, 6.0]"
3.681,-2.94,2.356743812561035,1.7151171875,0.16899999976158142,1.7151171875,True,0.267,1681,2.003368236212279,2.0993281024531028,2.94,"(2.5, 6.0]"
3.681,-2.74,2.356743812561035,1.84642578125,0.17399999499320984,1.84642578125,True,0.282,1681,2.115917013527575,2.1614383421968735,2.74,"(2.5, 6.0]"
3.681,-2.54,2.603379964828491,2.5418749999999997,0.17399999499320984,2.5418749999999997,True,0.381,2747,2.858738943808533,2.1614383421968735,2.54,"(2.5, 6.0]"
3.681,-2.34,4.579854768021662,4.464492187499999,0.36998701095581055,4.464492187499999,True,0.517,1681,3.879181191467222,4.596000773597213,2.34,"(1.5, 2.5]"
3.681,-2.14,4.579854768021662,4.66875,0.44268786907196045,4.66875,True,0.629,1681,4.719545395421436,5.499095180289543,2.14,"(1.5, 2.5]"
3.681,-1.94,3.918771743774414,4.675234375,0.48500001430511475,4.675234375,True,0.679,1681,5.094707986472425,6.02469917844547,1.94,"(1.5, 2.5]"
3.681,-1.74,4.165408134460449,6.711328125,0.5350000262260437,6.711328125,True,0.822,1681,6.1676729968782515,6.64580231629564,1.74,"(1.5, 2.5]"
3.681,-1.54,5.014931678771973,7.833125,0.5350000262260437,7.833125,True,0.94,2870,7.053056711758584,6.64580231629564,1.54,"(1.5, 2.5]"
3.681,-1.34,5.014931678771973,7.126328125,0.5182726979255676,7.126328125,True,0.875,1681,6.5653453433923,6.438014443930617,1.34,"(1.0, 1.5]"
3.681,-1.14,3.6173274517059326,9.071640624999999,0.6869854927062988,9.071640624999999,True,1.468,1681,11.014773673257023,8.533774868938075,1.14,"(1.0, 1.5]"
3.681,-0.94,3.6173274517059326,9.603359375,1.326102614402771,16.473324402518895,True,1.439,1681,10.797179370447452,16.472925970885914,0.94,"(0.5, 1.0]"
3.681,-0.74,3.3980960845947266,10.569531249999999,1.3102173805236816,16.275992304642006,True,1.466,1681,10.999767169614984,16.27559864577669,0.74,"(0.5, 1.0]"
3.681,-0.54,3.3980960845947266,13.954374999999999,1.3102173805236816,16.275992304642006,True,2.109,1722,15.824358090530698,16.27559864577669,0.54,"(0.5, 1.0]"
3.681,-0.34,3.3980960845947266,14.77140625,1.6467453241348267,20.45646365384878,True,2.609,2419,19.575984001040585,20.455968884121706,0.34,"(-0.001, 0.5]"
3.681,-0.14,3.8913679122924805,5.3787890625,1.7717266082763672,22.009026189768537,True,3.267,1681,24.513123699271592,22.008493869027998,0.14,"(-0.001, 0.5]"
3.681,0.06,4.686083793640137,15.41984375,1.6830453872680664,20.90739611513126,True,2.571,1681,19.290860431841832,20.906890438937918,0.06,"(-0.001, 0.5]"
3.681,0.26,4.686083793640137,12.761249999999999,1.4102075099945068,17.518105714217477,True,1.84,1681,13.80598335067638,17.517682013008425,0.26,"(-0.001, 0.5]"
3.681,0.46,7.083780156042343,10.939140625,1.4102075099945068,17.518105714217477,True,1.6545,1722,12.414130137877212,17.517682013008425,0.46,"(-0.001, 0.5]"
3.681,0.66,8.608243010097876,9.603359375,1.038390040397644,12.89925516021918,True,1.39,3116,10.429520031217482,12.89894317271914,0.66,"(0.5, 1.0]"
3.681,0.86,8.608243010097876,9.499609375,0.9710547924041748,12.062792452225773,True,1.435,1681,10.767166363163373,12.062500695809302,0.86,"(0.5, 1.0]"
3.681,1.06,8.608243010097876,9.181875,1.0596575736999512,13.163448120496287,True,1.209,1681,9.071431451612904,13.163129743100072,1.06,"(1.0, 1.5]"
3.681,1.26,8.056775093078613,8.410234375,0.9497058987617493,8.410234375,True,1.225,1681,9.19148348074922,11.79730346241845,1.26,"(1.0, 1.5]"
3.681,1.46,8.056775093078613,7.567265624999999,0.9497058987617493,7.567265624999999,True,1.147,1722,8.606229838709679,11.79730346241845,1.46,"(1.0, 1.5]"
3.681,1.66,8.056775093078613,6.795624999999999,0.750754177570343,6.795624999999999,True,1.018,1681,7.638310353798127,9.325913285390289,1.66,"(1.5, 2.5]"
3.681,1.86,8.056775093078613,5.881328125,0.6801759600639343,5.881328125,True,0.866,2214,6.4978160770031215,8.449186447276212,1.86,"(1.5, 2.5]"
3.681,2.06,8.056775093078613,5.489023437499999,0.5759999752044678,5.489023437499999,True,0.861,1681,6.460299817898023,7.15510613411207,2.06,"(1.5, 2.5]"
3.681,2.26,8.056775093078613,4.8211328125,0.514783501625061,4.8211328125,True,0.774,1681,5.807516909469303,6.394671438847998,2.26,"(1.5, 2.5]"
3.681,2.46,8.056775093078613,3.8030859374999997,0.514783501625061,3.8030859374999997,True,0.651,1681,4.884616935483871,6.394671438847998,2.46,"(1.5, 2.5]"
3.681,2.66,8.056775093078613,3.430234375,0.4749999940395355,3.430234375,True,0.583,1681,4.3743958116545265,5.9004783287516975,2.66,"(2.5, 6.0]"
3.881,-5.34,2.027895927429199,0.785419921875,0.11900000274181366,0.785419921875,True,0.142,1681,1.0654617585848074,1.4782251497060475,5.34,"(2.5, 6.0]"
3.881,-5.14,2.027895927429199,0.866474609375,0.11500000208616257,0.866474609375,True,0.151,1681,1.1329910249739854,1.4285369023800962,5.14,"(2.5, 6.0]"
3.881,-4.94,2.027895927429199,0.821083984375,0.1120000034570694,0.821083984375,True,0.157,1681,1.178010535900104,1.391270740023522,4.94,"(2.5, 6.0]"
3.881,-4.74,2.027895927429199,1.0537109375,0.11900000274181366,1.0537109375,True,0.152,2952,1.1404942767950053,1.4782251497060475,4.74,"(2.5, 6.0]"
3.881,-4.54,2.027895927429199,1.18826171875,0.11900000274181366,1.18826171875,True,0.159,1681,1.1930170395421436,1.4782251497060475,4.54,"(2.5, 6.0]"
3.881,-4.34,2.027895927429199,1.15583984375,0.1379999965429306,1.15583984375,True,0.179,1681,1.343082075962539,1.7142442088148693,4.34,"(2.5, 6.0]"
3.881,-4.14,2.027895927429199,1.119365234375,0.1589999943971634,1.119365234375,True,0.158,1681,1.185513787721124,1.9751074378624456,4.14,"(2.5, 6.0]"
3.881,-3.94,2.027895927429199,1.349560546875,0.18799999356269836,1.349560546875,True,0.219,1722,1.64321214880333,2.3353471615619243,3.94,"(2.5, 6.0]"
3.881,-3.74,2.027895927429199,1.38927734375,0.20399999618530273,1.38927734375,True,0.218,2583,1.6357088969823101,2.5341001508657297,3.74,"(2.5, 6.0]"
3.881,-3.54,1.7264518737792969,1.72484375,0.20399999618530273,1.72484375,True,0.238,1722,1.7857739334027054,2.5341001508657297,3.54,"(2.5, 6.0]"
3.881,-3.34,2.356743812561035,2.01177734375,0.19699999690055847,2.01177734375,True,0.291,1681,2.1834462799167533,2.4471457411832045,3.34,"(2.5, 6.0]"
3.881,-3.14,2.356743812561035,1.639736328125,0.18799999356269836,1.639736328125,True,0.228,1681,1.710741415192508,2.3353471615619243,3.14,"(2.5, 6.0]"
3.881,-2.94,2.356743812561035,1.90478515625,0.1899999976158142,1.90478515625,True,0.27,1681,2.025877991675338,2.360191331500679,2.94,"(2.5, 6.0]"
3.881,-2.74,2.356743812561035,1.97125,0.2029999941587448,1.97125,True,0.271,1681,2.033381243496358,2.5216780658963525,2.74,"(2.5, 6.0]"
3.881,-2.54,4.579854768021662,2.5321484375,0.2029999941587448,2.5321484375,True,0.339,2747,2.5436023673257027,2.5216780658963525,2.54,"(2.5, 6.0]"
3.881,-2.34,4.579854768021662,4.46125,0.28200000524520874,4.46125,True,0.533,1681,3.9992332206035384,3.503020927446002,2.34,"(1.5, 2.5]"
3.881,-2.14,4.579854768021662,4.91515625,0.38983333110809326,4.91515625,True,0.627,1681,4.704538891779396,4.8425329492466,2.14,"(1.5, 2.5]"
3.881,-1.94,4.579854768021662,4.7433203125,0.4519999921321869,4.7433203125,True,0.643,1681,4.824590920915713,5.614770929765367,1.94,"(1.5, 2.5]"
3.881,-1.74,4.165408134460449,6.970703125,0.5588461756706238,6.970703125,True,0.794,1681,5.957581945889698,6.942020610585152,1.74,"(1.5, 2.5]"
3.881,-1.54,5.014931678771973,6.828046875,0.5588461756706238,6.828046875,True,0.9065,2870,6.801697775754422,6.942020610585152,1.54,"(1.5, 2.5]"
3.881,-1.34,5.014931678771973,7.268984375,0.6449224948883057,7.268984375,True,0.966,1681,7.248141259105099,8.011265794871138,1.34,"(1.0, 1.5]"
3.881,-1.14,3.6173274517059326,8.993828125,0.7293333411216736,8.993828125,True,1.235,1681,9.266515998959418,9.05982237415843,1.14,"(1.0, 1.5]"
3.881,-0.94,3.6173274517059326,10.95859375,1.2050303220748901,14.969320771116648,True,1.728,1681,12.965619146722165,14.968958716028451,0.94,"(0.5, 1.0]"
3.881,-0.74,3.3980960845947266,11.684843749999999,1.0648393630981445,13.22781817513223,True,1.826,1681,13.700937825182104,13.227498240851357,0.74,"(0.5, 1.0]"
3.881,-0.54,3.3980960845947266,10.95859375,1.0648393630981445,13.22781817513223,True,1.8725,1722,14.049839034859522,13.227498240851357,0.54,"(0.5, 1.0]"
3.881,-0.34,3.3980960845947266,17.43,1.4233965873718262,17.68194518474318,True,2.461,2419,18.465502731529657,17.68151752083503,0.34,"(-0.001, 0.5]"
3.881,-0.14,3.8913679122924805,14.3953125,1.8077229261398315,22.456185417886104,True,2.679,1681,20.101211628511965,22.455642281940506,0.14,"(-0.001, 0.5]"
3.881,0.06,3.8913679122924805,13.28,1.6830655336380005,20.90764638059628,True,2.02,1681,15.156568678459939,20.9071406983499,0.06,"(-0.001, 0.5]"
3.881,0.26,4.686083793640137,12.702890625,1.191718339920044,14.803954533168246,True,1.88,1681,14.106113423517169,14.803596477706272,0.26,"(-0.001, 0.5]"
3.881,0.46,4.686083793640137,9.071640624999999,1.191718339920044,14.803954533168246,True,1.27,1722,9.52912981269511,14.803596477706272,0.46,"(-0.001, 0.5]"
3.881,0.66,8.608243010097876,9.64875,0.8721428513526917,9.64875,True,1.314,3116,9.85927289281998,10.833810649593293,0.66,"(0.5, 1.0]"
3.881,0.86,8.608243010097876,8.695546875,0.9117438793182373,8.695546875,True,1.22,1681,9.153967221644121,11.325736986938768,0.86,"(0.5, 1.0]"
3.881,1.06,8.608243010097876,7.66453125,0.795590877532959,7.66453125,True,1.047,1681,7.8559046566077,9.882877453352233,1.06,"(1.0, 1.5]"
3.881,1.26,8.056775093078613,7.949843749999999,0.7648055553436279,7.949843749999999,True,1.096,1681,8.22356399583767,9.500460340297137,1.26,"(1.0, 1.5]"
3.881,1.46,8.056775093078613,7.405156249999999,0.7648055553436279,7.405156249999999,True,1.191,1722,8.936372918834548,9.500460340297137,1.46,"(1.0, 1.5]"
3.881,1.66,8.056775093078613,7.891484374999999,0.7189090847969055,7.891484374999999,True,1.075,1681,8.065995707596255,8.930331638770067,1.66,"(1.5, 2.5]"
3.881,1.86,8.056775093078613,6.0337109374999995,0.6740961670875549,6.0337109374999995,True,0.86,2214,6.452796566077003,8.373662895380255,1.86,"(1.5, 2.5]"
3.881,2.06,8.056775093078613,4.7173828124999995,0.5709476470947266,4.7173828124999995,True,0.771,1681,5.7850071540062435,7.092345812227118,2.06,"(1.5, 2.5]"
3.881,2.26,8.056775093078613,3.987890625,0.492000013589859,3.987890625,True,0.673,1681,5.049688475546306,6.111653588127996,2.26,"(1.5, 2.5]"
3.881,2.46,8.056775093078613,3.21625,0.492000013589859,3.21625,True,0.542,1681,4.066762486992716,6.111653588127996,2.46,"(1.5, 2.5]"
3.881,2.66,8.056775093078613,2.8823046875,0.4009999930858612,2.8823046875,True,0.485,1681,3.639077133194589,4.981245892048934,2.66,"(2.5, 6.0]"
4.081,-5.34,2.027895927429199,0.775693359375,0.09300000220537186,0.775693359375,True,0.113,1640,0.8478674557752341,1.1552515883631427,5.34,"(2.5, 6.0]"
4.081,-5.14,2.027895927429199,0.8924121093749999,0.12099999934434891,0.8924121093749999,True,0.138,1640,1.0354487513007284,1.5030692270932444,5.14,"(2.5, 6.0]"
4.081,-4.94,2.027895927429199,0.8113574218749999,0.11900000274181366,0.8113574218749999,True,0.118,1640,0.885383714880333,1.4782251497060475,4.94,"(2.5, 6.0]"
4.081,-4.74,2.027895927429199,1.026962890625,0.11900000274181366,1.026962890625,True,0.146,2921,1.0954747658688866,1.4782251497060475,4.74,"(2.5, 6.0]"
4.081,-4.54,2.027895927429199,1.0861328125,0.11900000274181366,1.0861328125,True,0.169,1681,1.2680495577523414,1.4782251497060475,4.54,"(2.5, 6.0]"
4.081,-4.34,2.027895927429199,1.04560546875,0.1379999965429306,1.04560546875,True,0.151,1681,1.1329910249739854,1.7142442088148693,4.34,"(2.5, 6.0]"
4.081,-4.14,2.027895927429199,1.14287109375,0.13600000739097595,1.14287109375,True,0.194,1681,1.4556308532778357,1.68940022397923,4.14,"(2.5, 6.0]"
4.081,-3.94,2.027895927429199,1.7021484375,0.17000000178813934,1.7021484375,True,0.245,1722,1.838296696149844,2.11175018742248,3.94,"(2.5, 6.0]"
4.081,-3.74,1.7264518737792969,1.9355859375,0.18400000035762787,1.9355859375,True,0.282,2583,2.115917013527575,2.285659006787531,3.74,"(2.5, 6.0]"
4.081,-3.54,1.7264518737792969,2.21765625,0.18400000035762787,2.21765625,True,0.28,1722,2.1009105098855363,2.285659006787531,3.54,"(2.5, 6.0]"
4.081,-3.34,2.356743812561035,2.2371093749999997,0.24300000071525574,2.2371093749999997,True,0.299,1681,2.2434722944849117,3.018560539155866,3.34,"(2.5, 6.0]"
4.081,-3.14,2.356743812561035,1.7167382812499998,0.2150000035762787,1.7167382812499998,True,0.219,1681,1.64321214880333,2.6707429004257643,3.14,"(2.5, 6.0]"
4.081,-2.94,2.356743812561035,1.7734765625,0.1899999976158142,1.7734765625,True,0.255,1681,1.9133292143600418,2.360191331500679,2.94,"(2.5, 6.0]"
4.081,-2.74,2.356743812561035,2.71208984375,0.2409999966621399,2.71208984375,True,0.371,1681,2.7837064255983353,2.9937163692171116,2.74,"(2.5, 6.0]"
4.081,-2.54,4.579854768021662,3.38484375,0.2409999966621399,3.38484375,True,0.449,2747,3.3689600676378775,2.9937163692171116,2.54,"(2.5, 6.0]"
4.081,-2.34,4.579854768021662,4.42234375,0.3221871256828308,4.42234375,True,0.552,1681,4.141795005202914,4.0022277405252185,2.34,"(1.5, 2.5]"
4.081,-2.14,4.579854768021662,4.8892187499999995,0.4259999990463257,4.8892187499999995,True,0.623,1681,4.674525884495318,5.29179746097402,2.14,"(1.5, 2.5]"
4.081,-1.94,4.579854768021662,5.596015625,0.47984904050827026,5.596015625,True,0.691,1681,5.184747008324662,5.960713473936768,1.94,"(1.5, 2.5]"
4.081,-1.74,4.165408134460449,5.70625,0.5354536175727844,5.70625,True,0.707,1681,5.304799037460978,6.651436855127509,1.74,"(1.5, 2.5]"
4.081,-1.54,5.014931678771973,7.7553125,0.5354536175727844,7.7553125,True,0.952,2870,7.143095733610822,6.651436855127509,1.54,"(1.5, 2.5]"
4.081,-1.34,5.014931678771973,6.7437499999999995,0.6991651654243469,6.7437499999999995,True,0.963,1681,7.225631503642039,8.685071491729504,1.34,"(1.0, 1.5]"
4.081,-1.14,3.6173274517059326,9.551484375,0.7462631464004517,9.551484375,True,1.44,1681,10.804682622268471,9.270125427655103,1.14,"(1.0, 1.5]"
4.081,-0.94,3.6173274517059326,11.19203125,1.3019999265670776,16.173912131268043,True,1.85,1681,13.881015868886578,16.173520941362188,0.94,"(0.5, 1.0]"
4.081,-0.74,3.3980960845947266,12.638046874999999,1.3469538688659668,16.732346197092756,True,2.009,1681,15.07403290842872,16.731941500635866,0.74,"(0.5, 1.0]"
4.081,-0.54,3.3980960845947266,14.21375,1.3469538688659668,16.732346197092756,True,2.225,1722,16.694735301768993,16.731941500635866,0.54,"(0.5, 1.0]"
4.081,-0.34,3.3980960845947266,14.602812499999999,1.410666584968567,17.523808508926297,True,2.266,2419,17.0023686264308,17.52338466978675,0.34,"(-0.001, 0.5]"
4.081,-0.14,3.8913679122924805,16.651875,1.5373332500457764,19.0973074539848,True,2.312,1681,17.34751821019771,19.096845557453868,0.14,"(-0.001, 0.5]"
4.081,0.06,3.8913679122924805,14.680625,1.6437499523162842,20.419254066040796,True,2.738,1681,20.543903485952132,20.418760196282452,0.06,"(-0.001, 0.5]"
4.081,0.26,4.686083793640137,10.206406249999999,1.1335768699645996,14.081700248007449,True,1.624,1681,12.18528095733611,14.081359661329989,0.26,"(-0.001, 0.5]"
4.081,0.46,4.686083793640137,11.256874999999999,1.1335768699645996,14.081700248007449,True,1.8535,1722,13.907277250260146,14.081359661329989,0.46,"(-0.001, 0.5]"
4.081,0.66,8.608243010097876,9.577421874999999,1.0519254207611084,13.067396531193893,True,1.408,3081,10.564578563995838,13.067080476946947,0.66,"(0.5, 1.0]"
4.081,0.86,8.608243010097876,8.442656249999999,0.8931309580802917,8.442656249999999,True,1.261,1640,9.461600546305931,11.094526166354802,0.86,"(0.5, 1.0]"
4.081,1.06,8.608243010097876,8.423203124999999,0.7183660864830017,8.423203124999999,True,1.0675,1640,8.009721318938604,8.923586481245978,1.06,"(1.0, 1.5]"
4.081,1.26,8.608243010097876,6.698359375,0.7412894368171692,6.698359375,True,1.077,1640,8.081002211238294,9.208341709806845,1.26,"(1.0, 1.5]"
4.081,1.46,8.056775093078613,6.4941015625,0.7412894368171692,6.4941015625,True,1.025,1680,7.690833116545265,9.208341709806845,1.46,"(1.0, 1.5]"
4.081,1.66,8.056775093078613,6.0272265625,0.7189769744873047,6.0272265625,True,0.781,1640,5.860039672216441,8.931174968563694,1.66,"(1.5, 2.5]"
4.081,1.86,8.056775093078613,5.5376562499999995,0.5746278166770935,5.5376562499999995,True,0.74,2201,5.552406347554631,7.138061098836322,1.86,"(1.5, 2.5]"
4.081,2.06,8.056775093078613,3.936015625,0.48314958810806274,3.936015625,True,0.602,1681,4.516957596253902,6.001713073578801,2.06,"(1.5, 2.5]"
4.081,2.26,8.056775093078613,3.6507031249999997,0.4659999907016754,3.6507031249999997,True,0.604,1681,4.531964099895942,5.788679749130417,2.26,"(1.5, 2.5]"
4.081,2.46,8.056775093078613,3.4075390624999997,0.4659999907016754,3.4075390624999997,True,0.566,1681,4.24684053069719,5.788679749130417,2.46,"(1.5, 2.5]"
4.081,2.66,8.056775093078613,2.6731835937499997,0.39800000190734863,2.6731835937499997,True,0.489,1681,3.669090140478668,4.943979822243918,2.66,"(2.5, 6.0]"
4.281,-5.34,2.027895927429199,0.66626953125,0.12399999797344208,0.66626953125,True,0.134,1681,1.0054357440166495,1.5403353894498184,5.34,"(2.5, 6.0]"
4.281,-5.14,2.027895927429199,0.8356738281249999,0.12399999797344208,0.8356738281249999,True,0.115,1681,0.8628739594172737,1.5403353894498184,5.14,"(2.5, 6.0]"
4.281,-4.94,2.027895927429199,0.89322265625,0.1120000034570694,0.89322265625,True,0.146,1681,1.0954747658688866,1.391270740023522,4.94,"(2.5, 6.0]"
4.281,-4.74,2.027895927429199,0.8632324218749999,0.12300000339746475,0.8632324218749999,True,0.134,2952,1.0054357440166495,1.527913397031999,4.74,"(2.5, 6.0]"
4.281,-4.54,2.027895927429199,1.013994140625,0.12300000339746475,1.013994140625,True,0.156,1681,1.1705072840790842,1.527913397031999,4.54,"(2.5, 6.0]"
4.281,-4.34,2.027895927429199,1.10234375,0.12700000405311584,1.10234375,True,0.166,1681,1.245539802289282,1.5776016443579501,4.34,"(2.5, 6.0]"
4.281,-4.14,2.027895927429199,1.375498046875,0.13600000739097595,1.375498046875,True,0.183,1681,1.3730950832466182,1.68940022397923,4.14,"(2.5, 6.0]"
4.281,-3.94,2.027895927429199,1.7750976562499998,0.20000000298023224,1.7750976562499998,True,0.243,1722,1.8232901925078044,2.4844119960913362,3.94,"(2.5, 6.0]"
4.281,-3.74,1.7264518737792969,2.76234375,0.24500000476837158,2.76234375,True,0.34,2561,2.5511056191467225,3.0434047090946206,3.74,"(2.5, 6.0]"
4.281,-3.54,2.356743812561035,2.24359375,0.24500000476837158,2.24359375,True,0.292,1680,2.190949531737773,3.0434047090946206,3.54,"(2.5, 6.0]"
4.281,-3.34,2.356743812561035,1.7929296874999998,0.2290000021457672,1.7929296874999998,True,0.251,1640,1.8833162070759626,2.844651719790815,3.34,"(2.5, 6.0]"
4.281,-3.14,2.356743812561035,1.7216015624999998,0.21299999952316284,1.7216015624999998,True,0.225,1640,1.6882316597294487,2.64589873048701,3.14,"(2.5, 6.0]"
4.281,-2.94,2.356743812561035,1.72970703125,0.18400000035762787,1.72970703125,True,0.216,1640,1.6207023933402707,2.285659006787531,2.94,"(2.5, 6.0]"
4.281,-2.74,2.356743812561035,3.11087890625,0.2770000100135803,3.11087890625,True,0.41,1640,3.076333246618106,3.4409106877022313,2.74,"(2.5, 6.0]"
4.281,-2.54,4.579854768021662,3.09142578125,0.2770000100135803,3.09142578125,True,0.382,2721,2.8662421956295527,3.4409106877022313,2.54,"(2.5, 6.0]"
4.281,-2.34,4.579854768021662,3.897109375,0.3370000123977661,3.897109375,True,0.505,1681,3.7891421696149847,4.186234305039943,2.34,"(1.5, 2.5]"
4.281,-2.14,4.579854768021662,5.557109375,0.4695532023906708,5.557109375,True,0.71,1681,5.327308792924037,5.832817957196667,2.14,"(1.5, 2.5]"
4.281,-1.94,4.579854768021662,5.9299609375,0.5105540156364441,5.9299609375,True,0.719,1681,5.394838059313216,6.342132510993788,1.94,"(1.5, 2.5]"
4.281,-1.74,4.165408134460449,8.0665625,0.6400508284568787,8.0665625,True,0.984,1681,7.383199791883455,7.950749663156934,1.74,"(1.5, 2.5]"
4.281,-1.54,5.014931678771973,8.144375,0.6400508284568787,8.144375,True,1.083,2870,8.126021722164412,7.950749663156934,1.54,"(1.5, 2.5]"
4.281,-1.34,5.014931678771973,7.61265625,0.7366060614585876,7.61265625,True,0.959,1681,7.195618496357961,9.150164541058459,1.34,"(1.0, 1.5]"
4.281,-1.14,3.6173274517059326,10.212890625,0.7066806554794312,10.212890625,True,1.455,1681,10.917231399583768,8.778429358585147,1.14,"(1.0, 1.5]"
4.281,-0.94,3.6173274517059326,12.34625,1.2588070631027222,15.637354821151828,True,1.777,1681,13.333278485952134,15.636976608675424,0.94,"(0.5, 1.0]"
4.281,-0.74,3.3980960845947266,11.872890625,1.2510000467300415,15.540373251304864,True,1.792,1681,13.44582726326743,15.53999738447068,0.74,"(0.5, 1.0]"
4.281,-0.54,3.3980960845947266,11.989609374999999,1.2510000467300415,15.540373251304864,True,1.779,1722,13.348284989594173,15.53999738447068,0.54,"(0.5, 1.0]"
4.281,-0.34,3.3980960845947266,13.630156249999999,1.4120371341705322,17.54083396485133,True,2.16,2419,16.207023933402706,17.540409713926035,0.34,"(-0.001, 0.5]"
4.281,-0.14,3.8913679122924805,13.57828125,1.462890625,18.172554347826086,True,2.096,1681,15.72681581685744,18.17211481781215,0.14,"(-0.001, 0.5]"
4.281,0.06,3.8913679122924805,13.1503125,1.5122812986373901,18.786103088663232,True,2.229,1681,16.72474830905307,18.785648719068604,0.06,"(-0.001, 0.5]"
4.281,0.26,4.686083793640137,10.731640624999999,1.167169451713562,14.498999400168472,True,1.745,1681,13.093174427679502,14.498648720495904,0.26,"(-0.001, 0.5]"
4.281,0.46,4.686083793640137,14.161874999999998,1.167169451713562,14.498999400168472,True,2.259,1722,16.949845863683663,14.498648720495904,0.46,"(-0.001, 0.5]"
4.281,0.66,8.608243010097876,9.959999999999999,1.4226875305175781,17.67313702506308,True,1.4575,3116,10.935989529136316,17.672709574193256,0.66,"(0.5, 1.0]"
4.281,0.86,8.608243010097876,8.28703125,0.8655955195426941,8.28703125,True,1.136,1681,8.52369406867846,10.752479302349482,0.86,"(0.5, 1.0]"
4.281,1.06,8.608243010097876,8.423203124999999,0.7781238555908203,8.423203124999999,True,1.137,1681,8.53119732049948,9.665901062340232,1.06,"(1.0, 1.5]"
4.281,1.26,8.608243010097876,7.729374999999999,0.7113985419273376,7.729374999999999,True,1.104,1681,8.283590010405828,8.837035226148728,1.26,"(1.0, 1.5]"
4.281,1.46,8.056775093078613,7.048515624999999,0.7113985419273376,7.048515624999999,True,0.9795,1722,7.349435158688866,8.837035226148728,1.46,"(1.0, 1.5]"
4.281,1.66,8.056775093078613,4.8989453124999995,0.6565234065055847,4.8989453124999995,True,0.786,1681,5.89755593132154,8.15537301266159,1.66,"(1.5, 2.5]"
4.281,1.86,8.056775093078613,4.0624609375,0.5117900967597961,4.0624609375,True,0.654,2214,4.907126690946931,6.357487184619974,1.86,"(1.5, 2.5]"
4.281,2.06,8.056775093078613,3.2000390624999997,0.43534860014915466,3.2000390624999997,True,0.578,1681,4.336879552549427,5.407926342876269,2.06,"(1.5, 2.5]"
4.281,2.26,8.056775093078613,3.4172656249999998,0.4339999854564667,3.4172656249999998,True,0.613,1681,4.599493366285119,5.391173770522807,2.26,"(1.5, 2.5]"
4.281,2.46,8.056775093078613,2.85798828125,0.4339999854564667,2.85798828125,True,0.509,1681,3.8191551768990637,5.391173770522807,2.46,"(1.5, 2.5]"
4.281,2.66,8.056775093078613,2.3943554687499997,0.36399999260902405,2.3943554687499997,True,0.444,1681,3.3314438085327787,4.521629673697553,2.66,"(2.5, 6.0]"
4.481,-5.34,2.027895927429199,0.7785302734374999,0.12399999797344208,0.7785302734374999,True,0.143,1681,1.0729650104058273,1.5403353894498184,5.34,"(2.5, 6.0]"
4.481,-5.14,2.027895927429199,0.808115234375,0.12399999797344208,0.808115234375,True,0.123,1681,0.9228999739854319,1.5403353894498184,5.14,"(2.5, 6.0]"
4.481,-4.94,2.027895927429199,0.9240234374999999,0.1120000034570694,0.9240234374999999,True,0.134,1681,1.0054357440166495,1.391270740023522,4.94,"(2.5, 6.0]"
4.481,-4.74,2.027895927429199,1.018857421875,0.12300000339746475,1.018857421875,True,0.178,2911,1.3355788241415192,1.527913397031999,4.74,"(2.5, 6.0]"
4.481,-4.54,2.027895927429199,0.9661718749999999,0.12300000339746475,0.9661718749999999,True,0.152,1640,1.1404942767950053,1.527913397031999,4.54,"(2.5, 6.0]"
4.481,-4.34,2.027895927429199,1.24337890625,0.12700000405311584,1.24337890625,True,0.179,1640,1.343082075962539,1.5776016443579501,4.34,"(2.5, 6.0]"
4.481,-4.14,2.027895927429199,1.39900390625,0.13600000739097595,1.39900390625,True,0.202,1640,1.5156568678459938,1.68940022397923,4.14,"(2.5, 6.0]"
4.481,-3.94,1.7264518737792969,2.0749999999999997,0.20000000298023224,2.0749999999999997,True,0.275,1680,2.0633942507804375,2.4844119960913362,3.94,"(2.5, 6.0]"
4.481,-3.74,1.7264518737792969,2.833671875,0.24500000476837158,2.833671875,True,0.352,2542,2.6411446409989594,3.0434047090946206,3.74,"(2.5, 6.0]"
4.481,-3.54,2.356743812561035,3.7414843749999998,0.24500000476837158,3.7414843749999998,True,0.404,1722,3.0313137356919877,3.0434047090946206,3.54,"(2.5, 6.0]"
4.481,-3.34,2.356743812561035,2.6618359375,0.2290000021457672,2.6618359375,True,0.351,1681,2.6336413891779396,2.844651719790815,3.34,"(2.5, 6.0]"
4.481,-3.14,2.356743812561035,1.7491601562499999,0.21299999952316284,1.7491601562499999,True,0.25,1681,1.8758129552549427,2.64589873048701,3.14,"(2.5, 6.0]"
4.481,-2.94,2.356743812561035,2.30681640625,0.18400000035762787,2.30681640625,True,0.294,1681,2.2059560353798124,2.285659006787531,2.94,"(2.5, 6.0]"
4.481,-2.74,2.356743812561035,3.20166015625,0.2770000100135803,3.20166015625,True,0.419,1681,3.143862513007284,3.4409106877022313,2.74,"(2.5, 6.0]"
4.481,-2.54,4.579854768021662,2.7072265625,0.2770000100135803,2.7072265625,True,0.4,2706,3.0013007284079087,3.4409106877022313,2.54,"(2.5, 6.0]"
4.481,-2.34,4.579854768021662,5.346367187499999,0.3370000123977661,5.346367187499999,True,0.641,1640,4.8095844172736735,4.186234305039943,2.34,"(1.5, 2.5]"
4.481,-2.14,4.579854768021662,5.6057421875,0.4695532023906708,5.6057421875,True,0.8055000000000001,1640,6.043869341831426,5.832817957196667,2.14,"(1.5, 2.5]"
4.481,-1.94,4.579854768021662,6.5654296875,0.5105540156364441,6.5654296875,True,0.877,1640,6.58035184703434,6.342132510993788,1.94,"(1.5, 2.5]"
4.481,-1.74,4.165408134460449,6.607578125,0.6400508284568787,6.607578125,True,0.775,1640,5.815020161290323,7.950749663156934,1.74,"(1.5, 2.5]"
4.481,-1.54,5.014931678771973,8.215703125,0.6400508284568787,8.215703125,True,1.093,2829,8.20105424037461,7.950749663156934,1.54,"(1.5, 2.5]"
4.481,-1.34,5.014931678771973,7.5478125,0.7366060614585876,7.5478125,True,1.097,1681,8.23106724765869,9.150164541058459,1.34,"(1.0, 1.5]"
4.481,-1.14,3.6173274517059326,9.045703125,0.7066806554794312,9.045703125,True,1.287,1681,9.656685093652445,8.778429358585147,1.14,"(1.0, 1.5]"
4.481,-0.94,3.6173274517059326,12.028515624999999,1.2588070631027222,15.637354821151828,True,1.974,1681,14.811419094693028,15.636976608675424,0.94,"(0.5, 1.0]"
4.481,-0.74,3.3980960845947266,13.75984375,1.2510000467300415,15.540373251304864,True,2.105,1681,15.794345083246618,15.53999738447068,0.74,"(0.5, 1.0]"
4.481,-0.54,3.3980960845947266,13.38375,1.2510000467300415,15.540373251304864,True,2.1225,1722,15.925651990114465,15.53999738447068,0.54,"(0.5, 1.0]"
4.481,-0.34,3.3980960845947266,19.1678125,1.4120371341705322,17.54083396485133,True,3.359,2419,25.20342286680541,17.540409713926035,0.34,"(-0.001, 0.5]"
4.481,-0.14,3.8913679122924805,15.354999999999999,1.462890625,18.172554347826086,True,2.482,1681,18.623071019771075,18.17211481781215,0.14,"(-0.001, 0.5]"
4.481,0.06,3.8913679122924805,13.9803125,1.5122812986373901,18.786103088663232,True,2.773,1681,20.806517299687826,18.785648719068604,0.06,"(-0.001, 0.5]"
4.481,0.26,4.686083793640137,13.526406249999999,1.167169451713562,14.498999400168472,True,2.276,1681,17.077401144640998,14.498648720495904,0.26,"(-0.001, 0.5]"
4.481,0.46,4.686083793640137,13.79875,1.167169451713562,14.498999400168472,True,2.145,1722,16.09447515608741,14.498648720495904,0.46,"(-0.001, 0.5]"
4.481,0.66,8.608243010097876,10.167499999999999,1.4226875305175781,17.67313702506308,True,1.474,3116,11.059793184183143,17.672709574193256,0.66,"(0.5, 1.0]"
4.481,0.86,8.608243010097876,8.319453124999999,0.8655955195426941,8.319453124999999,True,1.2,1681,9.003902185223724,10.752479302349482,0.86,"(0.5, 1.0]"
4.481,1.06,8.608243010097876,9.447734375,0.7781238555908203,9.447734375,True,1.405,1681,10.542068808532779,9.665901062340232,1.06,"(1.0, 1.5]"
4.481,1.26,8.608243010097876,7.19765625,0.7113985419273376,7.19765625,True,1.033,1681,7.750859131113423,8.837035226148728,1.26,"(1.0, 1.5]"
4.481,1.46,8.056775093078613,6.6302734375,0.7113985419273376,6.6302734375,True,0.999,1722,7.495748569198751,8.837035226148728,1.46,"(1.0, 1.5]"
4.481,1.66,8.056775093078613,5.7937890625,0.6565234065055847,5.7937890625,True,0.763,1681,5.724981139438086,8.15537301266159,1.66,"(1.5, 2.5]"
4.481,1.86,8.056775093078613,3.6507031249999997,0.5117900967597961,3.6507031249999997,True,0.565,2173,4.23933727887617,6.357487184619974,1.86,"(1.5, 2.5]"
4.481,2.06,8.056775093078613,3.7512109375,0.43534860014915466,3.7512109375,True,0.595,1640,4.464434833506764,5.407926342876269,2.06,"(1.5, 2.5]"
4.481,2.26,8.056775093078613,3.6539453125,0.4339999854564667,3.6539453125,True,0.628,1640,4.712042143600416,5.391173770522807,2.26,"(1.5, 2.5]"
4.481,2.46,8.056775093078613,3.3718749999999997,0.4339999854564667,3.3718749999999997,True,0.573,1640,4.299363293444329,5.391173770522807,2.46,"(1.5, 2.5]"
4.481,2.66,8.056775093078613,2.67642578125,0.36399999260902405,2.67642578125,True,0.438,1640,3.28642429760666,4.521629673697553,2.66,"(2.5, 6.0]"
4.681,-5.34,2.027895927429199,1.0123730468749998,0.13699999451637268,1.0123730468749998,True,0.151,2255,1.1329910249739854,1.701822123845492,5.34,"(2.5, 6.0]"
4.681,-5.14,2.027895927429199,0.868095703125,0.13199999928474426,0.868095703125,True,0.146,2255,1.0954747658688866,1.639711884101721,5.14,"(2.5, 6.0]"
4.681,-4.94,2.027895927429199,1.0861328125,0.12099999934434891,1.0861328125,True,0.166,2255,1.245539802289282,1.5030692270932444,4.94,"(2.5, 6.0]"
4.681,-4.74,2.027895927429199,1.127470703125,0.1289999932050705,1.127470703125,True,0.178,3754,1.3355788241415192,1.6024456291935893,4.74,"(2.5, 6.0]"
4.681,-4.54,2.027895927429199,1.169619140625,0.1289999932050705,1.169619140625,True,0.187,2009,1.4031080905306972,1.6024456291935893,4.54,"(2.5, 6.0]"
4.681,-4.34,2.027895927429199,1.339833984375,0.12700000405311584,1.339833984375,True,0.22,2050,1.6507154006243496,1.5776016443579501,4.34,"(2.5, 6.0]"
4.681,-4.14,2.027895927429199,1.601640625,0.15700000524520874,1.601640625,True,0.242,2009,1.8157869406867846,1.9502634530268064,4.14,"(2.5, 6.0]"
4.681,-3.94,1.7264518737792969,2.09283203125,0.21299999952316284,2.09283203125,True,0.286,2017,2.1459300208116545,2.64589873048701,3.94,"(2.5, 6.0]"
4.681,-3.74,1.7264518737792969,1.91775390625,0.2669999897480011,1.91775390625,True,0.293,2933,2.198452783558793,3.3166898380084584,3.74,"(2.5, 6.0]"
4.681,-3.54,2.356743812561035,2.5516015624999997,0.2669999897480011,2.5516015624999997,True,0.361,1723,2.708673907388137,3.3166898380084584,3.54,"(2.5, 6.0]"
4.681,-3.34,2.356743812561035,2.334375,0.27399998903274536,2.334375,True,0.329,1722,2.468569849115505,3.403644247690984,3.34,"(2.5, 6.0]"
4.681,-3.14,2.356743812561035,2.211171875,0.23999999463558197,2.211171875,True,0.316,1722,2.371027575442248,2.9812942842477343,3.14,"(2.5, 6.0]"
4.681,-2.94,2.356743812561035,3.02009765625,0.23199999332427979,3.02009765625,True,0.408,1722,3.0613267429760667,2.8819177895958314,2.94,"(2.5, 6.0]"
4.681,-2.74,2.356743812561035,3.0930468749999998,0.3089999854564667,3.0930468749999998,True,0.434,1722,3.2564112903225806,3.838416296103611,2.74,"(2.5, 6.0]"
4.681,-2.54,4.579854768021662,4.934609375,0.3089999854564667,4.934609375,True,0.615,2732,4.614499869927159,3.838416296103611,2.54,"(2.5, 6.0]"
4.681,-2.34,4.579854768021662,3.7966015625,0.3700000047683716,3.7966015625,True,0.543,1681,4.074265738813736,4.596162183513816,2.34,"(1.5, 2.5]"
4.681,-2.14,4.579854768021662,8.928984374999999,0.48618364334106445,8.928984374999999,True,1.118,1681,8.388635535900105,6.039402289105554,2.14,"(1.5, 2.5]"
4.681,-1.94,4.579854768021662,7.63859375,0.7768354415893555,7.63859375,True,1.152,1681,8.643746097814775,9.649896306572865,1.94,"(1.5, 2.5]"
4.681,-1.74,4.165408134460449,8.617734375,0.7032692432403564,8.617734375,True,1.099,1681,8.24607375130073,8.736052591764759,1.74,"(1.5, 2.5]"
4.681,-1.54,5.014931678771973,7.385703125,0.7032692432403564,7.385703125,True,1.1115,2870,8.339864399063476,8.736052591764759,1.54,"(1.5, 2.5]"
4.681,-1.34,5.014931678771973,9.53203125,0.7834705710411072,9.53203125,True,1.4,1681,10.504552549427679,9.732318281372438,1.34,"(1.0, 1.5]"
4.681,-1.14,3.6173274517059326,8.941953125,0.7966086864471436,8.941953125,True,1.343,1681,10.076867195629553,9.895520736544476,1.14,"(1.0, 1.5]"
4.681,-0.94,3.6173274517059326,11.120703124999999,1.1150366067886353,13.851386419734599,True,1.604,1681,12.035215920915714,13.851051403536568,0.94,"(0.5, 1.0]"
4.681,-0.74,3.6173274517059326,9.596874999999999,1.3290733098983765,16.510227452153746,True,1.659,1681,12.4478947710718,16.509828127966113,0.74,"(0.5, 1.0]"
4.681,-0.54,3.3980960845947266,11.24390625,1.3290733098983765,16.510227452153746,True,1.98,1681,14.856438605619147,16.509828127966113,0.54,"(0.5, 1.0]"
4.681,-0.34,3.3980960845947266,13.850624999999999,1.4618780612945557,18.159975916702553,True,2.49,2460,18.683097034339234,18.159536690916514,0.34,"(-0.001, 0.5]"
4.681,-0.14,3.8913679122924805,16.69078125,1.672088861465454,20.771290204539802,True,3.5925,1640,26.955432167013527,20.770787820268534,0.14,"(-0.001, 0.5]"
4.681,0.06,3.8913679122924805,8.306484375,1.7341855764389038,21.54267796818514,True,3.448,1640,25.871212278876172,21.542156926763756,0.06,"(-0.001, 0.5]"
4.681,0.26,4.686083793640137,14.161874999999998,1.6224324703216553,20.15444062511373,True,3.2105,1640,24.089189971383977,20.1539531602588,0.26,"(-0.001, 0.5]"
4.681,0.46,4.686083793640137,13.993281249999999,1.6224324703216553,20.15444062511373,True,2.0785,1640,15.595508909989595,20.1539531602588,0.46,"(-0.001, 0.5]"
4.681,0.66,8.608243010097876,10.426874999999999,1.3164186477661133,16.353026680324387,True,1.569,3080,11.77260210718002,16.35263115826914,0.66,"(0.5, 1.0]"
4.681,0.86,8.608243010097876,8.93546875,0.9366333484649658,8.93546875,True,1.259,1640,9.446594042663891,11.634915460954039,0.86,"(0.5, 1.0]"
4.681,1.06,8.608243010097876,8.423203124999999,0.8939354419708252,8.423203124999999,True,1.2625,1640,9.47285542403746,11.104519513347407,1.06,"(1.0, 1.5]"
4.681,1.26,8.608243010097876,7.32734375,0.7374405860900879,7.32734375,True,0.972,1680,7.293160770031218,9.160531055931651,1.26,"(1.0, 1.5]"
4.681,1.46,8.608243010097876,6.1180078125,0.7374405860900879,6.1180078125,True,0.882,1640,6.617868106139438,9.160531055931651,1.46,"(1.0, 1.5]"
4.681,1.66,8.056775093078613,4.78546875,0.6462513208389282,4.78546875,True,0.726,1640,5.447360822060354,8.027772550287388,1.66,"(1.5, 2.5]"
4.681,1.86,8.056775093078613,3.5307421875,0.44600000977516174,3.5307421875,True,0.615,2242,4.614499869927159,5.540238790155334,1.86,"(1.5, 2.5]"
4.681,2.06,8.056775093078613,3.683125,0.42285260558128357,3.683125,True,0.546,1722,4.0967754942767955,5.252700351151761,2.06,"(1.5, 2.5]"
4.681,2.26,8.056775093078613,3.378359375,0.4480000138282776,3.378359375,True,0.546,1681,4.0967754942767955,5.565082960094088,2.26,"(1.5, 2.5]"
4.681,2.46,8.056775093078613,3.3686328125,0.4480000138282776,3.3686328125,True,0.5215000000000001,1722,3.9129458246618114,5.565082960094088,2.46,"(1.5, 2.5]"
4.681,2.66,8.056775093078613,3.3459375,0.38199999928474426,3.3459375,True,0.509,1722,3.8191551768990637,4.745226832940112,2.66,"(2.5, 6.0]"
4.881,-5.34,2.027895927429199,0.99859375,0.1340000033378601,0.99859375,True,0.173,1640,1.2980625650364204,1.6645560540404756,5.34,"(2.5, 6.0]"
4.881,-5.14,2.027895927429199,0.8745800781249999,0.1589999943971634,0.8745800781249999,True,0.159,1640,1.1930170395421436,1.9751074378624456,5.14,"(2.5, 6.0]"
4.881,-4.94,2.027895927429199,1.1388183593749999,0.14900000393390656,1.1388183593749999,True,0.2005,1640,1.5044019901144643,1.8508869583749037,4.94,"(2.5, 6.0]"
4.881,-4.74,2.027895927429199,1.2830957031249999,0.1589999943971634,1.2830957031249999,True,0.23,2961,1.7257479188345475,1.9751074378624456,4.74,"(2.5, 6.0]"
4.881,-4.54,2.027895927429199,1.23365234375,0.1589999943971634,1.23365234375,True,0.189,1681,1.4181145941727369,1.9751074378624456,4.54,"(2.5, 6.0]"
4.881,-4.34,2.027895927429199,1.351181640625,0.1589999943971634,1.351181640625,True,0.196,1722,1.4706373569198752,1.9751074378624456,4.34,"(2.5, 6.0]"
4.881,-4.14,1.7264518737792969,1.514912109375,0.18199999630451202,1.514912109375,True,0.23,1681,1.7257479188345475,2.2608148368487764,4.14,"(2.5, 6.0]"
4.881,-3.94,1.7264518737792969,1.66,0.20900000631809235,1.66,True,0.258,1681,1.935838969823101,2.596210575712616,3.94,"(2.5, 6.0]"
4.881,-3.74,2.356743812561035,1.7524023437499998,0.210999995470047,1.7524023437499998,True,0.265,2583,1.9883617325702394,2.6210545605482554,3.74,"(2.5, 6.0]"
4.881,-3.54,2.356743812561035,2.016640625,0.210999995470047,2.016640625,True,0.297,1681,2.228465790842872,2.6210545605482554,3.54,"(2.5, 6.0]"
4.881,-3.34,2.356743812561035,1.88046875,0.25099998712539673,1.88046875,True,0.271,1681,2.033381243496358,3.117936848704653,3.34,"(2.5, 6.0]"
4.881,-3.14,2.356743812561035,2.6926367187499998,0.23600000143051147,2.6926367187499998,True,0.348,1681,2.6111316337148804,2.9316061294733404,3.14,"(2.5, 6.0]"
4.881,-2.94,2.356743812561035,2.94876953125,0.3050000071525574,2.94876953125,True,0.398,1681,2.986294224765869,3.7887283264323326,2.94,"(2.5, 6.0]"
4.881,-2.74,2.356743812561035,3.2778515625,0.3409999907016754,3.2778515625,True,0.446,1681,3.346450312174818,4.235922274711222,2.74,"(2.5, 6.0]"
4.881,-2.54,4.579854768021662,3.8030859374999997,0.3409999907016754,3.8030859374999997,True,0.539,2706,4.044252731529657,4.235922274711222,2.54,"(2.5, 6.0]"
4.881,-2.34,4.579854768021662,3.890625,0.414000004529953,3.890625,True,0.559,1681,4.194317767950053,5.142732811547723,2.34,"(1.5, 2.5]"
4.881,-2.14,4.579854768021662,5.09671875,0.4308575987815857,5.09671875,True,0.665,1681,4.989662460978148,5.352138855347313,2.14,"(1.5, 2.5]"
4.881,-1.94,4.579854768021662,7.787734374999999,0.7483333349227905,7.787734374999999,True,0.965,1681,7.240638007284079,9.29584143326725,1.94,"(1.5, 2.5]"
4.881,-1.74,4.165408134460449,6.815078124999999,0.7713366746902466,6.815078124999999,True,0.916,1681,6.8729786680541105,9.581590295351424,1.74,"(1.5, 2.5]"
4.881,-1.54,5.014931678771973,7.119843749999999,0.7713366746902466,7.119843749999999,True,1.012,2841,7.593290842872008,9.581590295351424,1.54,"(1.5, 2.5]"
4.881,-1.34,5.014931678771973,10.459296875,0.9697441458702087,12.046511128822468,True,1.563,1640,11.727582596253901,12.046219766193802,1.34,"(1.0, 1.5]"
4.881,-1.14,3.6173274517059326,11.341171874999999,0.8917368054389954,11.341171874999999,True,1.4365,1640,10.778421240894902,11.077207918880768,1.14,"(1.0, 1.5]"
4.881,-0.94,3.6173274517059326,12.12578125,1.1537836790084839,14.33271650942216,True,1.966,1640,14.75139308012487,14.33236985154641,0.94,"(0.5, 1.0]"
4.881,-0.74,3.6173274517059326,11.464374999999999,1.2222000360488892,15.182609143464461,True,2.1535,1640,16.158252796566078,15.182241929682585,0.74,"(0.5, 1.0]"
4.881,-0.54,3.3980960845947266,13.124374999999999,1.2222000360488892,15.182609143464461,True,1.9845,1640,14.890203238813736,15.182241929682585,0.54,"(0.5, 1.0]"
4.881,-0.34,3.3980960845947266,13.42265625,1.416541576385498,17.59678976876395,True,2.21,2481,16.582186524453693,17.596364164465058,0.34,"(-0.001, 0.5]"
4.881,-0.14,3.8913679122924805,16.40546875,1.830674409866333,22.741297016973082,True,3.562,1681,26.726582986472422,22.74074698518319,0.14,"(-0.001, 0.5]"
4.881,0.06,3.8913679122924805,12.158203125,2.13785719871521,26.55723228217652,True,3.39,1681,25.436023673257026,26.556589956367407,0.06,"(-0.001, 0.5]"
4.881,0.26,4.686083793640137,9.68765625,2.0239999294281006,25.142856266187586,True,3.627,1681,27.21429435483871,25.14224814914726,0.26,"(-0.001, 0.5]"
4.881,0.46,8.608243010097876,12.534296874999999,2.0239999294281006,25.142856266187586,True,1.961,1681,14.713876821019772,25.14224814914726,0.46,"(-0.001, 0.5]"
4.881,0.66,8.608243010097876,10.861328125,1.2464215755462646,15.483497832872853,True,1.748,3157,13.11568418314256,15.483123341654501,0.66,"(0.5, 1.0]"
4.881,0.86,8.608243010097876,7.8979687499999995,0.999918520450592,12.421348080131578,True,1.199,1681,8.996398933402705,12.421047651518721,0.86,"(0.5, 1.0]"
4.881,1.06,8.608243010097876,8.403749999999999,0.8610000014305115,8.403749999999999,True,1.179,1681,8.84633389698231,10.695393501569319,1.06,"(1.0, 1.5]"
4.881,1.26,8.608243010097876,5.6576171875,0.6671755909919739,5.6576171875,True,0.882,1722,6.617868106139438,8.287695085302653,1.26,"(1.0, 1.5]"
4.881,1.46,8.608243010097876,4.7173828124999995,0.6671755909919739,4.7173828124999995,True,0.763,1681,5.724981139438086,8.287695085302653,1.46,"(1.0, 1.5]"
4.881,1.66,8.056775093078613,4.7044140625,0.5458043813705444,4.7044140625,True,0.751,1681,5.634942117585848,6.780014661950864,1.66,"(1.5, 2.5]"
4.881,1.86,8.056775093078613,3.2146289062499998,0.44999998807907104,3.2146289062499998,True,0.55,2173,4.126788501560875,5.5899267598266125,1.86,"(1.5, 2.5]"
4.881,2.06,8.056775093078613,3.61828125,0.3970000147819519,3.61828125,True,0.544,1640,4.081768990634756,4.931557922377656,2.06,"(1.5, 2.5]"
4.881,2.26,8.056775093078613,4.0430078125,0.3790000081062317,4.0430078125,True,0.626,1600,4.697035639958377,4.707960763135096,2.26,"(1.5, 2.5]"
4.881,2.46,8.056775093078613,2.89365234375,0.3790000081062317,2.89365234375,True,0.457,1640,3.4289860822060354,4.707960763135096,2.46,"(1.5, 2.5]"
4.881,2.66,8.056775093078613,2.5645703125,0.3499999940395355,2.5645703125,True,0.433,1640,3.2489080385015607,4.347720854332501,2.66,"(2.5, 6.0]"
5.081,-5.34,2.027895927429199,1.368203125,0.16699999570846558,1.368203125,True,0.207,1681,1.5531731269510927,2.0744839325143483,5.34,"(2.5, 6.0]"
5.081,-5.14,2.027895927429199,1.025341796875,0.15000000596046448,1.025341796875,True,0.192,1681,1.4406243496357962,1.863309043344281,5.14,"(2.5, 6.0]"
5.081,-4.94,2.027895927429199,1.307412109375,0.1589999943971634,1.307412109375,True,0.185,1681,1.3881015868886577,1.9751074378624456,4.94,"(2.5, 6.0]"
5.081,-4.74,2.027895927429199,1.247431640625,0.1720000058412552,1.247431640625,True,0.199,2993,1.4931471123829345,2.1365943573612345,4.74,"(2.5, 6.0]"
5.081,-4.54,2.027895927429199,1.3390234374999999,0.1720000058412552,1.3390234374999999,True,0.215,1681,1.6131991415192508,2.1365943573612345,4.54,"(2.5, 6.0]"
5.081,-4.34,2.027895927429199,1.6356835937499998,0.16899999976158142,2.0993788790258563,False,0.216,1722,1.6207023933402707,2.0993281024531028,4.34,"(2.5, 6.0]"
5.081,-4.14,1.7264518737792969,1.5035644531249999,0.17000000178813934,1.5035644531249999,True,0.252,1681,1.8908194588969824,2.11175018742248,4.14,"(2.5, 6.0]"
5.081,-3.94,1.7264518737792969,1.8431835937499998,0.20399999618530273,1.8431835937499998,True,0.289,1681,2.1684397762747136,2.5341001508657297,3.94,"(2.5, 6.0]"
5.081,-3.74,2.356743812561035,2.1155273437499997,0.22300000488758087,2.1155273437499997,True,0.317,2583,2.3785308272632677,2.770119395077667,3.74,"(2.5, 6.0]"
5.081,-3.54,2.356743812561035,2.0328515625,0.22300000488758087,2.0328515625,True,0.297,1681,2.228465790842872,2.770119395077667,3.54,"(2.5, 6.0]"
5.081,-3.34,2.356743812561035,2.185234375,0.2240000069141388,2.185234375,True,0.315,1681,2.363524323621228,2.782541480047044,3.34,"(2.5, 6.0]"
5.081,-3.14,2.356743812561035,2.2046875,0.23100000619888306,2.2046875,True,0.353,1681,2.6486478928199793,2.8694958897295697,3.14,"(2.5, 6.0]"
5.081,-2.94,2.356743812561035,2.4251562499999997,0.2879999876022339,2.4251562499999997,True,0.363,1681,2.723680411030177,3.577553067056035,2.94,"(2.5, 6.0]"
5.081,-2.74,2.356743812561035,2.3133007812499997,0.296999990940094,3.6894408812434034,False,0.374,1681,2.8062161810613944,3.6893516466773146,2.74,"(2.5, 6.0]"
5.081,-2.54,4.579854768021662,2.9341796875,0.296999990940094,3.6894408812434034,False,0.434,2706,3.2564112903225806,3.6893516466773146,2.54,"(2.5, 6.0]"
5.081,-2.34,4.579854768021662,3.4723828125,0.34599998593330383,3.4723828125,True,0.503,1681,3.774135665972945,4.2980325144549925,2.34,"(1.5, 2.5]"
5.081,-2.14,4.579854768021662,3.4691406249999996,0.37299999594688416,3.4691406249999996,True,0.468,1681,3.5115218522372533,4.633428253318833,2.14,"(1.5, 2.5]"
5.081,-1.94,4.579854768021662,6.1893359375,0.592287540435791,6.1893359375,True,0.9,1681,6.752926638917795,7.357431243336289,1.94,"(1.5, 2.5]"
5.081,-1.74,4.165408134460449,5.3171875,0.5466896295547485,5.3171875,True,0.725,1681,5.439857570239334,6.791011267828776,1.74,"(1.5, 2.5]"
5.081,-1.54,5.014931678771973,6.4551953125,0.5466896295547485,6.4551953125,True,0.865,2870,6.4903128251821025,6.791011267828776,1.54,"(1.5, 2.5]"
5.081,-1.34,5.014931678771973,7.61265625,0.6726906895637512,7.61265625,True,1.132,1681,8.49368106139438,8.35620396953854,1.34,"(1.0, 1.5]"
5.081,-1.14,3.6173274517059326,8.77984375,0.864519476890564,8.77984375,True,1.239,1681,9.296529006243498,10.739112636182371,1.14,"(1.0, 1.5]"
5.081,-0.94,3.6173274517059326,12.015546875,1.1021428108215332,13.691215041261282,True,1.99,1681,14.931471123829345,13.690883899044138,0.94,"(0.5, 1.0]"
5.081,-0.74,3.6173274517059326,12.294374999999999,1.4415645599365234,17.907634284925756,True,2.46,1681,18.457999479708636,17.907201162394042,0.74,"(0.5, 1.0]"
5.081,-0.54,3.3980960845947266,5.1972265625,1.4415645599365234,17.907634284925756,True,2.519,1681,18.900691337148803,17.907201162394042,0.54,"(0.5, 1.0]"
5.081,-0.34,3.3980960845947266,13.5653125,1.6076451539993286,19.970747254650043,True,2.259,2501,16.949845863683663,19.970264232690052,0.34,"(-0.001, 0.5]"
5.081,-0.14,3.8913679122924805,14.07109375,1.6271905899047852,20.21354770068056,True,2.491,1681,18.69060028616025,20.21305880623388,0.14,"(-0.001, 0.5]"
5.081,0.06,3.8913679122924805,15.406875,2.03676176071167,25.301388331821986,True,2.825,1681,21.196686394380855,25.300776380449975,0.06,"(-0.001, 0.5]"
5.081,0.26,4.686083793640137,14.83625,1.7680000066757202,21.96273300218286,True,2.372,1681,17.797713319458897,21.9622018011113,0.26,"(-0.001, 0.5]"
5.081,0.46,8.608243010097876,14.2915625,1.7680000066757202,21.96273300218286,True,2.289,1681,17.174943418314257,21.9622018011113,0.46,"(-0.001, 0.5]"
5.081,0.66,8.608243010097876,11.989609374999999,1.3140416145324707,16.32349831717355,False,1.839,3157,13.798480098855359,16.32310350930529,0.66,"(0.5, 1.0]"
5.081,0.86,8.608243010097876,8.624218749999999,1.038835048675537,12.904783213360709,False,1.397,1681,10.48204279396462,12.904471092156554,0.86,"(0.5, 1.0]"
5.081,1.06,8.608243010097876,7.7553125,0.8340826630592346,9.36099078634511,False,1.152,1681,8.643746097814775,10.361024714789552,1.06,"(1.0, 1.5]"
5.081,1.26,8.608243010097876,6.387109375,0.6545961499214172,6.387109375,True,0.962,1722,7.21812825182102,8.131432516132072,1.26,"(1.0, 1.5]"
5.081,1.46,8.608243010097876,5.20046875,0.6545961499214172,5.20046875,True,0.736,1681,5.522393340270551,8.131432516132072,1.46,"(1.0, 1.5]"
5.081,1.66,8.056775093078613,4.3348046875,0.4997337758541107,4.3348046875,True,0.658,1681,4.93713969823101,6.207722845417579,1.66,"(1.5, 2.5]"
5.081,1.86,8.056775093078613,4.1337890625,0.45399999618530273,4.1337890625,True,0.637,2214,4.779571409989594,5.6396150997041214,1.86,"(1.5, 2.5]"
5.081,2.06,8.056775093078613,3.32,0.3840000033378601,3.32,True,0.513,1681,3.8491681841831427,4.770071002878867,2.06,"(1.5, 2.5]"
5.081,2.26,8.056775093078613,3.9781640625,0.3979620337486267,3.9781640625,True,0.612,1640,4.5919901144640995,4.943508179505955,2.26,"(1.5, 2.5]"
5.081,2.46,8.056775093078613,2.6375195312499997,0.3979620337486267,4.943627748430146,False,0.415,1681,3.1138495057232047,4.943508179505955,2.46,"(1.5, 2.5]"
5.081,2.66,8.056775093078613,2.32951171875,0.3190000057220459,3.9627329903359736,False,0.384,1681,2.8812486992715924,3.9626371457973835,2.66,"(2.5, 6.0]"
